className,LOC,LCOM,WMC,RFC,CBO,NOM,NOA,DIT,NOC
"org.apache.openjpa.lib.util.J2DoPrivHelper",61.3,860.8,32.5,7,2.7,11.2,0,0,0
"org.codehaus.plexus.util.IOUtilTest",27.8410732714138,941.175438596491,14.7626418988648,21.937048503612,0.842105263157894,7.36532507739938,0,0,0
"org.apache.ode.bpel.compiler.CommonCompilationMessages",2.7090909090909,43.4666666666667,2.76363636363636,0.721212121212123,-0.151515151515151,0.721212121212123,0,0,0
"org.apache.james.mime4j.message.MessageBuilder",2.5296442687747,36.6877470355731,1.99040090344438,0.141163184641446,0.688876341050254,0.527950310559006,0.0835686053077358,0,0
"org.apache.oozie.WorkflowActionBean",43.0045112781955,313.551879699248,12.9015037593985,7.42481203007519,0.696240601503759,6.70451127819549,1.67443609022556,-0.0721804511278196,0
"org.apache.jackrabbit.rmi.client.ClientNode",26.3928571428571,-1.71428571428571,8.25,7.92857142857143,-2.39285714285714,2.25,0,0,0.214285714285714
"org.apache.jackrabbit.rmi.server.ServerNode",12.3357843137255,0,3.61519607843137,4.1078431372549,-0.34313725490196,0.678921568627453,-1.7951242347146e-17,-1.7951242347146e-17,0.132352941176471
"org.ofbiz.entity.GenericDelegator",1.81127554615927,26.6,1.26568005637773,0,0.28816067653277,0.432346723044397,0.207892882311487,0,0
"org.apache.juddi.v3.client.mapping.MapUDDIv3Tov2",243.5,341,60,122,13,17.5,0,0,0
"org.apache.maven.scm.provider.ScmProvider",6.36397058823529,41.769050802139,5.2927807486631,0,0.568181818181818,1.58723262032086,-2.7284473653853e-17,0,0
"org.apache.maven.scm.provider.ScmProviderStub",25.3181818181818,237.318181818182,12.4727272727273,3.82727272727273,0.4,4.86363636363637,0.690909090909092,0,0
"org.apache.maven.plugin.failsafe.IntegrationTestMojo",1.99777327935223,29.8038461538462,0.853846153846154,0.119230769230769,-0.556477732793522,0.480769230769231,0.0676113360323888,-5.33333889735378e-18,0
"org.jclouds.rest.internal.RestAnnotationProcessorTest",10.6,130.685714285714,3.74285714285713,6.97142857142855,1.31428571428571,1.51428571428571,-1.55398852058345e-16,0,0
"org.apache.openejb.jee.SessionBean",9.22077922077922,151.153246753247,4.3974025974026,1.28961038961039,0.318181818181818,1.98051948051948,0.389610389610389,0,-0.0467532467532468
"org.apache.openejb.test.entity.bmp.BmpRmiIiopTests",-15,0,-2.30000000000001,-10.4,0.2,-0.9,1.98602732259782e-16,9.93013661298909e-17,0
"org.apache.openejb.test.entity.cmp2.Cmp2RmiIiopTests",20.4999999999998,0,5.99999999999996,7.99999999999998,0.499999999999999,1.49999999999999,0,0,0
"org.apache.openejb.test.entity.cmp.CmpRmiIiopTests",8.20000000000001,0,2.39999999999999,3.19999999999998,0.2,0.6,1.98602732259782e-16,9.93013661298909e-17,0
"org.apache.openejb.test.stateful.StatefulRmiIiopTests",-15,0,-2.30000000000001,-10.4,0.2,-0.9,1.98602732259782e-16,9.93013661298909e-17,0
"org.apache.openejb.test.stateless.StatelessRmiIiopTests",8.20000000000001,0,2.39999999999999,3.19999999999998,0.2,0.6,1.98602732259782e-16,9.93013661298909e-17,0
"org.apache.mina.codec.IoBuffer",96.2738095238095,153.690476190476,27.6666666666667,26.9404761904762,-0.0119047619047615,9.55952380952381,-0.357142857142857,0,0
"org.apache.log4j.LogMF",245.6,1398.5,85.1,114.6,0.4,25.4,1.6,0.3,0
"org.odftoolkit.odfdom.dom.element.text.OdfHeadingElement",312.4,2538,73.5,96,9.3,36,0.0999999999999999,0,0.1
"org.odftoolkit.odfdom.dom.element.text.OdfHyperlinkElement",312.4,2754,73.5,96,9.3,36,0.0999999999999999,0,0.2
"org.odftoolkit.odfdom.dom.element.text.OdfMetaElement",516,4224.5,121.5,159,15.5,59.5,-3.14018491736755e-16,0,-0.500000000000001
"org.odftoolkit.odfdom.dom.element.text.OdfMetaFieldElement",516,3927,121.5,159,15.5,59.5,-3.14018491736755e-16,0,-0.5
"org.odftoolkit.odfdom.dom.element.text.OdfParagraphElement",310,2177.4,72.9,95.4,9.3,35.7,0.0999999999999999,0,0.1
"org.odftoolkit.odfdom.dom.element.text.OdfRubyBaseElement",310,2177.4,72.9,95.4,9.3,35.7,0.0999999999999999,0,0.1
"org.odftoolkit.odfdom.dom.element.text.OdfSpanElement",310,2320.5,72.9,95.4,9.3,35.7,0.0999999999999999,0,0.2
