className,LOC,LCOM,WMC,RFC,CBO,NOM,NOA,DIT,NOC
"org.codehaus.plexus.util.IOUtilTest",27.8410732714138,941.175438596491,14.7626418988648,21.937048503612,0.842105263157894,7.36532507739938,0,0,0
"org.apache.logging.log4j.spi.AbstractLogger",2.26700404858301,0,0.614979757085015,2.30910931174089,-0.00728744939271254,0.268421052631581,0.159716599190283,0,-0.012753036437247
"org.apache.james.imap.mailbox.SearchQuery",830,-20.9999999999999,1.00000000000001,1,1,1.00000000000001,4,0,0
"org.apache.webbeans.portable.AnnotatedTypeImplTest",232,9,12,18,2,5,5,0,0
