artefactName;numberOfCommits;diffTime
org.apache.james.protocols.smtp.AbstractSMTPServerTest;0;0
org.apache.james.imap.decode.parser.SearchCommandParserSearchKeyTest;0;0
org.apache.james.protocols.smtp.SMTPServerTest;0;0
org.apache.james.imap.main.ContextualLog;0;0
org.apache.openjpa.conf.OpenJPAConfiguration;0;0
org.apache.openjpa.persistence.entityoperation.TestCascades;0;0
org.apache.openjpa.lib.util.J2DoPrivHelper;3;3198708
org.codehaus.plexus.util.StringUtilsTest;3;194848
org.apache.maven.archetype.generator.DefaultArchetypeGeneratorTest;8;5848538
org.codehaus.plexus.util.IOUtilTest;17;691887
org.apache.ode.utils.LoggingStatementWrapper;0;0
com.hp.hpl.jena.sparql.lang.arq.ARQParserConstants;0;0
org.openjena.atlas.json.io.parserjavacc.javacc.JSON_ParserTokenManager;0;0
com.hp.hpl.jena.sparql.lang.sparql_10.SPARQLParser10TokenManager;0;0
com.hp.hpl.jena.sparql.lang.sparql_11.SPARQLParser11Constants;0;0
org.apache.jena.atlas.json.io.parserjavacc.javacc.JSON_ParserTokenManager;0;0
org.apache.jena.security.model.SecuredModel;0;0
com.hp.hpl.jena.sparql.lang.arq.ARQParserTokenManager;0;0
com.hp.hpl.jena.sparql.lang.sparql_11.SPARQLParser11TokenManager;0;0
com.hp.hpl.jena.sparql.sse.lang.parser.SSE_ParserCoreTokenManager;0;0
org.apache.log4j.TestLogSF;0;0
org.apache.log4j.LogMF;0;0
org.apache.log4j.TestLogMF;0;0
org.apache.james.mime4j.message.MessageBuilder;21;181936416
org.apache.oozie.test.XDataTestCase;6;114
org.apache.oozie.WorkflowActionBean;12;61503574
org.apache.oozie.action.hadoop.TestJavaActionExecutor;34;32053980
org.apache.oozie.servlet.V1JobServlet;2;268
org.apache.oozie.service.TestCallableQueueService;13;11925461
org.apache.oozie.command.TestPurgeXCommand;0;0
org.apache.oozie.client.OozieClient;12;616
org.apache.oozie.CoordinatorJobBean;30;76791050
org.apache.oozie.service.TestStatusTransitService;10;189
org.apache.oozie.tools.FakeConnection;0;0
org.apache.maven.shared.utils.StringUtilsTest;0;0
org.apache.maven.shared.utils.io.IOUtilTest;0;0
org.apache.jackrabbit.rmi.server.ServerNode;5;5349779
org.apache.jackrabbit.core.cluster.FileJournal;1;349468
org.apache.jackrabbit.commons.query.sql2.QOMFormatter;0;0
org.apache.jackrabbit.core.search.jcrql.JCRQLParserTokenManager;0;0
org.apache.jackrabbit.commons.cnd.CompactNodeTypeDefReader;0;0
org.apache.jackrabbit.spi.rmi.client.ClientRepositoryService;0;0
org.apache.jackrabbit.spi.rmi.server.ServerRepositoryService;0;0
org.apache.jackrabbit.rmi.client.ClientNode;6;5349779
org.apache.jackrabbit.spi.commons.query.sql.JCRSQLParserTokenManager;0;0
org.apache.jackrabbit.spi.commons.logging.RepositoryServiceLogger;2;4237591
org.apache.jackrabbit.spi.commons.query.xpath.XPath;0;0
org.apache.jackrabbit.spi.commons.query.sql2.QOMFormatter;0;0
org.apache.jackrabbit.core.search.jcrql.JCRQLParser;0;0
org.apache.maven.archetype.generator.DefaultArchetypeGeneratorTest;0;0
org.apache.oodt.cas.catalog.query.parser.QueryParserTokenManager;0;0
gov.nasa.jpl.oodt.cas.catalog.query.parser.QueryParserTokenManager;0;0
org.apache.jorphan.collections.HashTree;0;0
org.apache.lucene.benchmark.byTask.feeds.demohtml.HTMLParserTokenManager;0;0
org.apache.fontbox.ttf.OS2WindowsMetricsTable;0;0
org.fontbox.afm.AFMParser;0;0
org.apache.pdfbox.cos.COSName;5;45182122
org.apache.pdfbox.pdmodel.documentinterchange.taggedpdf.PDLayoutAttributeObject;0;0
org.apache.fontbox.afm.AFMParser;0;0
org.fontbox.ttf.OS2WindowsMetricsTable;0;0
org.apache.juddi.api_v3.ObjectFactory;6;137861394
org.apache.juddi.v3.client.mapping.MapUDDIv2Tov3;2;120567
org.apache.juddi.v3.client.mapping.MapUDDIv3Tov2;2;120567
org.uddi.api_v2.ObjectFactory;0;0
org.apache.logging.log4j.Logger;26;44865302
org.apache.logging.log4j.AbstractLoggerTest;5;15554138
org.apache.logging.log4j.spi.AbstractLoggerProvider;0;0
org.apache.logging.log4j.core.layout.RFC5424Layout;48;49729651
org.apache.lenya.cms.publication.DocumentManagerImpl;11;2916886
org.apache.lenya.cms.repository.SourceNode;18;10795248
org.lenya.lucene.html.HTMLParserTokenManager;0;0
org.wyona.lucene.html.HTMLParserTokenManager;0;0
org.apache.lenya.lucene.html.HTMLParserTokenManager;0;0
org.apache.lenya.cms.cocoon.source.SourceUtil;18;138960004
org.apache.lenya.cms.publication.DefaultDocument;63;61169781
org.apache.lenya.cms.site.SiteUtil;18;41904370
org.json.JSONArray;0;0
org.apache.commons.httpclient.TestProxy;0;0
org.apache.solr.parser.QueryParserTokenManager;0;0
org.apache.lucene.util.automaton.Automaton;0;0
org.apache.lucene.queryparser.classic.QueryParserTokenManager;0;0
org.apache.lucene.queryparser.surround.parser.QueryParserTokenManager;0;0
org.apache.lucene.queryparser.flexible.standard.parser.StandardSyntaxParserTokenManager;0;0
org.apache.lucene.util.automaton.RegExp;5;132584561
org.apache.lucene.benchmark.byTask.feeds.demohtml.HTMLParserTokenManager;0;0
org.apache.maven.scm.provider.ScmProviderStub;18;133048119
org.apache.vxquery.serializer.XMLSerializer;0;0
org.apache.maven.plugin.failsafe.IntegrationTestMojo;38;41601052
org.apache.james.imap.mailbox.SearchQuery;1;271115
org.apache.james.imap.encode.FetchResponseEncoderEnvelopeTest;0;0
org.apache.james.test.functional.imap.builder.ScriptBuilder;0;0
org.apache.james.imap.functional.builder.ScriptBuilder;0;0
org.apache.james.imap.decode.imap4rev1.SearchCommandParser;0;0
org.apache.james.imap.functional.builder.CreateScript;0;0
org.apache.james.test.functional.imap.builder.CreateScript;0;0
org.apache.james.imap.decode.parser.SearchCommandParserSearchKeyTest;0;0
org.apache.james.imap.decode.imap4rev1.SearchCommandParserSearchKeyTest;0;0
org.apache.james.imap.main.ContextualLog;2;60606622
org.apache.james.imap.decode.parser.SearchCommandParser;0;0
org.apache.james.imap.encode.imap4rev1.FetchResponseEncoderEnvelopeTest;1;9762336
org.apache.james.mailbox.SearchQuery;0;0
org.jclouds.cloudstack.domain.Network;2;1096627
org.jclouds.rackspace.cloudservers.CloudServersClientTest;0;0
org.jclouds.rackspace.cloudservers.CloudServersConnectionTest;10;557213
org.jclouds.rest.internal.RestAnnotationProcessorTest;0;0
org.jclouds.cloudstack.domain.ISO;0;0
org.jclouds.rackspace.cloudservers.CloudServersAsyncClientTest;0;0
org.jclouds.rest.JaxrsAnnotationProcessorTest;7;4581159
org.jclouds.cloudstack.domain.Template;2;1096627
org.jclouds.compute.options.TemplateOptions;21;57209807
org.jclouds.cloudstack.domain.Account;3;37803003
org.jclouds.rest.RestAnnotationProcessorTest;0;0
org.jclouds.codegen.ec2.queryapi.parser.AmazonEC2QueryAPIParserTest;0;0
org.jclouds.cloudstack.domain.VirtualMachine;0;0
org.apache.hadoop.zebra.types.TableStorageParserTokenManager;0;0
org.apache.pig.test.utils.GenPhyOp;5;36976263
org.apache.pig.test.TestMultiQuery;0;0
org.apache.hadoop.zebra.types.TableSchemaParserTokenManager;0;0
org.apache.hadoop.zebra.types.TableSchemaParser;0;0
org.apache.olingo.odata4.server.core.testutil.EdmTechProvider;0;0
org.apache.olingo.odata4.producer.core.testutil.EdmTechProvider;5;1020833
org.apache.olingo.server.core.testutil.EdmTechProvider;0;0
org.apache.openejb.test.singleton.SingletonRmiIiopTests;0;0
org.apache.openejb.jee.oej2.ObjectFactory;0;0
org.openejb.util.Logger;15;77646452
org.apache.openejb.test.entity.cmp.CmpRmiIiopTests;0;0
org.openejb.test.entity.cmp2.Cmp2RmiIiopTests;0;0
org.apache.openejb.util.proxy.LocalBeanProxyGeneratorImplTest;0;0
org.apache.openejb.jee.oejb2.ObjectFactory;0;0
org.openejb.alt.config.Deploy;41;127457717
org.openejb.alt.config.ConfigurationFactory;51;127457717
org.apache.openejb.util.Logger;0;0
org.apache.openejb.test.stateless.StatelessRmiIiopTests;0;0
org.apache.openejb.jee.jba.cmp.ObjectFactory;0;0
org.apache.openejb.test.entity.cmp2.Cmp2RmiIiopTests;0;0
org.apache.openejb.jee.wls.ObjectFactory;0;0
org.apache.openejb.test.stateful.StatefulRmiIiopTests;0;0
org.apache.openejb.test.entity.bmp.BmpRmiIiopTests;0;0
org.apache.james.mailbox.model.SimpleMailboxACL;2;1068720
org.apache.james.mailbox.model.SearchQuery;0;0
org.apache.james.mailbox.lucene.search.LuceneMessageSearchIndexTest;2;356980
backtype.storm.Config;34;46784731
org.apache.maven.plugin.assembly.archive.archiver.AssemblyProxyArchiver;3;33371027
org.apache.maven.plugins.help.DescribeMojo;1;8487444
org.apache.pivot.xml.Element;4;85451
org.apache.pivot.wtk.TableView;49;23188248
org.apache.pivot.tools.wtk.ComponentStyleInspectorSkin;0;0
pivot.wtk.Component;58;9082395
org.apache.pivot.tools.wtk.ComponentPropertyInspectorSkin;0;0
org.apache.pivot.tools.wtk.ComponentInspectorSkin;5;345102
org.apache.mina.common.IoBuffer;9;3589795
org.apache.mina.common.buffer.IoBuffer;0;0
org.apache.mina.core.buffer.IoBuffer;0;0
org.apache.mina.common.buffer.IoBufferWrapper;0;0
org.apache.mina.codec.IoBuffer;6;5692584
org.apache.mina.common.IoBufferWrapper;5;4461762
org.apache.mina.filter.statistic.ProfilerTimerFilter;12;38928177
org.apache.mina.core.buffer.IoBufferWrapper;0;0
org.apache.maven.reporting.sink.MultiPageSink;0;0
org.apache.marmotta.commons.vocabulary.SCHEMA;0;0
org.apache.log4j.TestLogSF;0;0
org.apache.log4j.LogSF;0;0
org.apache.log4j.LogMF;3;85470969
org.apache.log4j.TestLogMF;0;0
org.apache.jsieve.AddressTest;0;0
org.apache.jsieve.EnvelopeTest;0;0
org.apache.maven.doxia.sink.SinkEventTestingSink;0;0
org.apache.maven.doxia.sink.TextSink;0;0
org.apache.maven.doxia.validation.AdvicedSink;0;0
org.apache.maven.doxia.sink.Sink;10;72102271
org.apache.maven.doxia.sink.WellformednessCheckingSink;0;0
org.apache.webbeans.util.ClassUtil;39;36310556
org.apache.webbeans.xml.XMLUtil;5;2526294
org.odftoolkit.odfdom.dom.element.text.OdfRubyBaseElement;3;2624
org.odftoolkit.odfdom.dom.element.dr3d.Dr3dSceneElement;0;0
org.odftoolkit.odfdom.dom.element.style.OdfFontFaceElement;0;0
org.odftoolkit.odfdom.dom.element.text.TextBibliographyMarkElement;0;0
org.odftoolkit.odfdom.dom.element.office.OdfDocumentElement;3;2094
org.odftoolkit.odfdom.dom.element.text.OdfSpanElement;3;2624
org.odftoolkit.odfdom.dom.element.style.StyleParagraphPropertiesElement;0;0
org.odftoolkit.odfdom.dom.element.draw.DrawEnhancedGeometryElement;0;0
org.odftoolkit.odfdom.dom.element.style.StyleTableCellPropertiesElement;0;0
org.odftoolkit.odfdom.dom.element.text.OdfParagraphElement;3;2624
org.odftoolkit.odfdom.dom.element.anim.AnimTransitionFilterElement;1;390
org.odftoolkit.odfdom.dom.element.anim.AnimSeqElement;9;4383
org.odftoolkit.odfdom.dom.element.style.StyleChartPropertiesElement;0;0
org.odftoolkit.odfdom.dom.element.text.OdfHeadingElement;3;2624
org.odftoolkit.odfdom.dom.element.office.OdfTextElement;3;2094
org.odftoolkit.odfdom.dom.element.style.StyleTextPropertiesElement;0;0
org.odftoolkit.odfdom.dom.element.text.TextHElement;0;0
org.odftoolkit.odfdom.dom.element.text.TextSpanElement;0;0
org.odftoolkit.odfdom.dom.element.text.OdfHyperlinkElement;3;2624
org.odftoolkit.odfdom.dom.element.text.TextMetaFieldElement;0;0
org.odftoolkit.odfdom.dom.element.anim.AnimIterateElement;0;0
org.odftoolkit.odfdom.dom.element.style.StylePageLayoutPropertiesElement;0;0
org.odftoolkit.odfdom.dom.element.draw.OdfEnhancedGeometryElement;0;0
org.odftoolkit.odfdom.dom.DefaultElementVisitor;0;0
org.odftoolkit.odfdom.dom.element.form.FormFormElement;0;0
org.odftoolkit.odfdom.dom.element.style.StyleHeaderFooterPropertiesElement;0;0
org.odftoolkit.odfdom.dom.element.office.OfficeDocumentElement;0;0
org.odftoolkit.odfdom.dom.element.text.TextRubyBaseElement;0;0
org.odftoolkit.odfdom.dom.element.text.TextMetaElement;0;0
org.odftoolkit.odfdom.dom.element.style.StyleGraphicPropertiesElement;0;0
org.odftoolkit.odfdom.dom.element.anim.AnimAnimateColorElement;0;0
org.openoffice.odf.dom.element.style.OdfFontFaceElement;0;0
org.odftoolkit.odfdom.dom.element.style.StyleDrawingPagePropertiesElement;0;0
org.odftoolkit.odfdom.dom.element.anim.AnimParElement;9;4383
org.odftoolkit.odfdom.dom.element.text.TextPElement;0;0
org.odftoolkit.odfdom.dom.element.draw.DrawPageElement;0;0
org.odftoolkit.odfdom.dom.element.office.OfficeTextElement;0;0
org.odftoolkit.odfdom.dom.element.text.TextSectionElement;0;0
org.odftoolkit.odfdom.dom.element.form.OdfFormElement;6;1964
org.odftoolkit.odfdom.dom.element.style.StyleFontFaceElement;0;0
org.odftoolkit.odfdom.dom.element.text.TextAElement;0;0
org.odftoolkit.odfdom.dom.element.text.OdfMetaElement;2;1622
org.odftoolkit.odfdom.dom.element.anim.AnimAnimateMotionElement;0;0
org.openoffice.odf.dom.element.draw.OdfEnhancedGeometryElement;0;0
org.odftoolkit.odfdom.dom.element.text.OdfMetaFieldElement;2;1622
org.apache.isis.metamodel.facets.actions.ActionMethodsFacetFactoryTest;0;0
org.apache.isis.core.progmodel.facets.collections.CollectionFieldMethodsFacetFactoryTest;6;6011350
org.apache.isis.objectstore.nosql.db.file.server.FileServer;0;0
org.apache.isis.runtimes.dflt.objectstores.nosql.db.file.server.FileServer;0;0
org.apache.isis.runtimes.dflt.objectstores.nosql.file.server.FileServer;3;6604843
org.apache.isis.core.progmodel.facets.actions.ActionMethodsFacetFactoryTest;0;0
org.apache.olingo.odata2.core.ep.consumer.XmlMetadataConsumer;0;0
tajo.index.TestBSTIndex;5;8424238
org.apache.tajo.storage.index.TestBSTIndex;9;14786932
org.apache.lucene.util.automaton.Automaton;0;0
org.apache.lucene.queryparser.classic.QueryParserTokenManager;0;0
org.apache.lucene.queryparser.surround.parser.QueryParserTokenManager;0;0
org.apache.lucene.queryparser.flexible.standard.parser.StandardSyntaxParserTokenManager;0;0
org.apache.lucene.benchmark.byTask.feeds.demohtml.HTMLParserTokenManager;0;0
org.apache.mahout.cf.taste.impl.model.mongodb.MongoDBDataModel;0;0
org.apache.mahout.matrix.MatrixTest;11;50983961
org.apache.mahout.jet.math.IntFunctions;0;0
org.apache.mahout.math.MatrixTest;0;0
