artefactName;numberOfCommits;diffTime
org.apache.maven.index.creator.OsgiArtifactIndexCreator;1;372366
org.apache.maven.index.context.IndexingContext;2;4728215
org.apache.james.imap.api.display.HumanReadableText;0;0
org.apache.james.imap.api.message.MessageFlags;0;0
org.apache.james.protocols.smtp.SMTPRetCode;0;0
org.apache.openjpa.kernel.exps.QueryExpressions;0;0
org.apache.openjpa.kernel.PCState;0;0
org.apache.openjpa.jdbc.conf.JDBCConfigurationImpl;0;0
org.apache.openjpa.event.LifecycleEvent;0;0
org.apache.openjpa.conf.OpenJPAConfiguration;0;0
org.apache.openjpa.kernel.OpCallbacks;0;0
org.apache.openjpa.jdbc.sql.DBDictionary;58;43969251
serp.bytecode.lowlevel.Entry;0;0
org.apache.openjpa.jdbc.meta.ReverseMappingTool;6;29973740
org.apache.openjpa.jdbc.schema.SchemaTool;0;0
org.apache.maven.cli.CLIManager;0;0
org.apache.maven.scm.provider.hg.command.HgCommand;0;0
org.apache.maven.project.builder.ProjectUri;0;0
org.apache.maven.mercury.artifact.Qualityimplements;1;1550880
org.apache.maven.doxia.editor.model.DoxiaAttribute;0;0
org.apache.ode.bpel.compiler.bom.Bpel11QNames;0;0
org.apache.ode.bpel.o.OConstants;0;0
org.apache.ode.daohib.bpel.hobj.HLargeData;6;74923033
org.apache.ode.bpel.rtrep.v1.OConstants;0;0
org.apache.ode.jacob.vpu.Statistics;0;0
org.apache.ode.bpel.elang.xpath20.compiler.Constants;5;110221007
org.apache.ode.bpel.rtrep.v2.OScope;0;0
com.fs.jacob.vpu.Statistics;0;0
org.apache.ode.bpel.rtrep.common.extension.ExtensibilityQNames;1;38974723
org.apache.ode.bpel.rtrep.v1.OScope;0;0
org.apache.ode.utils.Namespaces;1;1868477
org.apache.ode.bpel.rtrep.v2.OProcess;0;0
org.opentools.minerva.pool.PoolParameters;0;0
org.apache.ode.bpel.compiler.bom.Bpel20QNames;0;0
org.apache.ode.bpel.o.OProcess;0;0
org.apache.ode.bpel.rtrep.v2.OConstants;0;0
org.apache.ode.bpel.rtrep.v1.OProcess;0;0
org.apache.ode.bpel.rtrep.common.Constants;1;416854
org.apache.ode.il.config.OdeConfigProperties;7;3384017
org.apache.ode.dao.hib.bpel.hobj.HLargeData;0;0
org.apache.ode.bpel.o.OScope;3;9146973
org.apache.hadoop.gateway.util.X500PrincipalParser;0;0
org.apache.hadoop.gateway.GatewayCommandLine;7;41324107
org.apache.jena.riot.RDFFormat;0;0
org.apache.jena.jdbc.remote.RemoteEndpointDriver;0;0
com.hp.hpl.jena.sparql.vocabulary.DOAP;0;0
com.hp.hpl.jena.sparql.vocabulary.TestDAWG;0;0
org.openjena.riot.VocavTestRIOT;0;0
org.apache.jena.riot.VocabTestRIOT;0;0
com.hp.hpl.jena.tdb.sys.Names;0;0
com.hp.hpl.jena.sparql.resultset.XMLResults;0;0
com.hp.hpl.jena.sparql.vocabulary.FOAF;0;0
com.hp.hpl.jena.sparql.vocabulary.EARL;0;0
org.apache.jena.fuseki.server.DatasetRef;3;25597475
org.apache.jena.fuseki.server.FusekiVocab;0;0
com.hp.hpl.jena.sparql.vocabulary.TestManifest;0;0
org.apache.jena.riot.langsuite.VocabLangRDF;0;0
com.hp.hpl.jena.sparql.core.assembler.DatasetAssemblerVocab;0;0
org.apache.jena.fuseki.DEF;0;0
com.hp.hpl.jena.query.ARQ;0;0
org.openjena.riot.TestVocabRIOT;0;0
com.hp.hpl.jena.tdb.setup.SystemParams;0;0
org.apache.jena.riot.web.HttpNames;0;0
com.hp.hpl.jena.sparql.vocabulary.ResultSetGraphVocab;0;0
org.openjena.riot.web.HttpNames;0;0
dbtest.ParamsVocab;0;0
com.hp.hpl.jena.sparql.ARQConstants;0;0
com.hp.hpl.jena.sparql.vocabulary.TestManifestUpdate_11;0;0
com.hp.hpl.jena.sparql.vocabulary.ListPFunction;1;64410249
com.hp.hpl.jena.sparql.graph.NodeConst;0;0
com.hp.hpl.jena.sparql.vocabulary.TestManifestX;0;0
org.apache.log4j.UtilLoggingLevel;0;0
org.apache.log4j.spi.LoggingEventFieldResolver;0;0
org.apache.log4j.lbel.Token;1;17096
org.apache.log4j.varia.LogFilePatternReceiver;0;0
org.apache.log4j.helpers.UtilLoggingLevel;0;0
org.apache.log4j.lbel.TokenStream;0;0
org.apache.joran.action.ActionConst;2;1131872
org.apache.log4j.Priority;3;65281700
org.apache.log4j.chainsaw.LoggingEventFieldResolver;12;7173691
org.apache.log4j.chainsaw.icons.ChainsawIcons;4;7441293
org.osgi.framework.BundleException;0;0
org.osgi.framework.AdminPermission;0;0
org.apache.karaf.main.ConfigProperties;11;48392707
org.apache.karaf.features.EventConstants;0;0
org.apache.karaf.main.lock.GenericJDBCLock;0;0
org.apache.karaf.jaas.modules.ldap.LDAPLoginModule;1;856619
org.apache.karaf.features.internal.repository.StaxParser;0;0
org.apache.wiki.auth.permissions.PagePermission;0;0
org.apache.wiki.auth.LdapConfig;0;0
org.apache.jspwiki.api.WikiContext;2;3321511
com.ecyrd.jspwiki.auth.Users;0;0
com.ecyrd.jspwiki.event.WikiSecurityEvent;0;0
com.ecyrd.jspwiki.ui.PageCommand;0;0
com.ecyrd.jspwiki.plugin.AbstractReferralPlugin;19;201986974
org.apache.wiki.auth.permissions.WikiPermission;0;0
org.apache.wiki.ui.TemplateManager;0;0
com.ecyrd.jspwiki.auth.authorize.JDBCGroupDatabase;0;0
org.apache.wiki.ui.Installer;0;0
com.ecyrd.jspwiki.auth.WikiSecurityEvent;2;382628
org.apache.wiki.ui.PageCommand;0;0
com.ecyrd.jspwiki.content.ContentManager;2;3109645
org.apache.wiki.auth.Users;0;0
org.apache.wiki.auth.authorize.JDBCGroupDatabase;0;0
org.apache.wiki.content.ContentManager;0;0
org.apache.wiki.PageManager;0;0
com.ecyrd.jspwiki.auth.SecurityVerifier;1;1054353
com.ecyrd.jspwiki.filters.SpamFilter;26;95874830
com.ecyrd.jspwiki.ui.Installer;0;0
org.apache.wiki.auth.SecurityVerifier;0;0
org.apache.wiki.WikiContext;0;0
com.ecyrd.jspwiki.WikiContext;12;46130852
org.apache.wiki.preferences.Preferences;6;33177837
org.apache.wiki.filters.SpamFilter;0;0
org.apache.wiki.auth.user.JDBCUserDatabase;0;0
com.ecyrd.jspwiki.auth.permissions.WikiPermission;14;103566008
com.ecyrd.jspwiki.auth.permissions.PagePermission;5;23609193
org.apache.wiki.plugin.AbstractFilteredPlugin;0;0
org.apache.wiki.event.WikiSecurityEvent;0;0
com.ecyrd.jspwiki.auth.user.JDBCUserDatabase;0;0
org.apache.wiki.plugin.AbstractReferralPlugin;0;0
com.ecyrd.jspwiki.ui.TemplateManager;24;74367131
org.apache.pluto.spi.optional.P3PAttributes;0;0
org.apache.pluto.container.PortletInvokerService;1;318641
org.apache.pluto.container.spi.optional.P3PAttributes;0;0
org.apache.pluto.container.P3PAttributes;0;0
org.apache.pluto.Constants;6;105689780
org.apache.pluto.container.Constants;0;0
org.apache.pluto.PlutoConstants;0;0
org.apache.pluto.maven.InstallationDependency;3;13573847
org.apache.pluto.services.optional.P3PAttributes;0;0
org.apache.james.mime4j.field.FieldName;0;0
org.apache.james.mime4j.dom.field.FieldName;0;0
org.apache.james.mime4j.EntityStates;0;0
org.apache.james.mime4j.util.MimeUtil;7;25122037
org.apache.james.mime4j.MimeTokenStream;0;0
org.apache.james.mime4j.parser.EntityStates;0;0
org.apache.james.mime4j.ExampleMail;0;0
org.apache.james.mime4j.field.AbstractField;0;0
org.apache.james.mime4j.field.Field;0;0
org.apache.oozie.test.XTestCase;32;21842382
org.apache.oozie.service.HadoopAccessorService;21;46905036
org.apache.oozie.action.hadoop.OozieJobInfo;0;0
org.apache.oozie.command.coord.CoordSubmitXCommand;25;8590807
org.apache.oozie.servlet.MockCoordinatorEngineService;0;0
org.apache.oozie.util.PropertiesUtils;1;24
org.apache.oozie.action.hadoop.JavaActionExecutor;72;63015251
org.apache.oozie.service.JPAService;5;356
org.apache.oozie.client.XOozieClient;8;36091342
org.apache.ws.scout.registry.RegistryException;0;0
org.apache.ws.scout.registry.RegistryV3Exception;0;0
org.apache.ws.scout.registry.ConnectionFactoryImpl;17;228283751
org.apache.ws.scout.registry.RegistryV3Impl;0;0
org.apache.ws.scout.registry.RegistryImpl;0;0
org.apache.ws.scout.registry.Constants;0;0
org.apache.james.spf.SPF1Utils;0;0
org.apache.spf.SPF1Utils;0;0
org.apache.maven.tools.plugin.extractor.java.JavaMojoDescriptorExtractor;0;0
org.apache.maven.shared.model.ProjectUri;0;0
org.apache.maven.shared.web.test.XPathExpressionUtil;0;0
org.apache.jackrabbit.spi.commons.nodetype.compact.Lexer;0;0
org.apache.jackrabbit.webdav.property.DavPropertyName;0;0
org.apache.jackrabbit.core.nodetype.xml.Constants;0;0
org.apache.jackrabbit.test.api.SerializationContext;0;0
org.apache.jackrabbit.webdav.DavMethods;0;0
org.apache.jackrabbit.spi.commons.query.xpath.XPathTreeConstants;0;0
org.apache.jackrabbit.webdav.transaction.TransactionConstants;0;0
org.apache.jackrabbit.core.config.RepositoryConfigurationParser;0;0
org.apache.jackrabbit.aws.ext.S3Constants;2;17961411
org.apache.jackrabbit.core.query.QueryNode;0;0
org.apache.jackrabbit.spi.commons.query.sql.JCRSQLParserTreeConstants;0;0
org.apache.jackrabbit.commons.webdav.AtomFeedConstants;0;0
org.apache.jackrabbit.webdav.observation.ObservationConstants;0;0
org.apache.jackrabbit.JCRConstants;0;0
org.apache.jackrabbit.core.query.QueryConstants;0;0
org.apache.jackrabbit.core.query.lucene.FieldNames;13;94620253
org.apache.jackrabbit.name.NameConstants;0;0
org.apache.jackrabbit.commons.cnd.Lexer;0;0
org.apache.jackrabbit.webdav.bind.BindConstants;0;0
org.apache.jackrabbit.spi.commons.name.NameConstants;0;0
org.apache.jackrabbit.test.RepositoryStub;3;854769
org.apache.jackrabbit.webdav.ordering.OrderingConstants;0;0
org.apache.jackrabbit.core.xml.SysViewSAXEventGenerator;10;16219605
org.apache.jackrabbit.core.version.VersionManager;3;923569
org.apache.jackrabbit.core.search.QueryNode;6;12618117
org.apache.jackrabbit.core.nodetype.compact.Lexer;0;0
org.apache.jackrabbit.webdav.version.VersionResource;5;48651111
org.apache.jackrabbit.jcr2spi.xml.SysViewSAXEventGenerator;0;0
org.apache.jackrabbit.core.security.authorization.PrivilegeRegistry;0;0
org.apache.jackrabbit.webdav.spi.nodetype.NodeTypeConstants;0;0
org.apache.jackrabbit.spi.commons.query.QueryNode;0;0
org.apache.jackrabbit.api.jsr283.Workspace;0;0
org.apache.jackrabbit.core.config.ConfigurationParser;19;19156182
org.apache.jackrabbit.webdav.version.VersionControlledResource;0;0
org.apache.jackrabbit.api.jsr283.security.Privilege;2;20146523
org.apache.jackrabbit.core.search.QueryConstants;0;0
org.apache.jackrabbit.core.security.authorization.Permission;2;25480585
org.apache.jackrabbit.core.search.jcrql.JCRQLParserTreeConstants;0;0
org.apache.jackrabbit.core.query.jsr283.qom.QueryObjectModelConstants;0;0
org.apache.jackrabbit.core.search.Constants;0;0
org.apache.jackrabbit.JcrConstants;0;0
org.apache.oodt.cas.crawl.typedetection.MimeExtractorConfigMetKeys;0;0
org.apache.oodt.xmlps.queryparser.ParseConstants;0;0
gov.nasa.jpl.oodt.cas.crawl.typedetection.MimeExtractorConfigMetKeys;0;0
gov.nasa.jpl.oodt.cas.product.rdf.RDFConfigReaderMetKeys;0;0
org.apache.oodt.cas.pushpull.retrievalsystem.RemoteFileMetKeys;1;22519868
gov.nasa.jpl.oodt.cas.pushpull.config.ConfigParserMetKeys;0;0
gov.nasa.jpl.oodt.cas.pushpull.config.ConfigMetKeys;0;0
org.apache.oodt.cas.pge.metadata.PgeTaskMetadataKeys;0;0
org.apache.oodt.cas.metadata.extractors.ExternConfigReaderMetKeys;0;0
org.apache.oodt.cas.pge.config.PgeConfigMetKeys;0;0
gov.nasa.jpl.oodt.cas.resource.util.UlimitMetKeys;0;0
gov.nasa.jpl.oodt.cas.pge.metadata.PgeTaskMetadataKeys;0;0
org.apache.oodt.xmlps.mapping.MappingReaderMetKeys;0;0
org.apache.oodt.pcs.metadata.PCSMetadata;0;0
org.apache.oodt.opendapps.config.OpendapConfigMetKeys;0;0
gov.nasa.jpl.oodt.cas.metadata.extractors.ExternConfigReaderMetKeys;0;0
org.apache.oodt.cas.resource.monitor.ganglia.GangliaMetKeys;0;0
org.apache.oodt.cas.pushpull.config.ConfigMetKeys;0;0
org.apache.oodt.cas.resource.util.UlimitMetKeys;0;0
org.apache.oodt.cas.product.rdf.RDFConfigReaderMetKeys;0;0
org.apache.oodt.cas.pushpull.config.ConfigParserMetKeys;0;0
gov.nasa.jpl.oodt.cas.pge.config.PgeConfigMetKeys;0;0
org.apache.oodt.security.sso.opensso.SSOMetKeys;0;0
org.apache.oodt.pcs.health.PCSHealthMonitorMetKeys;0;0
org.ofbiz.base.start.Config;0;0
org.ofbiz.widget.form.ModelForm;18;33059529
org.ofbiz.base.conversion.Converters;0;0
org.ofbiz.shark.SharkConstants;0;0
org.ofbiz.order.order.OrderServices;195;142827409
org.ofbiz.webtools.artifactinfo.ArtifactInfoFactory;10;2530071
org.ofbiz.service.ModelPermission;15;118530118
org.ofbiz.entity.config.DelegatorInfo;5;63064763
org.apache.jmeter.visualizers.ServerPanel;0;0
org.apache.jmeter.protocol.jms.sampler.BaseJMSSampler;0;0
org.apache.jmeter.protocol.java.sampler.JUnitSampler;4;1077690
org.apache.jmeter.monitor.parser.Constants;0;0
org.apache.jmeter.util.LoggingManager;1;6575
org.apache.jmeter.testelement.AbstractChart;0;0
org.apache.jmeter.testelement.AbstractTable;0;0
org.apache.jmeter.gui.util.MenuFactory;13;18929469
org.apache.jmeter.visualizers.MonitorPerformancePanel;0;0
org.apache.jmeter.protocol.http.sampler.HTTPSamplerBase;0;0
org.apache.jmeter.protocol.ldap.sampler.LDAPSampler;0;0
org.apache.solr.common.params.SpellingParams;2;18811769
org.apache.lucene.analysis.standard.StandardTokenizer;4;16876455
org.apache.lucene.index.IndexWriterConfig;4;6637599
org.apache.lucene.analysis.standard.ClassicTokenizerImpl;0;0
org.apache.lucene.analysis.standard.std31.UAX29URLEmailTokenizerImpl31;0;0
org.apache.lucene.spatial.DistanceUtils;0;0
org.apache.lucene.analysis.standard.UAX29URLEmailTokenizerImpl;0;0
org.apache.lucene.index.SegmentInfos;9;23743470
org.apache.solr.spelling.AbstractLuceneSpellChecker;2;13285976
org.apache.lucene.analysis.standard.StandardTokenizerImplOrig;0;0
org.apache.lucene.analysis.standard.StandardTokenizerImpl31;0;0
org.apache.lucene.analysis.standard.UAX29URLEmailTokenizer;3;21054434
org.apache.lucene.analysis.wikipedia.WikipediaTokenizerImpl;0;0
org.pdfbox.pdmodel.interactive.viewerpreferences.PDViewerPreferences;0;0
org.apache.padaf.xmpbox.type.ResourceRefType;0;0
org.fontbox.ttf.OS2WindowsMetricsTable;0;0
org.apache.xmpbox.schema.XMPBasicSchema;0;0
org.apache.pdfbox.cos.COSName;0;0
org.apache.padaf.xmpbox.schema.PDFAExtensionSchema;0;0
org.apache.xmpbox.XmpConstants;0;0
org.apache.padaf.xmpbox.schema.PhotoshopSchema;0;0
org.fontbox.afm.AFMParser;0;0
org.apache.xmpbox.schema.TiffSchema;0;0
org.apache.padaf.xmpbox.schema.XMPBasicSchema;0;0
org.fontbox.ttf.NameRecord;0;0
org.pdfbox.pdmodel.interactive.annotation.PDAnnotationRubberStamp;0;0
org.apache.jempbox.xmp.ResourceEvent;0;0
org.apache.xmpbox.schema.PhotoshopSchema;0;0
org.apache.pdfbox.pdmodel.PDDocumentCatalog;0;0
org.apache.padaf.xmpbox.schema.DublinCoreSchema;0;0
org.apache.xmpbox.schema.ExifSchema;0;0
org.pdfbox.pdmodel.font.PDType1Font;0;0
org.apache.pdfbox.pdmodel.interactive.annotation.PDAnnotationLine;0;0
org.pdfbox.cos.COSName;0;0
org.apache.fontbox.ttf.OS2WindowsMetricsTable;0;0
org.apache.padaf.preflight.ValidatorConfig;0;0
org.apache.pdfbox.pdmodel.font.PDType1Font;0;0
org.pdfbox.pdmodel.interactive.annotation.PDAnnotationLine;0;0
org.apache.fontbox.ttf.CMAPTable;1;105736735
org.apache.xmpbox.type.ResourceRefType;0;0
org.apache.fontbox.afm.AFMParser;0;0
org.apache.xmpbox.schema.DublinCoreSchema;0;0
org.apache.pdfbox.pdmodel.interactive.annotation.PDAnnotationRubberStamp;0;0
org.apache.padaf.xmpbox.XmpConstants;1;7960513
org.pdfbox.pdmodel.PDDocumentCatalog;0;0
org.apache.pdfbox.pdmodel.documentinterchange.taggedpdf.PDLayoutAttributeObject;0;0
org.apache.fontbox.ttf.NameRecord;0;0
org.apache.pdfbox.pdmodel.interactive.viewerpreferences.PDViewerPreferences;0;0
org.apache.juddi.v3.tck.TckSubscriptionListener;10;124444707
org.apache.juddi.v3.client.config.Property;0;0
org.apache.juddi.v3.tck.TckTModel;7;124444707
org.apache.juddi.query.util.DynamicQuery;0;0
org.apache.scout.registry.FindQualifierImpl;0;0
org.apache.juddi.v3.tck.Property;2;70418246
org.apache.juddi.v3.client.UDDIConstants;0;0
org.apache.juddi.v3.client.UDDIv2Constants;0;0
org.uddi.api_v2.DispositionReport;1;2033183
org.apache.juddi.query.util.FindQualifiers;0;0
org.apache.juddi.v3.tck.TckBusinessService;9;131642629
org.apache.juddi.v3.client.UDDIConstantsV2;0;0
org.apache.juddi.v3.client.transport.Transport;0;0
org.apache.juddi.datatype.response.Result;5;42817762
org.apache.juddi.v3.client.transport.JAXWSTransport;9;10969795
org.apache.juddi.v3.client.crypto.DigSigUtil;0;0
org.apache.juddi.v3.error.UDDIErrorHelper;0;0
org.apache.juddi.config.Property;0;0
org.apache.juddi.v3.tck.TckBusiness;21;131642629
org.apache.juddi.v3.client.ext.wsdm.WSDMQosConstants;0;0
org.apache.juddi.v3.client.cryptor.DigSigUtil;0;0
org.apache.juddi.validation.ValidationConstants;0;0
org.uddi.api_v3.DispositionReport;2;17303935
org.apache.juddi.v2.tck.TckBusiness;0;0
org.apache.access.provider.file.PolicyFileConstants;3;1901840
org.apache.sentry.provider.file.PolicyFileConstants;0;0
org.apache.sentry.tests.e2e.hiveserver.HiveServerFactory;0;0
org.apache.access.tests.e2e.hiveserver.HiveServerFactory;3;540324
org.apache.sentry.tests.e2e.hive.hiveserver.HiveServerFactory;0;0
org.apache.logging.log4j.core.jackson.XmlConstants;0;0
org.apache.logging.dumbster.smtp.SmtpActionType;0;0
org.apache.logging.log4j.core.jackson.XMLConstants;0;0
org.apache.lenya.cms.scheduler.SchedulerWrapper;4;10016968
org.apache.lenya.cms.publication.PageEnvelope;23;7259859
org.apache.lenya.cms.publishing.PublishingEnvironment;0;0
org.lenya.cms.publishing.PublishingEnvironment;9;4320508
org.apache.cocoon.transformation.LuceneIndexTransformer2;0;0
org.lenya.xml.Configuration;0;0
org.apache.lenya.xml.Configuration;0;0
org.apache.cocoon.transformation.LuceneIndexTransformerOptimized;0;0
org.wyona.xml.Configuration;0;0
org.apache.lenya.cms.publication.Publication;17;8908443
org.apache.cocoon.components.search.components.impl.IndexManagerImpl;0;0
org.apache.lenya.cms.workflow.History;0;0
org.apache.lenya.cms.cocoon.generation.SitetreeFragmentGenerator;31;124695787
org.apache.manifoldcf.crawler.connectors.jira.JiraConfig;0;0
org.apache.commons.httpclient.params.HttpMethodParams;0;0
org.apache.manifoldcf.crawler.connectors.DCTM.DCTM;0;0
org.apache.xml.serialize.ElementState;0;0
com.opentext.api.LAPI_DOCUMENTS;0;0
org.apache.acf.crawler.connectors.rss.RSSConnector;0;0
dom.DTest;0;0
org.apache.xerces.impl.dv.XSSimpleType;0;0
org.apache.xerces.xinclude.XIncludeHandler;0;0
org.apache.acf.crawler.connectors.jdbc.JDBCConstants;0;0
org.apache.lcf.crawler.connectors.DCTM.DCTM;0;0
org.apache.manifoldcf.crawler.connectors.rss.RSSConnector;0;0
org.apache.lcf.crawler.connectors.rss.RSSConnector;0;0
org.apache.manifoldcf.crawler.connectors.livelink.LiveLinkParameters;0;0
org.apache.acf.crawler.connectors.DCTM.DCTM;0;0
org.apache.lcf.crawler.connectors.livelink.LiveLinkParameters;0;0
org.apache.lcf.crawler.connectors.jdbc.JDBCConstants;0;0
org.apache.manifoldcf.crawler.connectors.jdbc.JDBCConstants;0;0
org.apache.xerces.impl.dv.XSFacets;0;0
org.apache.manifoldcf.jdbc.JDBCConstants;0;0
org.apache.acf.crawler.connectors.livelink.LiveLinkParameters;0;0
org.waveprotocol.box.server.persistence.mongodb.MongoDbDeltaStoreUtil;0;0
org.waveprotocol.box.server.CoreSettings;0;0
org.apache.solr.common.params.SimpleParams;1;6716405
org.apache.solr.common.params.SpellingParams;2;17961186
org.apache.solr.schema.JsonPreAnalyzedParser;0;0
org.apache.solr.handler.clustering.carrot2.CarrotParams;7;68733506
org.apache.lucene.spatial.bbox.BBoxStrategy;3;589211
org.apache.solr.handler.loader.CSVLoaderBase;0;0
org.apache.lucene.analysis.standard.StandardTokenizer;5;16795487
org.apache.lucene.index.IndexWriterConfig;4;1722478
org.apache.solr.rest.SchemaRestApi;0;0
org.apache.lucene.analysis.standard.ClassicTokenizerImpl;0;0
org.apache.solr.analytics.facet.FieldFacetTest;0;0
org.apache.lucene.analysis.standard.std31.UAX29URLEmailTokenizerImpl31;0;0
org.apache.lucene.spatial.DistanceUtils;0;0
org.apache.lucene.analysis.standard.UAX29URLEmailTokenizerImpl;0;0
org.apache.solr.cloud.OverseerCollectionProcessor;41;31669629
org.apache.lucene.util.RamUsageEstimator;6;63663269
org.apache.lucene.index.SegmentInfos;3;1722478
org.apache.solr.spelling.DirectSolrSpellChecker;0;0
org.apache.lucene.search.spell.DirectSpellChecker;26;72378424
org.apache.lucene.analysis.standard.std34.UAX29URLEmailTokenizerImpl34;0;0
org.apache.solr.update.UpdateLog;13;15772551
org.apache.solr.update.SolrIndexConfig;0;0
org.apache.solr.spelling.AbstractLuceneSpellChecker;3;13285188
org.apache.lucene.analysis.standard.StandardTokenizerImplOrig;0;0
org.apache.solr.rest.SolrRestApi;0;0
org.apache.solr.common.params.ShardParams;6;106436037
org.apache.solr.rest.SolrSchemaRestApi;0;0
org.apache.lucene.codecs.diskdv.DiskDocValuesFormat;1;1854859
org.apache.lucene.analysis.standard.StandardTokenizerImpl31;0;0
org.apache.solr.schema.IndexSchema;41;95328628
org.apache.solr.common.params.UpdateParams;7;57936148
org.apache.solr.store.blockcache.Metrics;0;0
org.apache.noggit.JSONParser;0;0
org.apache.solr.handler.dataimport.config.ConfigNameConstants;2;17026281
org.apache.lucene.analysis.standard.UAX29URLEmailTokenizer;3;21071086
org.apache.solr.core.HdfsDirectoryFactory;0;0
org.apache.solr.common.params.DisMaxParams;2;71464860
org.apache.lucene.index.SegmentWriteState;5;20547902
org.apache.lucene.analysis.wikipedia.WikipediaTokenizerImpl;0;0
org.apache.solr.common.cloud.ZkStateReader;2;40531693
org.apache.lucene.spatial.bbox.BBoxFieldInfo;0;0
org.apache.solr.hadoop.HdfsFileFieldNames;0;0
opennlp.tools.coref.resolver.ResolverUtils;0;0
opennlp.tools.coref.Linker;2;0
opennlp.tools.parser.AbstractBottomUpParser;0;0
org.apache.amber.oauth2.client.demo.Utils;0;0
org.apache.amber.oauth2.integration.Common;0;0
org.apache.amber.oauth2.common.OAuth;0;0
org.apache.oltu.oauth2.client.demo.Utils;0;0
org.apache.oltu.oauth2.common.OAuth;0;0
org.apache.oltu.oauth2.integration.Common;0;0
org.apache.maven.scm.CommandParameter;0;0
org.apache.maven.scm.provider.bazaar.command.BazaarConstants;0;0
org.apache.maven.scm.provider.hg.command.HgCommand;0;0
org.apache.maven.scm.provider.bazaar.command.BazaarCommand;0;0
org.apache.maven.scm.provider.hg.command.HgCommandConstants;0;0
org.apache.maven.scm.ScmFileStatus;8;39739736
org.apache.maven.scm.provider.vss.commands.VssConstants;4;80533232
org.apache.maven.scm.CommandNameConstants;0;0
org.apache.vxquery.datamodel.values.ValueTag;0;0
org.apache.maven.surefire.report.MockReporter;0;0
org.apache.maven.surefire.booter.ForkingRunListener;0;0
org.apache.maven.plugin.surefire.booterclient.MockReporter;0;0
org.apache.james.imap.store.SimpleMessage;0;0
org.apache.james.imap.store.mail.model.StandardNames;0;0
org.apache.james.imap.store.SimpleMailboxMembership;0;0
org.apache.james.imap.api.display.HumanReadableText;0;0
org.apache.james.imap.api.message.MessageFlags;0;0
org.apache.james.imap.jcr.mail.model.JCRMailboxMembership;3;454881
org.apache.james.mailbox.jcr.mail.model.JCRMessage;0;0
org.apache.james.mailbox.store.SimpleMailboxMembership;0;0
org.apache.james.imap.functional.builder.CreateScript;0;0
org.apache.james.imap.jcr.mail.model.JCRMessage;16;5541717
org.apache.james.imap.api.display.HumanReadableTextKey;0;0
org.apache.james.imap.jpa.om.BaseMessageFlagsPeer;0;0
org.apache.james.mailbox.torque.om.BaseMessageFlagsPeer;0;0
org.apache.james.test.functional.imap.builder.CreateScript;0;0
org.apache.james.mailbox.store.mail.model.StandardNames;0;0
org.jclouds.trmk.vcloud_0_8.TerremarkVCloudMediaType;0;0
org.jclouds.virtualbox.domain.YamlImage;0;0
org.jclouds.sqs.SQSApiExpectTest;3;149963
org.jclouds.compute.config.ComputeServiceProperties;0;0
org.jclouds.vcloud.director.v1_5.VCloudDirectorLiveTestConstants;0;0
org.jclouds.vcloud.reference.VCloudConstants;3;3775125
org.jclouds.aws.ec2.domain.AvailabilityZone;0;0
org.jclouds.savvis.vpdc.reference.VCloudMediaType;0;0
org.jclouds.trmk.ecloud.TerremarkECloudMediaType;0;0
org.jclouds.openstack.swift.reference.SwiftHeaders;3;74161965
org.jclouds.aws.s3.reference.S3Constants;16;14994902
org.jclouds.s3.reference.S3Headers;1;4568277
org.jclouds.byon.domain.YamlNode;0;0
org.jclouds.compute.reference.ComputeServiceConstants;13;62526714
org.jclouds.http.HttpConstants;3;800347
org.jclouds.sqs.features.MessageApiExpectTest;0;0
org.jclouds.ec2.domain.InstanceType;2;27173110
org.jclouds.gogrid.reference.GoGridQueryParams;0;0
org.jclouds.rackspace.cloudfiles.reference.CloudFilesHeaders;0;0
org.jclouds.vcloud.terremark.TerremarkVCloudMediaType;0;0
org.jclouds.Constants;0;0
org.jclouds.vcloud.VCloudMediaType;1;285970
org.jclouds.http.HttpHeaders;0;0
org.jclouds.openstack.nova.v1_1.extensions.ExtensionNamespaces;3;863672
org.jclouds.cloudfiles.reference.CloudFilesHeaders;3;74247506
org.jboss.resteasy.util.HttpResponseCodes;0;0
org.jclouds.virtualbox.config.VirtualBoxConstants;0;0
org.jclouds.util.Patterns;0;0
org.jclouds.openstack.nova.v2_0.extensions.ExtensionNamespaces;0;0
org.jclouds.ec2.domain.AvailabilityZone;0;0
org.jclouds.atmos.reference.AtmosHeaders;3;76552872
org.jclouds.servermanager.Server;0;0
org.jclouds.sqs.domain.Attribute;0;0
org.jclouds.aws.domain.Region;11;51057440
org.jboss.resteasy.util.PathHelper;0;0
org.apache.pig.tools.pigstats.PigStatsUtil;2;7948312
org.apache.karaf.eik.ui.KarafLaunchConfigurationDelegate;0;0
org.apache.karaf.eik.app.internal.LockManager;0;0
org.apache.karaf.eik.core.IKarafConstants;0;0
org.apache.olingo.server.core.testutil.EdmTechProvider;0;0
org.apache.olingo.odata4.server.core.testutil.EdmTechProvider;0;0
org.apache.olingo.commons.api.format.ContentType;0;0
org.apache.olingo.odata4.commons.api.edm.constants.EdmTargetPath;0;0
com.msopentech.odatajclient.testservice.utils.Constants;0;0
org.apache.olingo.odata4.producer.core.testutil.EdmMock;0;0
org.apache.olingo.odata4.producer.core.testutil.EdmTechProvider;1;-342182
org.apache.olingo.commons.api.http.HttpHeader;0;0
org.apache.olingo.producer.core.testutil.EdmMock;0;0
org.apache.olingo.fit.utils.Constants;0;0
org.apache.maven.mercury.artifact.Qualityimplements;1;1550880
org.apache.maven.mercury.artifact.Quality;0;0
org.apache.maven.mercury.spi.http.client.HttpServletResponse;0;0
org.apache.maven.mercury.util.FileUtil;28;15196934
org.apache.maven.mercury.repository.virtual.VirtualRepositoryReaderimplements;15;3232637
org.apache.maven.mercury.repository.virtual.VirtualRepositoryReader;0;0
org.openejb.server.admin.text.TelnetCodes;0;0
org.openejb.client.RequestMethods;7;119084622
org.apache.openejb.DeploymentInfo;0;0
org.openejb.server.telnet.TelnetCodes;0;0
org.apache.openejb.tomcat.common.NamingUtil;0;0
org.apache.openejb.client.RequestMethods;0;0
org.apache.openejb.assembler.classic.ScheduleInfo;1;55648961
org.apache.openejb.EJBOperation;0;0
org.apache.openejb.client.RequestMethodConstants;0;0
org.apache.openejb.server.telnet.TelnetCodes;0;0
org.openejb.admin.web.config.ConfigHTMLWriter;0;0
org.apache.openejb.server.telnet.TextConsole;0;0
org.openejb.core.EnvProps;1;3068525
org.openejb.DeploymentHelper;4;8738623
org.apache.openejb.server.cxf.transport.util.CxfUtil;6;35343034
org.openejb.assembler.classic.ContainerInfo;0;0
org.openejb.EJBInterfaceMethods;0;0
org.openejb.core.Operations;0;0
org.apache.openejb.assembler.classic.EnterpriseBeanInfo;0;0
org.apache.openejb.test.object.OperationsPolicy;0;0
org.openejb.webadmin.main.ConfigHTMLWriter;0;0
org.apache.openejb.deployment.DeploymentHelper;0;0
org.apache.openejb.util.LogCategory;1;288639
org.apache.openejb.EJBInterfaceMethods;0;0
org.apache.openejb.assembler.classic.AppInfo;6;116311604
org.apache.webbeans.config.OpenWebBeansConfiguration;0;0
org.apache.openejb.server.axis.assembler.XmlTypeInfo;0;0
org.apache.openejb.rest.ThreadLocalContextManager;7;36509580
org.openejb.nova.entity.EntityContextImpl;0;0
org.openejb.webadmin.main.CMPMappingWriter;0;0
org.apache.tomee.common.NamingUtil;0;0
org.apache.openejb.tools.release.Release;0;0
org.apache.tomee.loader.dto.JndiDTO;6;376694
org.apache.openejb.assembler.ContainerInfo;0;0
org.apache.openejb.entity.EntityContextImpl;0;0
org.apache.openejb.tomcat.NamingUtil;0;0
org.openejb.CallbackMethod;0;0
org.apache.openejb.assembler.classic.PortInfo;0;0
org.openejb.EJBContainerConfiguration;0;0
org.apache.openejb.CallbackMethod;0;0
org.apache.openejb.assembler.classic.ContainerSystemInfo;5;8489283
org.apache.openejb.server.axis.assembler.JaxRpcOperationInfo;0;0
org.openejb.server.telnet.TextConsole;0;0
org.apache.openejb.alt.config.ProviderDefaults;2;5294600
org.apache.openejb.assembler.classic.PersistenceUnitInfo;3;4810214
org.openejb.EJBOperation;0;0
org.apache.openejb.assembler.EnterpriseBeanInfo;0;0
org.openejb.assembler.classic.EnterpriseBeanInfo;0;0
org.apache.openejb.core.Operations;0;0
org.openejb.admin.web.cmp.mapping.CMPMappingWriter;1;1554114
org.openejb.assembler.EnterpriseBeanInfo;0;0
org.openejb.nova.method.EJBInterfaceMethods;0;0
org.openejb.deployment.DeploymentHelper;0;0
org.apache.openejb.assembler.classic.ContainerInfo;0;0
org.apache.openejb.client.ResponseCodes;0;0
org.apache.openejb.tomcat.naming.NamingUtil;0;0
org.openejb.entity.EntityContextImpl;0;0
org.openejb.client.ResponseCodes;6;119084622
org.apache.openejb.core.EnvProps;0;0
org.openejb.assembler.ContainerInfo;0;0
org.apache.openejb.assembler.classic.EjbJarInfo;9;28960416
org.openejb.nova.EJBOperation;0;0
org.apache.openejb.assembler.classic.ServiceReferenceInfo;3;25530737
org.apache.openejb.assembler.classic.ConnectorInfo;5;33108040
org.apache.openejb.assembler.classic.ClientInfo;3;11762953
org.apache.openejb.assembler.classic.WebAppInfo;3;4144548
org.apache.james.mailbox.lucene.search.LuceneMessageSearchIndex;0;0
org.apache.james.mailbox.jcr.mail.model.JCRMessage;0;0
org.apache.james.mailbox.store.SimpleMailboxMembership;0;0
org.apache.james.mailbox.hbase.FlagConvertor;0;0
org.apache.james.mailbox.store.lucene.LuceneMessageSearchIndex;2;5104901
org.apache.james.mailbox.model.SimpleMailboxACL;2;1068720
org.apache.james.mailbox.torque.om.BaseMessageFlagsPeer;0;0
org.apache.james.mailbox.hbase.HBaseNames;0;0
org.apache.james.mailbox.store.mail.model.StandardNames;0;0
org.apache.james.mailbox.store.search.lucene.LuceneMessageSearchIndex;0;0
org.apache.maven.plugin.doap.options.ASFExtOptionsUtil;0;0
org.apache.maven.plugin.issues.IssuesReportHelper;1;1315
org.apache.maven.plugin.assembly.archive.task.testutils.MockAndControlForAddDependencySetsTask;0;0
org.apache.maven.plugins.release.helpers.ReleaseProgressTracker;2;5832048
org.apache.maven.plugin.ide.JeeDescriptor;0;0
org.apache.sshd.client.sftp.DefaultSftpClient;0;0
org.apache.sshd.server.ServerFactoryManager;25;174489964
org.apache.sshd.common.scp.ScpHelper;1;352373
org.apache.sshd.server.Signals;0;0
org.apache.hupa.server.guice.DemoModeConstants;0;0
org.apache.hupa.client.ui.ToolBarView;25;16668243
org.apache.hupa.server.utils.RegexPatterns;0;0
org.apache.hupa.shared.SConsts;5;84325987
org.apache.hupa.client.HupaCSS;2;1189471
org.apache.hupa.client.ui.HupaLayout;35;16668243
org.apache.nutch.crawl.CrawlDatum;0;0
org.apache.nutch.crawl.GeneratorJob;0;0
org.apache.nutch.indexer.solr.SolrConstants;4;90723632
org.apache.nutch.searcher.response.SearchServlet;0;0
org.apache.nutch.api.Params;0;0
org.apache.nutch.protocol.ProtocolStatus;0;0
org.apache.nutch.indexer.lucene.LuceneConstants;0;0
org.apache.nutch.protocol.ProtocolStatusCodes;0;0
org.apache.nutch.metadata.Nutch;4;33875309
org.apache.nutch.util.hostdb.HostDb;0;0
org.apache.nutch.metadata.HttpHeaders;3;200060575
org.apache.nutch.metadata.DublinCore;0;0
org.apache.nutch.metadata.Office;0;0
org.apache.karaf.cellar.core.Configurations;2;46913057
org.apache.log4j.helpers.UtilLoggingLevel;0;0
pivot.wtkx.SplitPaneLoader;0;0
pivot.wtk.GraphicsUtilities;1;1753660
pivot.wtkx.ButtonLoader;0;0
pivot.wtkx.WTKXSerializer;17;5389862
pivot.wtkx.TableViewLoader;0;0
org.apache.pivot.wtk.GraphicsUtilities;0;0
pivot.wtkx.ListViewLoader;0;0
pivot.wtkx.TablePaneLoader;0;0
org.apache.pivot.wtkx.WTKXSerializer;0;0
pivot.wtkx.ComponentLoader;0;0
org.apache.mina.example.sumup.codec.Constants;0;0
org.apache.mina.proxy.handlers.http.HttpProxyConstants;0;0
org.apache.mina.filter.codec.http.HttpCodecUtils;0;0
org.apache.mina.filter.codec.http.HttpHeaderConstants;0;0
org.apache.mina.proxy.handlers.socks.SocksProxyConstants;2;8120553
org.apache.photark.security.utils.Constants;0;0
org.apache.maven.lifecycle.LifecyclePhaseConstants;0;0
org.apache.maven.tools.plugin.extractor.java.JavaMojoDescriptorExtractor;0;0
org.apache.maven.cli.CLIManager;0;0
org.apache.maven.plugin.generator.AbstractGenerator;0;0
org.apache.maven.plugins.release.helpers.ReleaseProgressTracker;0;0
org.apache.kalumet.console.app.EnvironmentWindow;0;0
org.apache.marmotta.commons.vocabulary.XSD;0;0
org.apache.marmotta.commons.vocabulary.SCHEMA;0;0
org.apache.marmotta.platform.backend.kiwi.KiWiOptions;0;0
org.apache.marmotta.commons.vocabulary.MA;0;0
javolution.xml.stream.XMLStreamConstants;0;0
org.apache.marmotta.commons.vocabulary.SKOS;0;0
org.apache.marmotta.platform.backend.kiwi.KiWiStoreProvider;9;6628457
org.apache.marmotta.commons.vocabulary.FOAF;0;0
org.apache.marmotta.commons.vocabulary.DCTERMS;0;0
org.apache.marmotta.commons.vocabulary.SPARQL_SD;0;0
org.apache.marmotta.commons.vocabulary.SIOC;0;0
org.apache.myfaces.extensions.scripting.api.ScriptingConst;0;0
org.apache.myfaces.extensions.scripting.api.CompilerConst;1;1855021
rewrite.org.apache.myfaces.extensions.scripting.core.engine.api.CompilerConst;0;0
org.apache.myfaces.extensions.scripting.core.engine.api.CompilerConst;0;0
rewrite.org.apache.myfaces.extensions.scripting.core.api.ScriptingConst;0;0
rewrite.org.apache.myfaces.extensions.scripting.core.common.ScriptingConst;0;0
rewrite.org.apache.myfaces.extensions.scripting.engine.api.CompilerConst;0;0
org.apache.myfaces.extensions.scripting.core.api.ScriptingConst;0;0
rewrite.org.apache.myfaces.extensions.scripting.common.ScriptingConst;0;0
org.apache.myfaces.scripting.api.ScriptingConst;4;9109182
org.apache.ode.jacob.vpu.Statistics;0;0
org.apache.log4j.extras.UtilLoggingLevel;0;0
org.apache.jsieve.util.SieveToXml;0;0
org.apache.maven.doxia.module.SinkActionContext;0;0
org.apache.maven.doxia.editor.model.DoxiaAttribute;0;0
org.apache.maven.doxia.module.itext.SinkActionContext;0;0
org.apache.maven.doxia.sink.SinkEventAttributeSet;1;6302582
org.apache.maven.doxia.module.rtf.RtfSink;0;0
org.apache.webbeans.container.BeanCacheKeyUnitTest;0;0
org.apache.webbeans.test.annotation.binding.BeanCacheKeyUnitTest;0;0
org.apache.webbeans.WebBeansConstants;0;0
org.apache.webbeans.util.WebBeansConstants;0;0
org.apache.webbeans.config.OpenWebBeansConfiguration;35;64552143
org.apache.webbeans.config.WebBeansFinder;3;2315288
org.openoffice.odf.dom.element.style.OdfPageLayoutPropertiesElement;0;0
org.odftoolkit.odfdom.dom.element.style.OdfTextPropertiesElement;0;0
org.odftoolkit.odfdom.dom.element.style.StyleHeaderFooterPropertiesElement;0;0
org.odftoolkit.odfvalidator.ODFMediaTypes;0;0
org.openoffice.odf.dom.element.style.OdfParagraphPropertiesElement;0;0
org.odftoolkit.odfdom.dom.element.style.StyleGraphicPropertiesElement;0;0
org.odftoolkit.odfdom.type.Color;4;3313
org.odftoolkit.odfdom.dom.element.style.StyleDrawingPagePropertiesElement;0;0
org.openoffice.odf.dom.element.style.OdfDrawingPagePropertiesElement;0;0
org.odftoolkit.odfdom.dom.style.OdfStyleFamily;2;19328151
org.odftoolkit.odfdom.dom.element.style.OdfParagraphPropertiesElement;0;0
org.openoffice.odf.dom.element.style.OdfTextPropertiesElement;0;0
org.odftoolkit.odfdom.dom.element.style.StyleTablePropertiesElement;0;0
org.odftoolkit.odfdom.dom.element.style.OdfDrawingPagePropertiesElement;0;0
org.openoffice.odf.dom.element.style.OdfTableCellPropertiesElement;0;0
org.odftoolkit.odfdom.dom.element.style.OdfListLevelPropertiesElement;0;0
org.openoffice.odf.dom.element.style.OdfTablePropertiesElement;0;0
org.odftoolkit.odfdom.dom.element.style.OdfTablePropertiesElement;0;0
org.odftoolkit.odfdom.dom.element.style.OdfPageLayoutPropertiesElement;0;0
org.odftoolkit.odfdom.dom.element.style.StylePageLayoutPropertiesElement;0;0
odfvalidator.Configuration;0;0
org.odftoolkit.odfdom.dom.element.style.StyleChartPropertiesElement;0;0
org.openoffice.odf.dom.element.style.OdfListLevelPropertiesElement;0;0
org.odftoolkit.odfdom.dom.element.style.StyleTextPropertiesElement;0;0
org.odftoolkit.odfdom.dom.element.style.OdfTableCellPropertiesElement;0;0
org.odftoolkit.odfdom.dom.element.style.StyleListLevelPropertiesElement;0;0
org.odftoolkit.odfdom.dom.element.style.OdfChartPropertiesElement;0;0
org.odftoolkit.odfdom.dom.element.style.StyleTableCellPropertiesElement;0;0
org.odftoolkit.odfdom.dom.element.style.OdfGraphicPropertiesElement;0;0
org.openoffice.odf.dom.element.style.OdfGraphicPropertiesElement;0;0
org.odftoolkit.odfvalidator.Configuration;0;0
org.openoffice.odf.dom.element.style.OdfChartPropertiesElement;0;0
org.odftoolkit.odfdom.dom.element.style.StyleParagraphPropertiesElement;0;0
org.odftoolkit.odfdom.dom.element.style.OdfHeaderFooterPropertiesElement;0;0
org.openoffice.odf.dom.element.style.OdfHeaderFooterPropertiesElement;0;0
odfvalidator.ODFMediaTypes;0;0
org.apache.isis.core.progmodel.facets.MethodPrefixConstants;0;0
org.apache.isis.runtime.runner.Constants;0;0
org.apache.isis.metamodel.spec.feature.ObjectFeatureType;0;0
org.nakedobjects.viewer.skylark.Color;9;25215109
org.apache.isis.viewer.restful.viewer.html.HtmlClass;0;0
org.nakedobjects.viewer.lightweight.Style;0;0
org.apache.isis.extensions.hibernate.objectstore.HibernateConstants;0;0
org.apache.isis.core.metamodel.specloader.ReflectorConstants;0;0
org.apache.isis.metamodel.adapter.ResolveState;0;0
org.apache.isis.viewer.bdd.common.Constants;0;0
org.apache.isis.progmodel.wrapper.metamodel.internal.util.Constants;0;0
org.apache.isis.core.metamodel.spec.feature.ObjectFeatureType;0;0
org.apache.isis.viewer.bdd.common.IsisViewerConstants;0;0
org.apache.isis.viewer.dnd.awt.AwtColor;0;0
org.nakedobjects.object.ResolveState;4;831920
org.apache.isis.extensions.dnd.awt.AwtColor;0;0
org.apache.isis.viewer.restfulobjects.applib.RestfulMediaType;0;0
org.apache.isis.viewer.xhtml.viewer.html.HtmlClass;0;0
org.apache.isis.viewer.json.applib.RestfulMediaType;0;0
org.apache.isis.core.runtime.runner.Constants;0;0
org.apache.isis.extensions.bdd.common.Constants;0;0
org.apache.isis.runtimes.dflt.runtime.runner.Constants;0;0
org.apache.isis.webapp.view.action.CreateFormParameter;0;0
org.apache.isis.extensions.restful.viewer.html.HtmlClass;0;0
org.apache.isis.metamodel.specloader.ReflectorConstants;0;0
org.apache.isis.viewer.scimpi.dispatcher.view.action.CreateFormParameter;0;0
org.apache.isis.extensions.headless.viewer.internal.util.Constants;0;0
org.apache.isis.core.metamodel.adapter.ResolveState;0;0
org.apache.isis.core.wrapper.internal.util.Constants;0;0
org.apache.olingo.odata2.jpa.processor.api.exception.ODataJPARuntimeException;0;0
org.apache.olingo.odata2.jpa.processor.api.exception.ODataJPAModelException;0;0
org.apache.olingo.odata2.jpa.processor.core.mock.data.JPATypeMock;1;8199263
org.apache.olingo.odata2.core.ep.util.XmlMetadataConstants;0;0
org.apache.olingo.odata2.jpa.processor.core.mock.data.ODataEntryMockUtil;1;8199263
org.apache.myfaces.logging.MyfacesLogger;0;0
javax.faces.component.html._CommonEventConstants;0;0
org.apache.myfaces.shared.renderkit.html.util.ResourceUtils;0;0
org.apache.myfaces.view.facelets.FaceletViewHandler;0;0
org.apache.myfaces.view.facelets.FaceletViewDeclarationLanguage;1;581958
org.apache.myfaces.shared.renderkit.html.CommonEventConstants;0;0
org.apache.myfaces.renderkit.viewstate.ServerSideStateCacheImpl;0;0
org.apache.myfaces.application.viewstate.ServerSideStateCacheImpl;0;0
javax.faces.FactoryFinder;11;181715043
org.apache.tajo.storage.MemoryUtil;0;0
org.apache.tajo.datum.BooleanDatum;6;15044870
org.apache.tajo.catalog.CatalogConstants;2;9606649
tajo.engine.NConstants;0;0
org.apache.tajo.util.ClassSize;0;0
nta.engine.NConstants;1;5687150
org.apache.solr.common.params.SpellingParams;2;17961186
org.apache.lucene.analysis.standard.StandardTokenizer;5;16795487
org.apache.lucene.index.IndexWriterConfig;4;1722478
org.apache.lucene.analysis.standard.ClassicTokenizerImpl;0;0
org.apache.lucene.analysis.standard.std31.UAX29URLEmailTokenizerImpl31;0;0
org.apache.lucene.spatial.DistanceUtils;0;0
org.apache.lucene.analysis.standard.UAX29URLEmailTokenizerImpl;0;0
org.apache.lucene.index.SegmentInfos;3;1722478
org.apache.solr.spelling.DirectSolrSpellChecker;0;0
org.apache.solr.spelling.AbstractLuceneSpellChecker;3;13285188
org.apache.lucene.analysis.standard.StandardTokenizerImplOrig;0;0
org.apache.lucene.analysis.standard.StandardTokenizerImpl31;0;0
org.apache.lucene.analysis.standard.UAX29URLEmailTokenizer;3;21071086
org.apache.lucene.index.SegmentWriteState;5;20547902
org.apache.lucene.analysis.wikipedia.WikipediaTokenizerImpl;0;0
org.apache.maven.jxr.JavaCodeTransform;0;0
org.apache.mahout.fpm.pfpgrowth.PFPGrowth;13;30328146
org.apache.mahout.jet.math.IntFunctions;0;0
org.apache.mahout.utils.email.MailOptions;1;608145
org.apache.mahout.benchmark.VectorBenchmarks;25;99913646
org.apache.mahout.clustering.dirichlet.DirichletDriver;46;42053804
org.apache.mahout.utils.clustering.ClusterDumper;63;80176294
org.apache.mahout.clustering.lda.cvb.CVB0Driver;0;0
org.apache.mahout.math.hadoop.stochasticsvd.BtJob;15;49311961
org.apache.mahout.text.SequenceFilesFromMailArchives;24;71189720
org.apache.mahout.math.jet.math.IntFunctions;0;0
org.apache.mahout.math.jet.math.Functions;0;0
org.apache.mahout.clustering.streaming.mapreduce.StreamingKMeansDriver;0;0
org.apache.mahout.jet.math.Functions;0;0
org.apache.mahout.vectorizer.VectorizerConfig;0;0
org.apache.mahout.cf.taste.impl.model.jdbc.GenericJDBCDataModel;0;0
org.apache.mahout.math.function.Functions;0;0
org.apache.mahout.common.commandline.DefaultOptionCreator;17;26486155
org.apache.log4j.spi.LoggingEventFieldResolver;0;0
org.apache.log4j.helpers.UtilLoggingLevel;0;0
