artefactName;numberOfCommits;diffTime
org.apache.openjpa.conf.OpenJPAConfiguration;0;0
org.apache.openjpa.lib.util.J2DoPrivHelper;3;3198708
org.codehaus.plexus.util.IOUtilTest;17;691887
org.apache.maven.mae.DefaultMAEExecutionRequest;0;0
org.apache.ode.bpel.compiler.CommonCompilationMessages;9;22418540
org.apache.ode.utils.LoggingStatementWrapper;0;0
org.apache.jena.security.model.SecuredModel;0;0
org.apache.log4j.LogMF;0;0
org.apache.james.mime4j.message.MessageBuilder;21;181936416
org.apache.oozie.WorkflowActionBean;19;64785399
org.apache.maven.shared.utils.io.IOUtilTest;0;0
org.apache.jackrabbit.spi.commons.logging.RepositoryServiceLogger;0;0
org.apache.jackrabbit.rmi.server.ServerNode;16;156989163
org.apache.jackrabbit.spi.commons.query.xpath.XPath;0;0
org.apache.jackrabbit.spi.logger.RepositoryServiceLogger;0;0
org.apache.jackrabbit.rmi.client.ClientNode;6;5349779
org.ofbiz.entity.GenericDelegator;43;98060346
org.ofbiz.entity.Delegator;0;0
org.apache.lucene.benchmark.byTask.feeds.demohtml.HTMLParserTokenManager;0;0
org.uddi.api_v2.ObjectFactory;0;0
org.apache.juddi.v3.client.mapping.MapUDDIv3Tov2;2;120567
org.apache.logging.log4j.spi.AbstractLoggerProvider;0;0
org.apache.lucene.benchmark.byTask.feeds.demohtml.HTMLParserTokenManager;0;0
org.apache.maven.scm.provider.ScmProviderStub;10;31910625
org.apache.maven.scm.provider.ScmProvider;32;120506992
org.apache.maven.plugin.failsafe.IntegrationTestMojo;38;41601052
org.apache.james.imap.decode.parser.SearchCommandParser;0;0
org.apache.james.imap.decode.imap4rev1.SearchCommandParser;0;0
org.jclouds.rest.internal.RestAnnotationProcessorTest;5;2433748
org.apache.hadoop.zebra.types.TableSchemaParser;0;0
org.apache.openejb.test.singleton.SingletonRmiIiopTests;0;0
org.apache.openejb.test.stateless.StatelessRmiIiopTests;4;55211690
org.apache.openejb.test.entity.cmp.CmpRmiIiopTests;4;55211690
org.apache.openejb.test.entity.bmp.BmpRmiIiopTests;4;55211690
org.apache.openejb.corba.compiler.Foo;0;0
org.apache.openejb.test.stateful.StatefulRmiIiopTests;4;55211690
org.openejb.corba.compiler.Foo;0;0
org.apache.openejb.jee.SessionBean;20;116653943
org.apache.openejb.jee.jba.cmp.ObjectFactory;0;0
org.openejb.resource.jdbc.JdbcResultSet;0;0
org.apache.openejb.test.entity.cmp2.Cmp2RmiIiopTests;2;51601508
org.apache.mina.core.buffer.IoBufferWrapper;0;0
org.apache.mina.codec.IoBuffer;7;5695485
org.apache.mina.common.IoBufferWrapper;0;0
org.apache.mina.common.buffer.IoBufferWrapper;0;0
org.apache.mina.common.ByteBufferWrapper;0;0
org.apache.log4j.LogSF;0;0
org.apache.log4j.LogMF;3;85470969
org.odftoolkit.odfdom.dom.element.text.OdfMetaElement;2;1622
org.odftoolkit.odfdom.dom.element.text.TextAElement;0;0
org.odftoolkit.odfdom.dom.element.text.TextSpanElement;0;0
org.odftoolkit.odfdom.dom.element.text.OdfHyperlinkElement;3;2624
org.odftoolkit.odfdom.dom.element.text.OdfHeadingElement;3;2624
org.odftoolkit.odfdom.dom.element.text.OdfSpanElement;3;2624
org.odftoolkit.odfdom.dom.element.text.OdfParagraphElement;3;2624
org.odftoolkit.odfdom.dom.element.style.StyleGraphicPropertiesElement;0;0
org.odftoolkit.odfdom.dom.element.text.TextMetaFieldElement;0;0
org.odftoolkit.odfdom.dom.element.style.StyleChartPropertiesElement;0;0
org.odftoolkit.odfdom.dom.element.text.TextPElement;0;0
org.odftoolkit.odfdom.dom.element.text.OdfRubyBaseElement;3;2624
org.odftoolkit.odfdom.dom.element.form.FormFormElement;0;0
org.odftoolkit.odfdom.dom.element.style.StyleParagraphPropertiesElement;0;0
org.odftoolkit.odfdom.dom.DefaultElementVisitor;0;0
org.odftoolkit.odfdom.dom.element.text.TextHElement;0;0
org.odftoolkit.odfdom.dom.element.text.TextRubyBaseElement;0;0
org.odftoolkit.odfdom.dom.element.text.TextMetaElement;0;0
org.odftoolkit.odfdom.dom.element.style.StyleTextPropertiesElement;0;0
org.odftoolkit.odfdom.dom.element.text.OdfMetaFieldElement;2;1622
org.odftoolkit.odfdom.dom.element.style.StylePageLayoutPropertiesElement;0;0
org.apache.isis.extensions.hibernate.objectstore.persistence.hibspi.session.SessionPlaceHolderNotImplemented;0;0
org.apache.lucene.benchmark.byTask.feeds.demohtml.HTMLParserTokenManager;0;0
