artefactName;numberOfCommits;diffTime
org.apache.maven.index.util.IndexCreatorSorterTest;0;0
org.apache.maven.index.util.IndexCreatorSorter;0;0
org.apache.james.imap.message.request.CreateRequest;0;0
org.apache.james.imap.processor.CreateProcessor;0;0
org.apache.james.imap.decode.parser.CreateCommandParser;0;0
org.apache.maven.archetype.creator.FilesetArchetypeCreator;0;0
org.apache.maven.surefire.testng.TestNGExecutor;0;0
org.apache.maven.archetype.mojos.CreateProjectFromArchetypeMojoextends;0;0
org.apache.maven.script.marmalade.tags.ExecuteTag;0;0
org.apache.maven.plugin.reactor.MakeDependentsMojo;0;0
org.apache.maven.archetype.mojos.CreateArchetypeFromProjectMojoextends;0;0
org.apache.maven.execution.DefaultMavenExecutionRequest;0;0
org.apache.maven.lifecycle.DefaultLifecycleExecutor;0;0
org.apache.maven.surefire.booter.SurefireExecutionException;0;0
org.apache.maven.shared.filtering.MavenResourcesExecution;0;0
org.apache.maven.embedder.execution.DefaultMavenExecutionRequestDefaultsPopulator;0;0
org.apache.maven.archetype.mojos.CreateArchetypeFromProjectMojo;0;0
org.apache.maven.plugin.reactor.MakeMyChanges;0;0
org.apache.maven.script.marmalade.tags.ExecutePhaseTag;0;0
org.apache.maven.plugins.digest.DigestCreateMojo;0;0
org.apache.maven.archetype.mojos.CreateArchetypeMojoextends;0;0
org.apache.maven.wagon.providers.ssh.ganymed.SshCommandExecutorTest;0;0
org.apache.maven.execution.MavenExecutionResult;0;0
org.apache.maven.plugin.reactor.MakeScmChanges;0;0
org.apache.maven.archetype.mojos.CreateMojoextends;0;0
org.apache.maven.archetype.creator.DefaultArchetypeCreatorTest;7;5343231
org.apache.maven.script.marmalade.tags.ExecuteGoalTag;0;0
org.apache.maven.script.marmalade.tags.ExecuteLifecycleTag;0;0
org.apache.maven.script.marmalade.tags.ExecutionStrategyTag;0;0
org.apache.maven.wagon.providers.ssh.ganymed.ScpCommandExecutor;0;0
org.apache.maven.plugins.patchtracker.CreatePatchMojo;4;180
org.apache.maven.archetype.mojos.CreateProjectFromArchetypeMojo;0;0
org.apache.maven.execution.MavenExecutionRequest;0;0
org.apache.maven.mae.DefaultMAEExecutionRequest;1;273164
org.apache.maven.usability.MojoExecutionExceptionDiagnoser;0;0
org.apache.kandula.coordinator.at.ExecutionCallBack;0;0
org.apache.kandula.integration.CreateCoordinationContextTest;18;21297736
org.apache.ode.bpel.evt.ActivityExecEndEvent;0;0
org.apache.ode.bpel.evt.ActivityExecStartEvent;0;0
org.apache.ode.axis2.management.ExecutionPathTest;1;3906
org.apache.ode.bpel.compiler.bom.CreateInstanceActivity;0;0
org.apache.hadoop.gateway.shell.hbase.table.CreateTable;0;0
org.apache.hadoop.gateway.shell.hbase.table.scanner.CreateScanner;0;0
org.apache.maven.wagon.CommandExecutionException;0;0
org.apache.maven.wagon.providers.ssh.jsch.ScpCommandExecutor;0;0
org.apache.maven.wagon.CommandExecutorTestCase;2;70164613
org.apache.maven.wagon.providers.sshext.SshCommandExecutorTest;0;0
org.apache.maven.wagon.providers.ssh.SshCommandExecutorTest;0;0
org.apache.maven.wagon.providers.ssh.CommandExecutionException;0;0
org.apache.maven.wagon.providers.ssh.external.ScpExternalCommandExecutor;0;0
org.apache.maven.wagon.providers.ssh.SshCommandExecutor;0;0
org.apache.maven.wagon.providers.ssh.CommandExecutorStreamProcessor;0;0
org.apache.maven.wagon.providers.ssh.ganymed.SshCommandExecutorTest;0;0
org.apache.maven.wagon.providers.ssh.jsch.SshCommandExecutorTest;0;0
org.apache.maven.wagon.providers.sshext.SshCommandExecutor;0;0
org.apache.maven.wagon.providers.ssh.ganymed.ScpCommandExecutor;0;0
org.apache.maven.wagon.providers.ssh.external.SshCommandExecutorTest;0;0
com.hp.hpl.jena.tdb.index.RangeIndexMaker;0;0
arq.examples.AlgebraExec;0;0
com.hp.hpl.jena.tdb.index.IndexMaker;0;0
org.apache.jena.atlas.json.io.JSONMaker;0;0
org.openjena.atlas.json.io.JSONMaker;0;0
arq.examples.update.UpdateExecuteOperations;0;0
com.hp.hpl.jena.tdb.sys.TDBMaker;0;0
com.hp.hpl.jena.sdb.script.QExec;0;0
com.hp.hpl.jena.sdb.test.StoreCreator;0;0
com.hp.hpl.jena.query.QueryExecution;0;0
com.hp.hpl.jena.sdb.store.StoreMaker;0;0
org.apache.jena.atlas.test.ExecGenerator;0;0
org.apache.jena.jdbc.results.QueryExecutionResults;0;0
com.hp.hpl.jena.sparql.engine.QueryExecutionBase;0;0
com.hp.hpl.jena.sparql.engine.main.OpExecutorFactory;0;0
com.hp.hpl.jena.query.QueryExecutionFactory;0;0
com.hp.hpl.jena.tdb.sys.DatasetGraphMakerTDB;0;0
com.hp.hpl.jena.sparql.api.TestQueryExecutionTimeout2;0;0
org.openjena.atlas.test.ExecGenerator;0;0
com.hp.hpl.jena.tdb.sys.CachingTDBMaker;0;0
com.hp.hpl.jena.sparql.sse.builders.BuilderExec;0;0
org.apache.jena.atlas.test.RepeatExecution;0;0
com.hp.hpl.jena.sparql.engine.ExecutionContext;0;0
org.openjena.atlas.test.RepeatExecution;0;0
com.hp.hpl.jena.sparql.engine.main.OpExecutor;0;0
org.apache.log4j.chainsaw.ColorDisplaySelector;0;0
org.apache.karaf.shell.commands.impl.ExecuteAction;0;0
org.apache.karaf.shell.shell.ExecuteAction;0;0
org.apache.karaf.scheduler.core.QuartzJobExecutor;0;0
org.apache.karaf.scheduler.core.NonParallelQuartzJobExecutor;0;0
org.apache.karaf.tooling.features.CreateKarMojo;0;0
org.apache.karaf.instance.command.CreateCommandTest;0;0
org.apache.karaf.kar.command.CreateKarCommand;0;0
org.apache.karaf.tooling.instances.CreateArchiveMojo;0;0
org.apache.wiki.NotExecutableException;0;0
org.apache.oozie.action.hadoop.TestJavaActionExecutor;47;55971820
org.apache.oozie.action.ssh.TestSshActionExecutor;2;24
org.apache.oozie.executor.jpa.CoordActionUpdateForModifiedTimeJPAExecutor;0;0
org.apache.oozie.executor.jpa.CoordActionRemoveJPAExecutor;0;0
org.apache.oozie.executor.jpa.CoordActionUpdatePushInputCheckJPAExecutor;0;0
org.apache.oozie.executor.jpa.CoordActionUpdateForStartJPAExecutor;0;0
org.apache.oozie.executor.jpa.JPAExecutor;0;0
org.apache.oozie.executor.jpa.CoordActionUpdateStatusJPAExecutor;0;0
org.apache.oozie.action.hadoop.TestHiveActionExecutor;13;48287014
org.apache.oozie.action.hadoop.TestShellActionExecutor;12;47476812
org.apache.oozie.executor.jpa.JPAExecutorException;0;0
org.apache.oozie.action.email.TestEmailActionExecutor;0;0
org.apache.oozie.action.hadoop.TestSqoopActionExecutor;11;48109147
org.apache.oozie.executor.jpa.BulkJPAExecutor;0;0
org.apache.oozie.action.hadoop.TestMapReduceActionExecutorUberJar;0;0
org.apache.oozie.action.ssh.TestSshActionExecutorAsExtension;0;0
org.apache.oozie.executor.jpa.CoordJobsToBeMaterializedJPAExecutor;0;0
org.apache.oozie.executor.jpa.CoordActionUpdateForInputCheckJPAExecutor;0;0
org.apache.oozie.executor.jpa.SLAEventsGetForSeqIdJPAExecutor;0;0
org.apache.oozie.executor.jpa.SLAEventsGetJPAExecutor;0;0
org.apache.james.jspf.executor.StagedMultipleSPFExecutor;0;0
org.apache.james.jspf.executor.SynchronousSPFExecutor;0;0
org.apache.james.jspf.executor.SPFExecutor;0;0
org.apache.maven.shared.scriptinterpreter.ExecutionLogger;0;0
org.apache.maven.shared.release.ReleaseExecutionException;0;0
org.apache.maven.shared.filtering.MavenResourcesExecution;0;0
org.apache.maven.shared.release.exec.ForkedMavenExecutor;0;0
org.apache.maven.reporting.exec.MavenReportExecutor;0;0
org.apache.jackrabbit.command.ext.CreateWorkspace;1;582442
org.apache.jackrabbit.standalone.cli.ext.CreateWorkspace;0;0
org.apache.jackrabbit.core.query.ExecutablePreparedQuery;0;0
org.apache.jackrabbit.api.security.user.UserManagerCreateGroupTest;0;0
org.apache.jackrabbit.test.api.query.CreateQueryTest;0;0
org.apache.jackrabbit.core.query.ExecutableQuery;0;0
org.apache.jackrabbit.jcr2spi.operation.CreateActivity;0;0
org.apache.jackrabbit.core.query.lucene.DynamicPooledExecutor;0;0
org.apache.jackrabbit.test.NotExecutableException;0;0
org.apache.jackrabbit.harness.compatibility.CreateRepositoryTest;0;0
org.apache.jackrabbit.jcr2spi.operation.CreateConfiguration;0;0
org.apache.jackrabbit.core.search.ExecutableQuery;0;0
org.apache.jackrabbit.api.security.user.UserManagerCreateUserTest;0;0
org.apache.jackrabbit.test.api.version.GetCreatedTest;0;0
org.apache.jackrabbit.test.api.version.OnParentVersionComputeTest;0;0
org.apache.maven.archetype.creator.FilesetArchetypeCreator;0;0
org.apache.maven.archetype.DefaultArchetypeCreatorTest;0;0
org.apache.maven.plugin.archetype.CreateArchetypeFromProjectMojo;0;0
org.apache.maven.archetype.mojos.CreateArchetypeFromProjectMojo;23;113183325
org.apache.maven.archetype.creator.DefaultArchetypeCreatorTest;0;0
org.apache.maven.archetype.mojos.CreateProjectFromArchetypeMojo;27;113178834
org.apache.oodt.commons.ExecServer;0;0
gov.nasa.jpl.oodt.cas.resource.structs.exceptions.JobExecutionException;0;0
org.apache.oodt.cas.resource.structs.exceptions.JobExecutionException;0;0
org.apache.oodt.cas.cli.exception.CmdLineActionExecutionException;0;0
org.ofbiz.base.conversion.ConverterCreater;0;0
org.ofbiz.base.conversion.ConverterCreator;0;0
org.ofbiz.common.JsLanguageFileMappingCreator;0;0
org.apache.jmeter.protocol.jms.sampler.QueueExecutor;0;0
org.apache.jmeter.protocol.jms.sampler.TemporaryQueueExecutor;0;0
org.apache.jmeter.protocol.jms.sampler.FixedQueueExecutor;0;0
org.pdfbox.examples.pdmodel.CreateBookmarks;0;0
org.pdfbox.examples.pdmodel.CreateBlankPDF;0;0
org.apache.pdfbox.examples.signature.CreateVisibleSignature;0;0
org.apache.pdfbox.examples.signature.CreateSignature;0;0
org.apache.pdfbox.examples.pdmodel.TestCreateSignature;0;0
org.apache.pdfbox.examples.pdmodel.CreateBookmarks;0;0
org.lehmi.linuxmagazin.CreatePDF;0;0
org.apache.padaf.xmpbox.CreateXMPMetadataException;0;0
org.apache.pdfbox.examples.pdmodel.CreateLandscapePDF;0;0
org.apache.pdfbox.examples.pdmodel.CreateBlankPDF;0;0
org.apache.pdfbox.examples.pdfa.CreatePDFA;0;0
org.apache.juddi.samples.UddiCreatebulk;0;0
org.apache.juddi.example.browse.SimpleCreateTmodelPartition;0;0
uddi.examples.UddiCreatebulk;0;0
org.apache.juddi.example.partition.SimpleCreateTmodelPartition;0;0
org.apache.sentry.provider.db.service.thrift.TCreateSentryRoleRequest;0;0
org.apache.sentry.provider.db.service.thrift.TCreateSentryRoleResponse;0;0
org.apache.access.binding.hive.HiveAuthzBindingPreExecHook;0;0
org.apache.sentry.binding.hive.HiveAuthzBindingPreExecHook;0;0
org.oscom.lenya.cms.CMFProjectCreator;4;10533238
org.apache.lenya.lucene.index.DocumentCreator;0;0
org.wyona.cms.authoring.DefaultCreator;0;0
org.wyona.cms.cocoon.acting.ParentChildCreatorAction;0;0
org.apache.lenya.cms.authoring.NewBlogEntryCreator;19;56297904
org.apache.lenya.cms.task.ExecutionException;6;56693975
org.apache.lenya.lucene.index.DefaultDocumentCreator;0;0
org.apache.lenya.cms.ant.ComputeArchiveDocumentId;0;0
ch.unizh.unipublic.wyona.cms.authoring.NewArticleCreator;7;20690064
org.apache.lenya.cms.ant.DocumentCreatorTask;0;0
org.lenya.lucene.index.DocumentCreator;0;0
org.apache.lenya.cms.cocoon.acting.DefaultCreatorAction;0;0
org.apache.lenya.cms.authoring.DefaultCreator;15;62893451
org.apache.lenya.lucene.index.AbstractDocumentCreator;0;0
org.lenya.cms.cocoon.acting.ParentChildCreatorAction;0;0
org.apache.lenya.cms.authoring.DefaultBranchCreator;11;64972089
org.lenya.lucene.index.DefaultDocumentCreator;0;0
org.oscom.lenya.cms.CMSProjectCreator;4;10533238
org.lenya.lucene.index.AbstractDocumentCreator;0;0
org.apache.lenya.cms.site.usecases.CreateOpenDocument;7;35079459
org.apache.lenya.cms.ant.ComputeCopyDocumentId;2;672268
org.apache.lenya.cms.ant.ComputeRenameDocumentId;0;0
org.oscom.lenya.cms.EditorProjectCreator;4;10533238
org.wyona.cms.authoring.AbstractParentChildCreator;0;0
org.apache.lenya.cms.ant.ComputeArchivDocumentId;0;0
org.apache.lenya.cms.site.usecases.CreateResource;0;0
org.apache.lenya.cms.authoring.DocumentCreator;0;0
org.apache.lenya.cms.cocoon.acting.ParentChildCreatorAction;0;0
ch.unizh.unipublic.lenya.cms.authoring.NewArticleCreator;0;0
org.wyona.cms.authoring.DefaultParentChildCreator;0;0
org.waveprotocol.box.server.executor.ExecutorAnnotations;0;0
org.apache.lucene.benchmark.byTask.feeds.LineDocMaker;0;0
org.apache.lucene.benchmark.byTask.feeds.EnwikiDocMaker;0;0
org.apache.solr.handler.admin.CoreAdminCreateDiscoverTest;0;0
org.apache.solr.common.cloud.ZkCmdExecutor;8;28089221
org.apache.lucene.benchmark.byTask.tasks.CreateTaxonomyIndexTask;0;0
org.apache.karaf.webconsole.karaf.admin.create.CreateInstancePage;0;0
org.apache.maven.scm.provider.git.gitexe.command.changelog.GitExeChangeLogCommandTckTest;0;0
org.apache.maven.scm.provider.svn.svnexe.command.checkin.SvnExeCheckInCommandTckTest;0;0
org.apache.maven.scm.provider.cvslib.cvsexe.command.checkout.CvsExeCheckOutCommandTckTest;0;0
org.apache.maven.scm.provider.git.gitexe.command.checkin.GitExeCheckInCommandTckTest;0;0
org.apache.maven.scm.provider.cvslib.cvsexe.command.checkin.CvsExeCheckInCommand;0;0
org.apache.maven.scm.provider.svn.svnexe.command.checkout.SvnExeCheckOutCommandTckTest;0;0
org.apache.maven.scm.provider.synergy.consumer.SynergyCreateTaskConsumerTest;0;0
org.apache.maven.scm.provider.cvslib.cvsexe.command.changelog.CvsExeChangeLogCommandTest;0;0
org.apache.maven.scm.provider.cvslib.cvsexe.command.changelog.CvsExeChangeLogCommand;0;0
org.apache.maven.scm.provider.cvslib.cvsexe.command.checkin.CvsExeCheckInCommandTckTest;0;0
org.apache.maven.scm.provider.cvslib.cvsexe.command.checkout.CvsExeCheckOutCommand;0;0
org.apache.maven.scm.provider.git.gitexe.command.checkout.GitExeCheckOutCommandTckTest;0;0
org.apache.maven.scm.provider.cvslib.cvsexe.command.checkout.CvsExeCheckoutCommandTest;0;0
org.apache.maven.surefire.testng.TestNGExecutor;0;0
org.apache.maven.surefire.junitcore.ConfigurableParallelComputerTest;0;0
org.apache.maven.surefire.booter.SurefireExecutionException;0;0
org.apache.maven.surefire.its.TestNgExecuteErrorTest;0;0
org.apache.maven.surefire.its.jiras.Surefire803MultiFailsafeExecsIT;0;0
org.apache.maven.plugin.surefire.runorder.ThreadedExecutionScheduler;1;42307220
org.apache.maven.surefire.its.CheckTestNgExecuteErrorIT;0;0
org.apache.james.imap.message.request.CreateRequest;0;0
org.apache.james.imap.processor.CreateProcessor;8;58668369
org.apache.james.imap.decode.parser.CreateCommandParser;2;1141560
org.apache.maven.mae.DefaultMAEExecutionRequest;1;273164
org.jclouds.aws.ec2.compute.AWSEC2ComputeService;3;3254851
org.jclouds.http.apachehc.ApacheHCHttpCommandExecutorService;0;0
org.jclouds.http.apachehc.ApacheHCHttpCommandExecutorServiceTest;0;0
org.jclouds.serverlove.compute.ServerloveManchesterComputeServiceLiveTest;0;0
org.jclouds.chef.strategy.internal.CreateNodeAndPopulateAutomaticAttributesImplTest;0;0
org.jclouds.ec2.compute.strategy.CreateKeyPairAndSecurityGroupsAsNeededAndReturnRunOptionsTest;0;0
org.jclouds.openstack.nova.ec2.compute.NovaEC2ComputeServiceLiveTest;0;0
org.jclouds.openstack.nova.v2_0.internal.BaseNovaComputeServiceExpectTest;0;0
org.jclouds.providers.JcloudsTestYetAnotherComputeProviderMetadata;1;456651
org.jclouds.apis.JcloudsTestYetAnotherComputeApiMetadata;0;0
org.jclouds.vcloud.bluelock.compute.BlueLockVCloudComputeServiceLiveTest;2;106490
org.jclouds.ninefold.compute.NinefoldComputeContextBuilder;0;0
org.jclouds.aws.ec2.compute.EucalyptusComputeServiceLiveTestDisabled;0;0
org.jclouds.hpcloud.compute.HPCloudComputePropertiesBuilder;0;0
org.jclouds.elasticstack.functions.CreateDriveRequestToMapTest;0;0
org.jclouds.compute.internal.BaseComputeServiceApiMetadataTest;0;0
org.jclouds.gogrid.config.GoGridComputeServiceContextModule;4;499331
org.jclouds.http.apachehc.config.ApacheHCHttpCommandExecutorServiceModule;0;0
org.jclouds.http.okhttp.OkHttpCommandExecutorServiceTest;0;0
org.jclouds.jenkins.v1.parse.ParseComputerViewTest;0;0
org.jclouds.vcloud.terremark.compute.TerremarkVCloudExpressComputeServiceContextModule;0;0
org.jclouds.compute.ComputeServiceApiMetadata;0;0
org.jclouds.rackspace.cloudservers.uk.compute.CloudServersUKComputeServiceLiveTest;0;0
org.jclouds.hpcloud.compute.features.HPCloudComputeServerApiLiveTest;0;0
org.jclouds.vcloud.terremark.xml.ComputeOptionHandlerTest;0;0
org.jclouds.elastichosts.compute.ElasticHostsAmsterdamComputeServiceLiveTest;0;0
org.jclouds.openstack.nova.compute.config.NovaComputeServiceContextModule;0;0
org.jclouds.vcloud.terremark.compute.config.TerremarkBindComputeSuppliersByClass;0;0
org.jclouds.mezeo.pcs2.binders.CreateContainerBinder;0;0
org.jclouds.trmk.vcloud_0_8.compute.strategy.CreateNewKeyPairUnlessUserSpecifiedOtherwiseTest;0;0
org.jclouds.vcloud.compute.config.VCloudComputeServiceContextModule;46;18197376
org.jclouds.elastichosts.compute.ElasticHostsHongKongComputeServiceLiveTest;0;0
org.jclouds.http.httpnio.pool.NioTransformingHttpCommandExecutorServiceTest;0;0
org.jclouds.ec2.compute.internal.BaseEC2ComputeServiceExpectTest;0;0
org.jclouds.aws.ec2.compute.config.AWSEC2BindComputeSuppliersByClass;0;0
org.jclouds.aws.ec2.xml.CreateVolumeResponseHandlerTest;0;0
org.jclouds.snia.cdmi.v1.options.CreateDataObjectNonCDMIOptions;0;0
org.jclouds.jenkins.v1.features.ComputerApiLiveTest;0;0
org.jclouds.rackspace.clouddns.v1.domain.CreateDomain;0;0
org.jclouds.compute.config.ComputeServicePropertiesTest;0;0
org.jclouds.trmk.vcloud_0_8.compute.config.TerremarkBindComputeSuppliersByClass;0;0
org.jclouds.ec2.compute.EC2ComputeServiceExpectTest;1;24876518
org.jclouds.savvis.vpdc.compute.SymphonyVPDCComputeServiceLiveTest;0;0
org.jclouds.aws.ec2.compute.EucalyptusComputeServiceLiveTest;0;0
org.jclouds.http.ning.config.NingHttpCommandExecutorServiceModule;0;0
org.jclouds.ec2.compute.strategy.CreateKeyPairPlacementAndSecurityGroupsAsNeededAndReturnRunOptionsTest;0;0
org.jclouds.dynect.v3.parse.CreateSessionResponseTest;0;0
org.jclouds.cloudstack.compute.config.CloudStackComputeServiceContextModule;4;7310112
org.jclouds.azure.management.binders.BindCreateHostedServiceToXmlPayload;0;0
org.jclouds.greenhousedata.element.vcloud.config.GreenHouseDataElementVCloudComputeServiceContextModule;0;0
org.jclouds.chef.strategy.CreateNodeAndPopulateAutomaticAttributes;0;0
org.jclouds.slicehost.compute.SlicehostComputeServiceLiveTest;8;53466870
org.jclouds.rackspace.cloudservers.compute.CloudServersUSComputeServiceLiveTest;0;0
org.jclouds.servermanager.compute.strategy.ServerManagerComputeServiceAdapter;0;0
org.jclouds.fujitsu.fgcp.xml.internal.CreateVServerResponse;0;0
org.jclouds.dunkel.vcd.compute.DunkelVCloudDirectorComputeServiceLiveTest;0;0
org.jclouds.compute.util.ComputeUtils;0;0
org.jclouds.tools.ant.ComputeTask;4;256061
org.jclouds.jenkins.v1.parse.ParseComputerTest;0;0
org.jclouds.vcloud.bluelock.compute.BlueLockVCloudExpressComputeClient;0;0
org.jclouds.hpcloud.compute.features.HPCloudComputeFloatingIPClientLiveTest;0;0
org.jclouds.tools.ant.ComputeTaskTest;0;0
org.jclouds.concurrent.DynamicExecutors;4;94081146
org.jclouds.cloudservers.binders.BindCreateImageToJsonPayload;0;0
org.jclouds.aws.ec2.compute.functions.CreateUniqueKeyPairTest;0;0
org.jclouds.concurrent.config.ExecutorServiceModuleTest;0;0
org.jclouds.glesys.compute.GleSYSComputeServiceLiveTest;2;1163601
org.jclouds.joyent.sdc.v6_5.compute.strategy.ApplySDCTemplateOptionsCreateNodesWithGroupEncodedIntoNameThenAddToSet;0;0
org.jclouds.openstack.nova.v1_1.features.NovaComputeServiceExpectTest;0;0
org.jclouds.slicehost.compute.config.SlicehostComputeServiceContextModuleTest;0;0
org.jclouds.http.config.JavaUrlHttpCommandExecutorServiceModule;0;0
org.jclouds.cloudsigma.compute.CloudSigmaZurichComputeServiceLiveTest;0;0
org.jclouds.savvis.vpdc.compute.config.VPDCComputeServiceContextModule;4;33289812
org.jclouds.dynect.v3.domain.CreatePrimaryZone;0;0
org.jclouds.gogrid.compute.GoGridComputeService;0;0
org.jclouds.joyent.cloudapi.v6_5.compute.internal.BaseJoyentCloudComputeServiceExpectTest;0;0
org.jclouds.jenkins.v1.features.ComputerClient;0;0
org.jclouds.libvirt.compute.LibvirtComputeServiceContextSpec;0;0
org.jclouds.openstack.glance.v1_0.options.CreateImageOptions;0;0
org.jclouds.compute.ComputeServiceContextFactory;2;317777
org.jclouds.joyent.sdc.v6_5.compute.config.SDCComputeServiceContextModule;0;0
org.jclouds.cloudservers.compute.config.CloudServersComputeServiceContextModuleTest;0;0
org.jclouds.ec2.compute.config.EC2BindComputeSuppliersByClass;2;33937552
org.jclouds.fujitsu.fgcp.compute.config.FGCPAUComputeServiceLiveTest;0;0
org.jclouds.gogrid.GoGridComputeServiceLiveTest;0;0
org.jclouds.aws.ec2.options.CreateSecurityGroupOptions;0;0
org.jclouds.openhosting.compute.OpenHostingEast1ComputeServiceLiveTest;0;0
org.jclouds.openstack.nova.v2_0.compute.NovaComputeServiceAdapterExpectTest;0;0
org.jclouds.cloudstack.compute.CloudStackComputeServiceAdapterExpectTest;0;0
org.jclouds.greenqloud.compute.config.GreenQloudComputeComputeServiceContextModule;0;0
org.jclouds.http.pool.config.ConnectionPoolCommandExecutorServiceModule;0;0
org.jclouds.ibmdev.compute.config.IBMDeveloperCloudComputeServiceContextModule;14;26702883
org.jclouds.hpcloud.compute.features.HPCloudComputeFlavorApiLiveTest;0;0
org.jclouds.rackspace.cloudservers.uk.config.CloudServersUKComputeServiceContextModule;0;0
org.jclouds.ec2.compute.internal.EC2ComputeServiceContextImpl;0;0
org.jclouds.mezeo.pcs2.binders.CreateFileBinder;0;0
org.jclouds.ibmdev.compute.config.IBMDeveloperCloudComputeServiceDependenciesModuleTest;0;0
org.jclouds.glesys.compute.GleSYSComputeServiceAdapterExpectTest;0;0
org.jclouds.openstack.trove.v1.binders.BindCreateInstanceToJson;0;0
org.jclouds.elastichosts.compute.ElasticHostsSanJoseComputeServiceLiveTest;0;0
org.jclouds.vcloud.compute.VCloudComputeServiceLiveTest;25;60332183
org.jclouds.gogrid.compute.GoGridComputeServiceLiveTest;5;17869826
org.jclouds.libvirt.compute.LibvirtComputeServiceContextBuilder;0;0
org.jclouds.azure.management.compute.config.AzureManagementComputeServiceContextModule;0;0
org.jclouds.openstack.nova.compute.config.NovaComputeServiceContextModuleTest;0;0
org.jclouds.virtualbox.functions.CreateMediumIfNotAlreadyExistsTest;3;3104565
org.jclouds.stratogen.vcloud.mycloud.compute.StratoGenVCloudMyCloudComputeServiceLiveTest;0;0
org.jclouds.glesys.options.CreateServerOptions;0;0
org.jclouds.aws.ec2.compute.loaders.AWSEC2CreateSecurityGroupIfNeededTest;0;0
org.jclouds.http.BaseHttpCommandExecutorServiceTest;2;6399831
org.jclouds.vcloud.compute.config.VCloudBindComputeSuppliersByClass;0;0
org.jclouds.greenqloud.compute.GreenQloudComputeProviderTest;0;0
org.jclouds.ec2.compute.EC2ComputeServiceLiveTest;6;27605724
org.jclouds.skalicloud.compute.SkaliCloudMalaysiaComputeServiceLiveTest;0;0
org.jclouds.aws.ComputeAndBlobStoreTogetherHappilyLiveTest;0;0
org.jclouds.http.BaseHttpCommandExecutorServiceIntegrationTest;0;0
org.jclouds.http.okhttp.OkHttpCommandExecutorService;0;0
org.jclouds.gogrid.compute.strategy.FindIpThenCreateNodeInGroup;0;0
org.jclouds.snia.cdmi.v1.options.CreateContainerOptions;0;0
org.jclouds.hpcloud.compute.config.HPCloudComputeServiceContextModule;0;0
org.jclouds.gogrid.compute.strategy.FindPublicIpThenCreateNodeInGroup;0;0
org.jclouds.hpcloud.compute.HPCloudComputeApiMetadata;0;0
org.jclouds.ec2.compute.EucalyptusComputeServiceLiveTestDisabled;0;0
org.jclouds.greenqloud.compute.GreenQloudComputeComputeServiceLiveTest;0;0
org.jclouds.http.JavaUrlHttpCommandExecutorServiceTest;0;0
org.jclouds.compute.ComputeService;11;4506840
org.jclouds.hpcloud.compute.features.HPCloudComputeSecurityGroupClientLiveTest;0;0
org.jclouds.vcloud.compute.util.VCloudComputeUtils;0;0
org.jclouds.compute.util.ComputeServiceUtilsTest;0;0
org.jclouds.ec2.compute.config.EC2ComputeServiceContextModuleTest;0;0
org.jclouds.ec2.compute.util.EC2ComputeUtils;1;8084263
org.jclouds.hpcloud.compute.features.HPCloudComputeKeyPairApiLiveTest;0;0
org.jclouds.hpcloud.compute.HPCloudComputeProviderMetadataExpectTest;0;0
org.jclouds.ninefold.compute.config.NinefoldComputeServiceContextModule;0;0
org.jclouds.aws.ec2.compute.AWSEC2ComputeServiceContext;0;0
org.jclouds.vi.compute.ViComputeServiceContextSpec;0;0
org.jclouds.greenqloud.compute.GreenQloudComputeComputeServiceLiveTestDisabled;0;0
org.jclouds.jenkins.v1.features.ComputerAsyncClient;0;0
org.jclouds.apis.Compute;0;0
org.jclouds.http.httpnio.pool.NioTransformingHttpCommandExecutorService;0;0
org.jclouds.rimuhosting.miro.compute.RimuHostingCreateServerResponseTest;0;0
org.jclouds.rimuhosting.miro.compute.RimuHostingComputeService;8;1310489
org.jclouds.rimuhosting.miro.compute.RimuHostingComputeServiceLiveTest;5;709380
org.jclouds.vcloud.compute.VCloudExpressComputeClient;1;5034011
org.jclouds.openstack.nova.v1_1.compute.functions.CreateUniqueKeyPairTest;0;0
org.jclouds.ecc.compute.ECCEucalyptusComputeServiceLiveTest;0;0
org.jclouds.ninefold.compute.NinefoldComputeProviderMetadata;3;12037303
org.jclouds.ibmdev.compute.strategy.CreateKeyCreateNodesWithGroupEncodedIntoNameThenAddToSet;0;0
org.jclouds.compute.internal.BaseComputeServiceApiMetadata;0;0
org.jclouds.openstack.nova.v2_0.compute.config.NovaComputeServiceContextModule;0;0
org.jclouds.compute.ComputeServiceContextFactoryTest;0;0
org.jclouds.fujitsu.fgcp.compute.config.FGCPDEComputeServiceLiveTest;0;0
org.jclouds.vcloud.compute.config.VCloudExpressComputeServiceContextModule;0;0
org.jclouds.openstack.nova.v2_0.compute.NovaComputeServiceExpectTest;5;9791945
org.jclouds.rimuhosting.miro.binder.CreateServerOptions;0;0
org.jclouds.rackspace.cloudservers.us.compute.CloudServersUSComputeServiceLiveTest;0;0
org.jclouds.http.ning.NingHttpCommandExecutorService;8;66105129
org.jclouds.virtacore.publiccloud.config.VirtacorePublicCloudLAXComputeServiceContextModule;0;0
org.jclouds.epc.compute.EucalyptusPartnerCloudEucalyptusComputeServiceLiveTest;0;0
org.jclouds.hpcloud.compute.HPCloudComputeContextBuilder;0;0
org.jclouds.rimuhosting.miro.compute.config.RimuHostingComputeServiceContextModule;0;0
org.jclouds.http.httpnio.config.NioTransformingHttpCommandExecutorServiceModule;0;0
org.jclouds.elastichosts.compute.ElasticHostsPeer1TorontoComputeServiceLiveTest;0;0
org.jclouds.hpcloud.compute.features.HPCloudComputeVolumeApiLiveTest;0;0
org.jclouds.http.TransformingHttpCommandExecutorServiceImpl;0;0
org.jclouds.aws.ec2.compute.NovaComputeServiceLiveTestDisabled;0;0
org.jclouds.vcloud.bluelock.compute.config.BlueLockVCloudExpressComputeServiceContextModule;0;0
org.jclouds.ec2.compute.EC2ComputeService;0;0
org.jclouds.libvirt.compute.strategy.LibvirtComputeServiceAdapter;0;0
org.jclouds.vcloud.compute.config.CommonVCloudBindComputeStrategiesByClass;0;0
org.jclouds.vcloud.hostingdotcom.compute.config.HostingDotComVCloudComputeServiceContextModule;0;0
org.jclouds.ohai.CreateNodeTest;0;0
org.jclouds.ec2.compute.EC2ComputeServiceContext;0;0
org.jclouds.mezeo.pcs2.binders.CreateFileBinderTest;0;0
org.jclouds.trystack.nova.compute.TryStackNovaComputeServiceLiveTest;0;0
org.jclouds.vcloud.bluelock.compute.BlueLockVCloudDirectorComputeClient;0;0
org.jclouds.ec2.compute.strategy.EC2CreateNodesInGroupThenAddToSetTest;0;0
org.jclouds.elastichosts.compute.ElasticHostsBlueSquareLondonComputeServiceLiveTest;0;0
org.jclouds.cloudstack.compute.loaders.CreateUniqueKeyPairTest;0;0
org.jclouds.aws.ec2.compute.internal.AWSEC2ComputeServiceContextImpl;0;0
org.jclouds.openstack.nova.live.compute.NovaComputeServiceLiveTest;0;0
org.jclouds.nova.ec2.compute.NovaEC2ComputeServiceLiveTest;0;0
org.jclouds.cloudservers_nova.us.compute.CloudServersUSComputeServiceLiveTest;0;0
org.jclouds.openstack.nova.ec2.config.NovaEC2ComputeServiceContextModule;0;0
org.jclouds.stratogen.vcloud.mycloud.config.StratoGenVCloudMyCloudComputeServiceContextModule;0;0
org.jclouds.openhosting.config.OpenHostingEast1ComputeServiceContextModule;0;0
org.jclouds.skalicloud.config.SkaliCloudMalaysiaComputeServiceContextModule;0;0
org.jclouds.virtualbox.functions.NodeCreator;0;0
org.jclouds.vcloud.terremark.compute.strategy.CreateNewKeyPairUnlessUserSpecifiedOtherwiseTest;0;0
org.jclouds.cloudsigma.compute.CloudSigmaComputeServiceLiveTest;0;0
org.jclouds.compute.strategy.CreateNodesInGroupThenAddToSet;0;0
org.jclouds.rackspace.cloudservers.us.config.CloudServersUSComputeServiceContextModule;0;0
org.jclouds.aws.s3.commands.options.CreateBucketOptions;0;0
org.jclouds.hpcloud.compute.features.HPCloudComputeImageApiLiveTest;0;0
org.jclouds.cloudstack.options.CreateIPForwardingRuleOptionsTest;0;0
org.jclouds.http.ning.NingHttpCommandExecutorServiceTest;1;8133346
org.jclouds.rackspace.cloudservers.binders.BindCreateImageToJsonEntity;0;0
org.jclouds.go2cloud.compute.Go2CloudJohannesburg1ComputeServiceLiveTest;0;0
org.jclouds.trmk.vcloud_0_8.compute.TerremarkVCloudComputeClientTest;0;0
org.jclouds.compute.domain.CreateNodeResponse;0;0
org.jclouds.gogrid.compute.config.GoGridComputeServiceContextModule;24;21728518
org.jclouds.vcloud.hostingdotcom.compute.HostingDotComVCloudComputeClientLiveTest;10;3119609
org.jclouds.hpcloud.compute.compute.HPCloudComputeComputeServiceLiveTest;0;0
org.jclouds.hpcloud.compute.features.HPCloudComputeFlavorClientLiveTest;0;0
org.jclouds.compute.domain.ComputeMetadataIncludingStatus;0;0
org.jclouds.slicehost.compute.config.SlicehostComputeServiceContextModule;10;16327322
org.jclouds.openstack.nova.v2_0.compute.strategy.ApplyNovaTemplateOptionsCreateNodesWithGroupEncodedIntoNameThenAddToSet;0;0
org.jclouds.vcloud.hostingdotcom.compute.HostingDotComVCloudComputeClient;9;4760394
org.jclouds.rimuhosting.miro.compute.RimuHostingCreateNodeResponse;0;0
org.jclouds.ec2.options.CreateSnapshotOptions;0;0
org.jclouds.aws.ec2.options.CreateSnapshotOptions;0;0
org.jclouds.libvirt.compute.LibvirtComputeService;0;0
org.jclouds.byon.config.BYONComputeServiceContextModule;7;38547691
org.jclouds.concurrent.config.ExecutorServiceModule;0;0
org.jclouds.hpcloud.compute.HPCloudComputeProviderTest;0;0
org.jclouds.rackspace.cloudservers.compute.config.CloudServersComputeServiceContextModuleTest;0;0
org.jclouds.elastichosts.compute.ElasticHostsPeer1SanAntonioComputeServiceLiveTest;0;0
org.jclouds.slicehost.compute.config.SlicehostBindComputeSuppliersByClass;0;0
org.jclouds.openstack.nova.v1_1.compute.strategy.ApplyNovaTemplateOptionsCreateNodesWithGroupEncodedIntoNameThenAddToSet;0;0
org.jclouds.ibmdev.compute.strategy.IBMDeveloperCloudCreateNodeWithGroupEncodedIntoName;0;0
org.jclouds.fujitsu.fgcp.xml.internal.CreateEFMResponse;0;0
org.jclouds.aws.ec2.compute.config.AWSEC2ComputeServiceContextModule;4;26973138
org.jclouds.jenkins.v1.features.ComputerApiExpectTest;0;0
org.jclouds.blobstore.functions.impl.CalculateSizeByLength;0;0
org.jclouds.joyent.cloudapi.v6_5.compute.strategy.ApplyJoyentCloudTemplateOptionsCreateNodesWithGroupEncodedIntoNameThenAddToSet;0;0
org.jclouds.command.EndpointCommandExecutorService;0;0
org.jclouds.glesys.compute.config.GleSYSComputeServiceContextModule;0;0
org.jclouds.openstack.nova.v1_1.compute.NovaComputeServiceAdapter;0;0
org.jclouds.softlayer.compute.SoftLayerComputeServiceLiveTest;1;958292
org.jclouds.cloudstack.internal.BaseCloudStackComputeServiceContextExpectTest;0;0
org.jclouds.aws.ec2.compute.EC2ComputeServiceTest;0;0
org.jclouds.compute.strategy.CreateNodeWithGroupEncodedIntoName;0;0
org.jclouds.openstack.nova.v1_1.compute.NovaComputeServiceExpectTest;0;0
org.jclouds.rimuhosting.miro.binder.RimuHostingCreateInstanceBinder;0;0
org.jclouds.gae.config.GaeHttpCommandExecutorServiceModuleTest;0;0
org.jclouds.vcloud.compute.config.VCloudExpressComputeServiceContextModuleTest;0;0
org.jclouds.elasticstack.compute.ElasticStackComputeServiceLiveTest;0;0
org.jclouds.smartos.compute.config.SmartOSComputeServiceContextModule;0;0
org.jclouds.http.JavaUrlHttpCommandExecutorServiceIntegrationTest;0;0
org.jclouds.compute.stub.config.StubComputeServiceAdapter;4;27321871
org.jclouds.compute.stub.StubComputeServiceContextBuilder;6;11977437
org.jclouds.aws.ec2.compute.strategy.CreateKeyPairPlacementAndSecurityGroupsAsNeededAndReturnRunOptionsTest;0;0
org.jclouds.ninefold.compute.compute.NinefoldComputeServiceLiveTest;0;0
org.jclouds.mezeo.pcs2.binders.CreateContainerBinderTest;0;0
org.jclouds.http.pool.ConnectionPoolTransformingHttpCommandExecutorService;0;0
org.jclouds.compute.internal.BaseComputeServiceContextLiveTest;2;1614850
org.jclouds.ec2.compute.internal.BaseEC2ComputeServiceContextExpectTest;0;0
org.jclouds.apis.JcloudsTestComputeApiMetadata;0;0
org.jclouds.savvis.vpdc.compute.config.SymphonyVPDCComputeServiceContextModule;0;0
org.jclouds.serverlove.config.ServerloveManchesterComputeServiceContextModule;0;0
org.jclouds.aws.ec2.compute.NovaComputeServiceLiveTest;0;0
org.jclouds.cloudstack.compute.CloudStackComputeServiceLiveTest;6;13674790
org.jclouds.vcloud.bluelock.compute.config.BlueLockVCloudComputeServiceContextModule;0;0
org.jclouds.cloudstack.options.CreatePodOptionsTest;0;0
org.jclouds.elastichosts.compute.ElasticHostsPeer1LosAngelesComputeServiceLiveTest;0;0
org.jclouds.gae.GaeHttpCommandExecutorServiceIntegrationTest;3;6993616
org.jclouds.elastichosts.compute.ElasticHostsSydneyComputeServiceLiveTest;0;0
org.jclouds.ninefold.compute.NinefoldComputeProviderTest;0;0
org.jclouds.rimuhosting.miro.servers.RimuHostingCreateServerResponseTest;0;0
org.jclouds.ibmdev.compute.strategy.CreateKeyPairEncodeTagIntoNameRunNodesAndAddToSet;0;0
org.jclouds.gae.config.GaeHttpCommandExecutorServiceModule;0;0
org.jclouds.nodepool.config.BindBackendComputeServiceTest;0;0
org.jclouds.rimuhosting.miro.compute.config.RimuHostingBindComputeSuppliersByClass;2;34234734
org.jclouds.aws.s3.samples.test.CreateListOwnedBucketsLiveTest;0;0
org.jclouds.hpcloud.compute.features.HPCloudComputeKeyPairClientLiveTest;0;0
org.jclouds.http.TransformingHttpCommandExecutorService;0;0
org.jclouds.elastichosts.compute.ElasticHostsPeer1LondonComputeServiceLiveTest;0;0
org.jclouds.aws.s3.samples.test.CreateListOwnedBucketsIntegrationTest;0;0
org.jclouds.vcloud.terremark.binders.BindCreateKeyToXmlPayload;0;0
org.jclouds.vi.compute.strategy.ViComputeServiceAdapter;0;0
org.jclouds.vcloud.terremark.compute.config.TerremarkECloudComputeServiceContextModule;0;0
org.jclouds.vcloud.terremark.xml.ComputeOptionsHandlerTest;0;0
org.jclouds.hpcloud.compute.features.HPCloudComputeVolumeClientLiveTest;0;0
org.jclouds.compute.reference.ComputeServiceConstantsTest;0;0
org.jclouds.openstack.trove.v1.binders.BindCreateUserToJson;0;0
org.jclouds.concurrent.MoreExecutors;0;0
org.jclouds.http.okhttp.config.OkHttpCommandExecutorServiceModule;0;0
org.jclouds.rimuhosting.miro.compute.RimuHostingComputeServiceContextFactory;0;0
org.jclouds.hpcloud.compute.features.HPCloudComputeImageClientLiveTest;0;0
org.jclouds.vcloud.compute.config.VCloudComputeServiceContextModuleTest;0;0
org.jclouds.greenhousedata.element.vcloud.compute.GreenHouseDataElementVCloudComputeServiceLiveTest;0;0
org.jclouds.ec2.compute.functions.CreateUniqueKeyPairTest;0;0
org.jclouds.trmk.ecloud.compute.config.TerremarkECloudComputeServiceContextModule;0;0
org.jclouds.eucalyptus.compute.EucalyptusComputeServiceLiveTest;0;0
org.jclouds.greenqloud.compute.strategy.GreenQloudComputeReviseParsedImageTest;0;0
org.jclouds.openstack.nova.ec2.loaders.NovaCreateSecurityGroupIfNeeded;0;0
org.jclouds.vcloud.bluelock.compute.BlueLockVCloudComputeClient;0;0
org.jclouds.rackspace.cloudservers.binders.BindCreateImageToJsonPayload;0;0
org.jclouds.openstack.nova.v1_1.compute.NovaComputeServiceAdapterExpectTest;0;0
org.jclouds.savvis.vpdc.compute.VPDCComputeServiceLiveTestDisabled;0;0
org.jclouds.aws.ec2.compute.strategy.CreateKeyPairAndSecurityGroupsAsNeededAndReturnRunOptionsTest;0;0
org.jclouds.aws.ec2.compute.AWSEC2ComputeServiceLiveTest;0;0
org.jclouds.openstack.nova.v1_1.internal.BaseNovaComputeServiceExpectTest;1;411147
org.jclouds.compute.stub.config.StubComputeServiceContextModule;0;0
org.jclouds.softlayer.compute.config.SoftLayerComputeServiceContextModule;0;0
org.jclouds.compute.stub.config.StubComputeServiceDependenciesModule;3;36885745
org.jclouds.gae.AsyncGaeHttpCommandExecutorService;3;6553577
org.jclouds.virtualbox.functions.CreateAndRegisterMachineFromIsoIfNotAlreadyExistsTest;4;3240178
org.jclouds.aws.ec2.compute.config.AWSEC2ComputeServiceContextModuleTest;0;0
org.jclouds.ec2.compute.config.EC2ComputeServiceContextModule;1;94358
org.jclouds.vcloud.hostingdotcom.compute.HostingDotComVCloudComputeService;9;3119609
org.jclouds.http.HttpCommandExecutorService;0;0
org.jclouds.ibmdev.compute.config.IBMDeveloperCloudComputeServiceContextModuleTest;0;0
org.jclouds.epc.config.EucalyptusPartnerCloudComputeServiceContextModule;0;0
org.jclouds.aws.ec2.config.AWSEC2ComputeServiceContextModule;0;0
org.jclouds.compute.domain.CreateServerResponse;1;497190
org.jclouds.jenkins.v1.features.ComputerClientExpectTest;0;0
org.jclouds.tools.ant.taskdefs.compute.ComputeTaskUtils;5;161986
org.jclouds.nodepool.NodePoolComputeServiceContextTest;0;0
org.jclouds.cloudservers.compute.config.CloudServersComputeServiceContextModule;0;0
org.jclouds.rackspace.cloudservers.binders.CreateImageBinder;0;0
org.jclouds.gae.GaeHttpCommandExecutorService;28;79319066
org.jclouds.savvis.vpdc.compute.strategy.VPDCComputeServiceAdapter;0;0
org.jclouds.trmk.vcloudexpress.compute.TerremarkVCloudExpressComputeServiceContextModule;0;0
org.jclouds.jenkins.v1.features.ComputerApi;0;0
org.jclouds.dynect.v3.binders.CreateRecordBinder;0;0
org.jclouds.blobstore.functions.CalculateSize;0;0
org.jclouds.concurrent.WithinThreadExecutor;0;0
org.jclouds.jenkins.v1.features.ComputerAsyncApi;0;0
org.jclouds.vcloud.terremark.compute.TerremarkVCloudComputeClientTest;0;0
org.jclouds.carrenza.vcloud.director.compute.CarrenzaVCloudDirectorComputeServiceLiveTest;0;0
org.jclouds.bluelock.vcloud.zone01.compute.BluelockVCloudZone01ComputeServiceLiveTest;1;2064597
org.jclouds.compute.StandaloneComputeServiceContextBuilder;0;0
org.jclouds.aws.ec2.compute.AWSEC2ComputeServiceExpectTest;0;0
org.jclouds.vcloud.terremark.compute.config.TerremarkVCloudComputeServiceContextModule;0;0
org.jclouds.byon.BYONComputeServiceTest;0;0
org.jclouds.compute.ComputeServiceContext;0;0
org.jclouds.aws.ec2.compute.config.EC2ComputeServiceContextModule;0;0
org.jclouds.rackspace.cloudservers.compute.config.CloudServersComputeServiceContextModule;5;1428810
org.jclouds.byon.BYONComputeServiceContextBuilder;0;0
org.jclouds.servermanager.compute.config.ServerManagerComputeServiceContextModule;0;0
org.jclouds.hpcloud.compute.compute.extensions.HPCloudComputeImageExtensionLivetest;0;0
org.jclouds.hpcloud.compute.features.HPCloudComputeSecurityGroupApiLiveTest;0;0
org.jclouds.smartos.compute.SmartOSManagerComputeServiceLiveTest;0;0
org.jclouds.sqs.options.CreateQueueOptions;0;0
org.jclouds.virtacore.publiccloud.compute.VirtacorePublicCloudLAXComputeServiceLiveTest;0;0
org.jclouds.compute.internal.ComputeUtilsTest;0;0
org.jclouds.fujitsu.fgcp.xml.internal.CreateVSYSResponse;0;0
org.jclouds.virtualbox.config.VirtualBoxComputeServiceContextModule;0;0
org.jclouds.hpcloud.compute.HPCloudComputeProviderMetadata;3;1979361
org.jclouds.elasticstack.functions.CreateDriveRequestToMap;0;0
org.jclouds.cloudsigma.compute.CloudSigmaLasVegasComputeServiceLiveTest;0;0
org.jclouds.deltacloud.compute.DeltacloudComputeServiceLiveTest;1;31259551
org.jclouds.rackspace.cloudservers.compute.CloudServersUKComputeServiceLiveTest;0;0
org.jclouds.aws.ec2.compute.internal.BaseAWSEC2ComputeServiceExpectTest;0;0
org.jclouds.hpcloud.compute.features.HPCloudComputeFloatingIPApiLiveTest;0;0
org.jclouds.jenkins.v1.features.ComputerClientLiveTest;0;0
org.jclouds.carrenza.vcloud.director.config.CarrenzaVCloudDirectorComputeServiceContextModule;0;0
org.jclouds.fujitsu.fgcp.compute.config.FGCPBaseComputeServiceLiveTest;0;0
org.jclouds.libvirt.compute.domain.LibvirtComputeServiceContextModule;0;0
org.jclouds.savvis.compute.config.SymphonyVPDCComputeServiceContextModule;0;0
org.jclouds.gogrid.compute.config.GoGridComputeServiceContextModuleTest;0;0
org.jclouds.glesys.options.ServerCreateOptions;0;0
org.jclouds.vcloud.terremark.compute.config.TerremarkBindComputeStrategiesByClass;0;0
org.jclouds.aws.ec2.compute.EC2ComputeService;35;12686402
org.jclouds.ec2.compute.EC2ComputeServiceTest;0;0
org.jclouds.rackspace.cloudservers.decorators.AddCreateImageAsJsonEntity;0;0
org.jclouds.deltacloud.compute.config.DeltacloudComputeServiceContextModule;0;0
org.jclouds.openstack.nova.v1_1.compute.config.NovaComputeServiceContextModule;0;0
org.jclouds.openstack.nova.v1_1.functions.CreateSecurityGroupInZoneExpectTest;0;0
org.jclouds.ninefold.compute.NinefoldComputePropertiesBuilder;0;0
org.jclouds.vcloud.terremark.compute.TerremarkVCloudComputeServiceLiveTest;8;3547534
org.jclouds.fujitsu.fgcp.xml.internal.CreateVDiskResponse;0;0
org.jclouds.openstack.trove.v1.binders.BindCreateDatabaseToJson;0;0
org.jclouds.rimuhosting.miro.compute.config.RimuHostingComputeServiceContextModuleTest;0;0
org.jclouds.libvirt.compute.LibvirtComputeServiceContextBuilderTest;0;0
org.jclouds.joyent.cloudapi.v6_5.compute.JoyentCloudComputeServiceLiveTest;0;0
org.jclouds.openstack.nova.ec2.xml.NovaCreateVolumeResponseHandler;0;0
org.jclouds.trmk.vcloud_0_8.compute.config.TerremarkVCloudComputeServiceContextModuleTest;0;0
org.jclouds.virtualbox.functions.CreateAndRegisterMachineFromIsoIfNotAlreadyExistsLiveTest;0;0
org.jclouds.providers.JcloudsTestComputeProviderMetadata;1;456651
org.jclouds.ec2.compute.NovaComputeServiceLiveTestDisabled;0;0
org.jclouds.joyent.sdc.v6_5.compute.SDCComputeServiceLiveTest;0;0
org.jclouds.servermanager.compute.ServerManagerComputeServiceContextBuilder;0;0
org.jclouds.joyent.joyentcloud.JoyentCloudComputeServiceLiveTest;0;0
org.jclouds.vcloud.bluelock.compute.config.BlueLockVCloudDirectorComputeServiceContextModule;0;0
org.jclouds.dunkel.vcd.config.DunkelVCloudDirectorComputeServiceContextModule;0;0
org.jclouds.rimuhosting.miro.servers.RimuHostingCreateServerResponse;1;31916
org.jclouds.compute.internal.ComputeServiceContextImpl;0;0
org.jclouds.aws.ec2.compute.EC2ComputeServiceLiveTest;9;3103097
org.jclouds.joyent.cloudapi.v6_5.compute.config.JoyentCloudComputeServiceContextModule;0;0
org.jclouds.compute.domain.internal.ComputeMetadataImpl;0;0
org.jclouds.hpcloud.compute.features.HPCloudComputeServerClientLiveTest;0;0
org.jclouds.aws.sqs.options.CreateQueueOptions;0;0
org.jclouds.compute.config.StandaloneComputeServiceContextModule;0;0
org.jclouds.hpcloud.compute.compute.extensions.HPCloudComputeSecurityGroupExtensionLiveTest;0;0
org.jclouds.vcloud.hostingdotcom.compute.HostingDotComVCloudComputeServiceLiveTest;4;709380
org.jclouds.nodepool.config.BindBackendComputeService;0;0
org.apache.pig.backend.hadoop.executionengine.physicalLayer.util.MonitoredUDFExecutor;0;0
org.apache.olingo.client.api.communication.response.ODataMediaEntityCreateResponse;0;0
com.msopentech.odatajclient.engine.it.CreateNavigationLinkTestITCase;0;0
org.apache.olingo.client.core.communication.request.cud.v3.ODataLinkCreateRequestImpl;0;0
com.msopentech.odatajclient.engine.communication.request.cud.ODataLinkCreateRequest;0;0
org.apache.olingo.client.core.communication.request.streamed.ODataMediaEntityCreateRequestImpl;0;0
org.apache.olingo.fit.proxy.v4.NonTransactionalAuthEntityCreateTestITCase;0;0
com.msopentech.odatajclient.engine.communication.response.ODataMediaEntityCreateResponse;0;0
org.apache.olingo.client.core.it.v3.NavigationLinkCreateTestITCase;0;0
com.msopentech.odatajclient.engine.it.CreateMediaEntityTestITCase;0;0
org.apache.olingo.client.api.communication.request.streamed.ODataMediaEntityCreateRequest;0;0
org.apache.olingo.fit.proxy.v3.actionoverloading.microsoft.test.odata.services.astoriadefaultservice.Computer;0;0
org.apache.olingo.fit.proxy.v3.staticservice.microsoft.test.odata.services.astoriadefaultservice.ComputerDetail;0;0
com.msopentech.odatajclient.engine.it.CreateEntityTestITCase;0;0
org.apache.olingo.client.api.communication.request.cud.v3.ODataLinkCreateRequest;0;0
org.apache.olingo.fit.proxy.v3.actionoverloading.microsoft.test.odata.services.astoriadefaultservice.types.ComputerCollection;0;0
org.apache.olingo.fit.proxy.v4.AuthEntityCreateTestITCase;0;0
org.apache.olingo.fit.proxy.v4.NonTransactionalEntityCreateTestITCase;0;0
org.apache.olingo.fit.proxy.v3.actionoverloading.microsoft.test.odata.services.astoriadefaultservice.ComputerDetail;0;0
org.apache.olingo.fit.proxy.v3.staticservice.microsoft.test.odata.services.astoriadefaultservice.types.ComputerCollection;0;0
org.apache.olingo.client.api.communication.response.ODataEntityCreateResponse;0;0
org.apache.olingo.fit.proxy.v3.staticservice.microsoft.test.odata.services.astoriadefaultservice.types.ComputerDetailCollection;0;0
org.apache.olingo.client.api.communication.request.cud.ODataLinkCreateRequest;0;0
org.apache.olingo.client.core.communication.request.cud.ODataLinkCreateRequestImpl;0;0
com.msopentech.odatajclient.engine.communication.response.ODataEntityCreateResponse;0;0
org.apache.olingo.client.core.it.v4.EntityCreateTestITCase;0;0
com.msopentech.odatajclient.engine.it.ODataLibEntityCreateTestITCase;0;0
org.apache.olingo.fit.proxy.v3.staticservice.microsoft.test.odata.services.astoriadefaultservice.Computer;0;0
com.msopentech.odatajclient.engine.communication.request.streamed.ODataMediaEntityCreateRequest;0;0
org.apache.olingo.fit.proxy.v3.actionoverloading.microsoft.test.odata.services.astoriadefaultservice.types.ComputerDetailCollection;0;0
org.apache.olingo.client.api.communication.request.cud.ODataEntityCreateRequest;0;0
org.apache.olingo.client.api.communication.request.streamed.MediaEntityCreateStreamManager;0;0
org.apache.myfaces.extensions.cdi.scripting.api.ScriptExecutor;0;0
org.apache.myfaces.extensions.cdi.core.api.scope.conversation.event.CreateWindowContextEvent;0;0
org.apache.myfaces.extensions.cdi.core.api.scope.conversation.CreateWindowContextEvent;0;0
org.apache.tomee.webapp.servlet.CommandExecutorServlet;0;0
org.openejb.sfsb.CreateMethod;0;0
org.apache.tomee.webapp.JsonExecutor;0;0
org.apache.openejb.sfsb.CreateMethod;0;0
org.apache.openejb.resource.jdbc.pool.DefaultDataSourceCreator;0;0
org.openejb.util.BackportExecutorAdapter;0;0
org.apache.webbeans.component.creation.ManagedBeanCreatorImpl;0;0
org.apache.openejb.util.MakeTxLookup;0;0
org.superbiz.stateless.basic.ExecutionObserver;0;0
org.apache.openejb.resource.jdbc.logging.TimeWatcherExecutor;0;0
org.apache.openejb.entity.bmp.BmpCreateMethod;0;0
org.openejb.cluster.server.EJBInstanceContextRecreator;0;0
org.openejb.nova.entity.bmp.BMPCreateMethod;0;0
org.openejb.cluster.sfsb.SFInstanceContextRecreator;0;0
org.apache.openejb.assembler.classic.event.AssemblerCreated;0;0
org.openejb.entity.bmp.BMPCreateMethod;0;0
org.apache.openejb.log.LoggerCreator;0;0
org.openejb.entity.cmp.CMPCreateMethod;0;0
org.apache.openejb.config.rules.CheckNoCreateMethodsTest;0;0
org.openejb.slsb.CreateMethod;0;0
org.openejb.entity.cmp.CmpCreateMethod;0;0
org.apache.openejb.cluster.server.EJBInstanceContextRecreator;0;0
org.apache.openejb.assembler.classic.event.AssemblerAfterApplicationCreated;0;0
org.apache.openejb.resource.jdbc.pool.DbcpDataSourceCreator;0;0
org.apache.openejb.assembler.classic.event.ContainerSystemPostCreate;0;0
org.apache.webbeans.component.creation.AnnotatedTypeBeanCreatorImpl;0;0
org.apache.openejb.util.JarCreator;0;0
org.apache.webbeans.component.creation.AbstractBeanCreator;0;0
org.apache.openejb.core.cmp.cmp2.PostCreateGenerator;1;1780854
org.apache.openejb.resource.jdbc.pool.PoolDataSourceCreator;0;0
org.apache.openejb.bonecp.BoneCPDataSourceCreator;2;1718773
org.openejb.entity.cmp.UnknownPKCreateMethod;0;0
org.apache.tomee.webapp.command.CommandExecutor;0;0
org.openejb.slsb.EJBCreateMethod;0;0
org.superbiz.counter.ExecutionObserver;0;0
org.superbiz.mdb.ChatRespondCreator;0;0
org.openejb.entity.bmp.BmpCreateMethod;0;0
org.apache.openejb.util.BackportExecutorAdapter;0;0
org.apache.tomee.webapp.test.TestCommandExecution;0;0
org.apache.openejb.entity.cmp.CmpCreateMethod;0;0
org.apache.webbeans.component.creation.ManagedBeanCreator;0;0
backtype.storm.generated.DRPCExecutionException;0;0
backtype.storm.generated.ExecutorSummary;0;0
backtype.storm.generated.ExecutorStats;0;0
backtype.storm.generated.ExecutorInfo;0;0
org.apache.maven.shared.release.phase.CreateBackupPomsPhase;0;0
org.apache.maven.shared.release.phase.CreateBackupPomsPhaseTest;0;0
org.apache.maven.shared.release.exec.InvokerMavenExecutorTest;0;0
org.apache.maven.shared.release.exec.AbstractMavenExecutorTest;0;0
org.apache.maven.shared.release.exec.InvokerMavenExecutor;5;2567774
org.apache.maven.shared.release.exec.ForkedMavenExecutorTest;3;164344005
org.apache.maven.plugin.ear.EarExecutionContext;0;0
org.apache.maven.plugin.dependency.DisplayAncestorsMojo;0;0
org.apache.maven.plugins.release.ReleaseExecutionException;0;0
org.apache.maven.plugin.checkstyle.DefaultCheckstyleExecutor;0;0
org.apache.maven.plugin.resources.remote.it.IT_RunOnlyAtExecutionRoot;0;0
org.apache.maven.plugin.reactor.MakeDependentsMojo;0;0
org.apache.maven.plugin.eclipse.MakeArtifactsMojo;20;25657572
org.apache.maven.plugin.checkstyle.CheckstyleExecutorRequest;1;430004
org.apache.maven.plugin.checkstyle.exec.CheckstyleExecutor;0;0
org.apache.maven.plugins.repository.BundleCreateMojoTest;0;0
org.apache.maven.plugin.checkstyle.CheckstyleExecutorException;0;0
org.apache.maven.plugin.checkstyle.exec.DefaultCheckstyleExecutor;0;0
org.apache.maven.plugin.reactor.MakeScmChanges;0;0
org.apache.maven.plugin.checkstyle.exec.CheckstyleExecutorException;0;0
org.apache.maven.plugin.checkstyle.exec.CheckstyleExecutorRequest;0;0
org.apache.maven.plugin.eclipse.MakeArtifactsTest;0;0
org.apache.maven.plugin.checkstyle.CheckstyleExecutor;0;0
org.apache.maven.plugins.release.exec.ForkedMavenExecutor;0;0
org.apache.maven.plugins.repository.it.BundleCreateIT;0;0
org.apache.sshd.client.channel.ChannelExec;0;0
org.apache.hupa.client.rf.CreateFolderRequest;0;0
org.apache.hupa.client.ui.Displayable;0;0
org.apache.hupa.client.HupaWidgetDisplay;0;0
org.apache.hupa.client.ui.WidgetDisplayable;0;0
org.apache.hupa.server.service.CreateFolderServiceImpl;0;0
org.apache.hupa.shared.domain.CreateFolderAction;0;0
org.apache.hupa.server.service.CreateFolderService;0;0
org.apache.hupa.client.mvp.NameAwareWidgetDisplay;0;0
org.apache.hupa.client.mock.MockMessageSendDisplay;4;112532988
org.apache.hupa.client.ui.WidgetContainerDisplayable;0;0
org.apache.hupa.client.mvp.NameAwareWidgetContainerDisplay;0;0
org.apache.hupa.client.mvp.WidgetDisplayable;0;0
org.apache.hupa.client.mvp.Displayable;0;0
org.apache.nutch.storage.WebTableCreator;0;0
org.apache.karaf.cellar.core.command.ClusteredExecutionContext;4;62091830
org.apache.pivot.wtk.skin.DisplaySkin;0;0
pivot.wtk.skin.DisplaySkin;0;0
org.apache.mina.service.executor.InOrderHandlerExecutorTest;0;0
org.apache.mina.service.executor.InOrderHandlerExecutor;0;0
org.apache.mina.filter.executor.UnorderedThreadPoolExecutor;6;13152081
org.apache.mina.service.executor.OutOfOrderHandlerExecutorTest;0;0
org.apache.mina.service.executor.UnorderHandlerExecutor;0;0
org.apache.mina.service.executor.UnorderHandlerExecutorTest;0;0
org.apache.mina.filter.executor.ExecutorFilter;21;31421388
org.apache.mina.service.executor.OutOfOrderHandlerExecutor;0;0
org.apache.mina.service.executor.IoHandlerExecutor;0;0
org.apache.mina.service.executor.OrderedHandlerExecutor;0;0
org.apache.mina.common.ExecutorThreadModel;0;0
org.apache.mina.service.executor.HandlerExecutor;0;0
org.apache.mina.service.executor.FixedThreadPoolHandlerExecutor;0;0
org.apache.mina.util.NewThreadExecutor;0;0
org.apache.mina.filter.executor.ExecutorFilterRegressionTest;24;83140638
org.apache.mina.filter.executor.OrderedThreadPoolExecutor;12;13191517
org.apache.mina.service.executor.OrderedHandlerExecutorTest;0;0
org.apache.photark.services.ImageDisplayer;0;0
org.apache.maven.execution.MavenInitializingExecutionRequestextends;0;0
org.apache.maven.execution.MavenSetupExecutionRequestextends;0;0
org.apache.maven.lifecycle.MavenGoalExecutionContext;0;0
org.apache.maven.execution.MavenExecutionResponse;0;0
org.apache.maven.script.marmalade.tags.ExecuteTag;0;0
org.apache.maven.execution.reactor.MavenReactorExecutionRequestHandlerextends;0;0
org.apache.maven.execution.AbstractMavenExecutionRequestimplements;1;405211
org.apache.maven.execution.initialize.MavenInitializingExecutionRequest;0;0
org.apache.maven.usability.MojoExecutionExceptionDiagnoserTest;0;0
org.apache.maven.lifecycle.DefaultLifecycleExecutor;0;0
org.apache.maven.execution.MavenSetupExecutionRequest;0;0
org.apache.maven.execution.initialize.MavenInitializingExecutionRequestextends;0;0
org.apache.maven.ExecutionResponse;0;0
org.apache.maven.script.marmalade.tags.ExecutePhaseTag;0;0
org.apache.maven.execution.MavenExecutionRequestHandler;0;0
org.apache.maven.lifecycle.LifecycleExecutorTest;0;0
org.apache.maven.lifecycle.session.phase.GoalExecutionPhase;0;0
org.apache.maven.execution.initialize.MavenInitializingExecutionRequestHandler;0;0
org.apache.maven.script.marmalade.tags.ExecuteGoalTag;0;0
org.apache.maven.script.marmalade.tags.ExecuteLifecycleTag;0;0
org.apache.maven.execution.reactor.MavenReactorExecutionRequestHandler;0;0
org.apache.maven.execution.project.MavenProjectExecutionRequestHandler;2;75903
org.apache.maven.execution.manager.DefaultMavenExecutionRequestHandlerManager;0;0
org.apache.maven.execution.project.MavenProjectExecutionRequest;0;0
org.apache.maven.script.marmalade.tags.ExecutionStrategyTag;0;0
org.apache.maven.execution.AbstractMavenExecutionRequestHandler;0;0
org.apache.maven.execution.project.MavenProjectExecutionRequestextends;0;0
org.apache.maven.lifecycle.goal.MavenGoalExecutionContext;0;0
org.apache.maven.execution.manager.MavenExecutionRequestHandlerManagerTest;0;0
org.apache.maven.usability.MojoExecutionExceptionDiagnoser;0;0
org.apache.maven.it.MavenITmng4975ProfileInjectedPluginExecutionOrderTest;0;0
org.apache.maven.it.MavenITmng3703ExecutionProjectWithRelativePathsTest;0;0
org.apache.maven.integrationtests.MavenITmng3724ExecutionProjectSyncTest;0;0
org.apache.maven.its.mng5530.mojoexecutionscope.TestExecutionScopeMojo;0;0
org.apache.maven.it.MavenITmng3927PluginDefaultExecutionConfigTest;0;0
org.apache.maven.it.MavenITmng3704LifecycleExecutorWrapperTest;0;0
org.apache.maven.it.MavenIT0144LifecycleExecutionOrderTest;0;0
org.apache.maven.it.MavenITmng3679PluginExecIdInterpolationTest;0;0
org.apache.maven.integrationtests.MavenITmng3704LifecycleExecutorWrapperTest;0;0
org.apache.maven.it.MavenITmng3203DefaultLifecycleExecIdTest;0;0
org.apache.maven.it.MavenITmng5530MojoExecutionScopeTest;0;0
org.apache.maven.it.MavenITmng4332DefaultPluginExecutionOrderTest;0;0
org.apache.maven.it.MavenITmng3719PomExecutionOrderingTest;0;0
org.apache.maven.it.MavenITmng3941ExecutionProjectRestrictedToForkingMojoTest;0;0
org.apache.maven.it.MavenITmng0985NonExecutedPluginMngtGoalsTest;0;0
org.apache.maven.it.MavenITmng3401CLIDefaultExecIdTest;0;0
org.apache.maven.it.MavenIT0025MultipleExecutionLevelConfigsTest;0;0
org.apache.maven.it.MavenITmng4344ManagedPluginExecutionOrderTest;0;0
org.apache.maven.it.MavenITmng4129PluginExecutionInheritanceTest;0;0
org.apache.maven.it.MavenIT0056MultipleGoalExecutionsTest;0;0
org.apache.maven.it.MavenITmng2103PluginExecutionInheritanceTest;0;0
org.apache.maven.it.MavenITmng3998PluginExecutionConfigTest;0;0
org.apache.maven.integrationtests.MavenITmng3679PluginExecIdInterpolationTest;0;0
org.apache.maven.lifecycle.TestLifecycleExecutor;0;0
org.apache.maven.it.MavenITmng3916PluginExecutionInheritanceTest;0;0
org.apache.maven.it.MavenITmng4422PluginExecutionPhaseInterpolationTest;0;0
org.apache.maven.integrationtests.MavenITmng3703ExecutionProjectWithRelativePathsTest;0;0
org.apache.maven.it.MavenITmng3864PerExecPluginConfigTest;0;0
org.apache.maven.it.MavenITmng4345DefaultPluginExecutionOrderTest;0;0
org.apache.maven.it.MavenITmng4925ContainerLookupRealmDuringMojoExecTest;0;0
org.apache.maven.it.MavenITmng4350LifecycleMappingExecutionOrderTest;0;0
org.apache.maven.it.MavenITmng2054PluginExecutionInheritanceTest;0;0
org.apache.maven.it.MavenITmng4341PluginExecutionOrderTest;0;0
org.apache.maven.it.MavenITmng3724ExecutionProjectSyncTest;0;0
org.apache.maven.it.MavenITmng3943PluginExecutionInheritanceTest;0;0
org.apache.maven.it.MavenITmng0282NonReactorExecWhenProjectIndependentTest;0;0
org.apache.maven.it.MavenITmng3821EqualPluginExecIdsTest;0;0
org.apache.maven.it.MavenITmng4319PluginExecutionGoalInterpolationTest;0;0
org.apache.maven.it.MavenITmng4890MakeLikeReactorConsidersVersionsTest;0;0
org.apache.maven.it.MavenIT0024MultipleGoalExecutionsTest;0;0
org.apache.maven.it.MavenITmng0781PluginConfigVsExecConfigTest;0;0
org.apache.maven.plugin.coreit.MojoExecutionExceptionMojo;0;0
org.apache.maven.it.MavenITmng4318ProjectExecutionRootTest;0;0
org.apache.maven.it.MavenITmng4233ReactorResolutionForManuallyCreatedArtifactTest;0;0
org.apache.maven.it.MavenITmng3947PluginDefaultExecutionConfigTest;0;0
org.apache.maven.it.MavenITmng4633DualCompilerExecutionsWeaveModeTest;0;0
org.apache.ode.jacob.soup.jackson.JacksonExecutionQueueImpl;0;0
org.apache.mailet.base.mail.mdn.TypeDisplayed;0;0
org.apache.jsieve.ExecutableCommand;0;0
org.apache.jsieve.mailet.mdn.TypeDisplayed;0;0
org.apache.james.util.mail.mdn.TypeDisplayed;0;0
org.apache.maven.doxia.macro.MacroExecutionException;0;0
org.apache.webbeans.component.creation.NewManagedBeanCreatorImpl;0;0
org.apache.webbeans.component.creation.AbstractProducerBeanCreator;0;0
org.apache.webbeans.component.creation.ExtensionBeanCreatorImpl;0;0
org.apache.webbeans.component.creation.ManagedBeanCreatorImpl;5;18585479
org.apache.webbeans.component.creation.ProducerFieldBeanCreator;0;0
org.apache.webbeans.ejb.component.creation.EjbBeanCreatorImpl;0;0
org.apache.webbeans.component.creation.ProducerMethodBeanCreator;0;0
org.apache.webbeans.component.creation.AnnotatedTypeBeanCreatorImpl;0;0
org.apache.webbeans.ejb.common.component.EjbBeanCreator;0;0
org.apache.webbeans.component.creation.AbstractBeanCreator;11;22195043
org.apache.webbeans.component.creation.ResourceBeanCreator;0;0
org.apache.webbeans.ejb.component.creation.EjbBeanCreator;0;0
org.apache.webbeans.component.creation.ManagedBeanCreator;0;0
org.apache.webbeans.component.creation.AbstractInjecionTargetBeanCreator;4;92988
org.openoffice.odf.doc.element.text.OdfInitialCreator;0;0
org.odftoolkit.odfdom.doc.element.text.OdfCreator;0;0
org.odftoolkit.odfdom.doc.element.text.OdfExecuteMacro;0;0
org.odftoolkit.odfdom.doc.text.OdfTextInitialCreator;0;0
org.openoffice.odf.doc.element.table.OdfDataPilotDisplayInfo;0;0
org.odftoolkit.odfdom.doc.text.OdfTextCreator;0;0
org.odftoolkit.odfdom.doc.text.OdfTextExecuteMacro;0;0
org.odftoolkit.odfdom.dom.test.CreateTableTest;0;0
org.openoffice.odf.doc.element.text.OdfCreator;0;0
org.odftoolkit.odfdom.doc.table.OdfTableDataPilotDisplayInfo;0;0
org.odftoolkit.odfdom.doc.meta.OdfMetaInitialCreator;0;0
org.openoffice.odf.doc.element.text.OdfExecuteMacro;0;0
org.odftoolkit.odfdom.doc.text.OdfTextDatabaseDisplay;0;0
org.openoffice.odf.doc.element.meta.OdfInitialCreator;0;0
org.odftoolkit.odfdom.doc.CreateChildrenElementsTest;9;3909
org.odftoolkit.odfdom.doc.element.text.OdfInitialCreator;0;0
org.odftoolkit.odfdom.doc.element.meta.OdfInitialCreator;0;0
org.odftoolkit.odfdom.doc.element.table.OdfDataPilotDisplayInfo;0;0
org.odftoolkit.odfdom.doc.element.text.OdfDatabaseDisplay;0;0
org.odftoolkit.odfdom.doc.dc.OdfDcCreator;0;0
org.odftoolkit.odfdom.doc.CreateTableTest;0;0
org.openoffice.odf.doc.element.text.OdfDatabaseDisplay;0;0
org.openoffice.odf.doc.element.dc.OdfCreator;0;0
org.odftoolkit.odfdom.doc.element.dc.OdfCreator;0;0
fixture.todo.simple.ToDoItemsCreate;0;0
org.apache.isis.core.progmodel.facets.object.callbacks.create.CreatedCallbackFacetAbstract;0;0
org.apache.isis.core.progmodel.facets.actions.ExecutedFacetViaNamingConvention;0;0
webapp.scheduler.BackgroundCommandExecutionQuartzJob;0;0
org.apache.isis.example.claims.stories.newClaim.ScenarioOnceCreatedShowsUpForClaimant;0;0
org.apache.isis.extensions.dnd.tree.TreeDisplayRules;0;0
fixture.todo.simple.ToDoItemsRecreateAndCompleteSeveral;0;0
org.apache.isis.core.progmodel.facets.actions.executed.ExecutedFacetAnnotation;0;0
org.apache.isis.core.unittestsupport.scenarios.ScenarioExecution;0;0
org.apache.isis.viewer.dnd.tree.TreeDisplayRules;0;0
org.apache.isis.runtimes.dflt.runtime.persistence.adaptermanager.PojoRecreatorDefault;1;35889
org.apache.isis.runtimes.dflt.objectstores.nosql.keys.KeyCreatorDefault;2;4437802
fixture.todo.simple.ToDoItemsRecreate;0;0
org.apache.isis.metamodel.facets.actions.executed.ExecutedFacetAtDefault;0;0
org.apache.isis.core.progmodel.facets.fallback.ExecutedFacetAtDefault;0;0
org.apache.isis.viewer.restfulobjects.tck.domainobjectorservice.id.action.invoke.Get_whenCreatedNewObject_thenResponseCode_201_ok_TODO;0;0
org.apache.isis.core.progmodel.fallback.facets.ExecutedFacetAtDefault;0;0
org.apache.isis.core.metamodel.facets.object.callbacks.CreatedCallbackFacet;0;0
org.apache.isis.applib.fixturescripts.ExecutionContextTest_roundUp;0;0
org.apache.isis.core.progmodel.facets.object.callbacks.CreatedCallbackFacetFactory;0;0
org.apache.isis.core.specsupport.scenarios.ScenarioExecution;0;0
org.apache.isis.support.prototype.stories.newClaim.ScenarioOnceCreatedShowsUpForClaimant;0;0
org.apache.isis.alternatives.remoting.common.client.facets.ProxyAction_ExecuteRemotelyTest;0;0
org.nakedobjects.viewer.skylark.special.TreeDisplayRules;1;283232
fixture.todo.scenarios.ToDoItemsRecreateForJoe;0;0
org.nakedobjects.object.transaction.ExecutionContext;0;0
fixture.todo.scenarios.RecreateToDoItemsForJoe;0;0
org.apache.isis.support.prototype.stories.newClaim.StoryOnceCreatedShowsUpForClaimant;0;0
org.apache.isis.runtimes.dflt.objectstores.nosql.NoSqlCreateObjectCommand;0;0
org.apache.isis.support.prototype.scenarios.newClaim.ScenarioOnceCreatedShowsUpForClaimant;0;0
org.apache.isis.objectstore.nosql.keys.KeyCreatorDefault;0;0
org.apache.isis.runtimes.dflt.runtime.persistence.adaptermanager.PojoRecreator;0;0
org.apache.isis.runtimes.dflt.remoting.common.client.facets.ProxyAction_ExecuteRemotelyTest;0;0
org.apache.isis.runtimes.dflt.runtime.persistence.objectstore.transaction.CreateObjectCommand;0;0
org.apache.isis.metamodel.facets.object.callbacks.CreatedCallbackFacetAbstract;0;0
org.apache.isis.core.integtestsupport.scenarios.ScenarioExecutionForIntegration;1;5997
org.apache.isis.core.runtime.services.background.BackgroundActionExecution;0;0
org.nakedobjects.object.transaction.CreateObjectCommand;0;0
org.apache.isis.extensions.wicket.model.models.ActionExecutor;0;0
org.nakedobjects.object.persistence.CreateObjectCommand;0;0
fixture.todo.scenarios.ToDoItemsRecreateAndCompleteSeveralForCurrent;0;0
org.apache.isis.viewer.wicket.model.models.ActionExecutor;0;0
org.apache.isis.core.specsupport.scenarios.ScenarioExecutionForUnit;0;0
org.apache.isis.runtimes.dflt.objectstores.nosql.CreateObjectCommandImplementation;0;0
fixture.todo.scenarios.ToDoItemsRecreateForDick;0;0
org.apache.isis.viewer.restfulobjects.tck.zzztodo.domainservice.actioninvoke.DomainServiceTest_when_created_new_object;0;0
org.nakedobjects.viewer.skylark.tree.TreeDisplayRules;0;0
org.apache.isis.core.progmodel.facets.object.callbacks.create.CreatedCallbackFacetFactory;0;0
org.apache.isis.example.application.claims.stories.newClaim.ScenarioOnceCreatedShowsUpForClaimant;0;0
org.apache.isis.objectstore.jdo.service.BackgroundCommandExecutionFromBackgroundCommandServiceJdo;0;0
org.apache.isis.objectstore.nosql.NoSqlCreateObjectCommand;0;0
org.apache.isis.runtimes.dflt.objectstores.jdo.datanucleus.persistence.commands.DataNucleusCreateObjectCommand;1;4329443
org.apache.isis.metamodel.facets.object.callbacks.CreatedCallbackFacet;0;0
org.nakedobjects.persistence.sql.SqlExecutionContext;0;0
org.apache.isis.remoting.client.facets.ProxyAction_ExecuteRemotelyTest;0;0
fixture.todo.ToDoItemsCreateForUser;0;0
org.apache.isis.metamodel.facets.actions.executed.ExecutedFacet;0;0
org.apache.isis.metamodel.facets.object.callbacks.CreatedCallbackFacetFactory;0;0
org.apache.isis.core.runtime.persistence.adaptermanager.PojoRecreator;0;0
org.apache.isis.extensions.berkeley.InstanceTypeKeyCreator;0;0
org.apache.isis.core.metamodel.adapter.mgr.AdapterRecreator;0;0
org.apache.isis.core.metamodel.facets.actions.executed.ExecutedFacet;0;0
fixture.todo.scenarios.ToDoItemsRecreateForSven;0;0
fixture.todo.scenarios.RecreateToDoItemsFor;2;1252854
fixture.todo.scenarios.RecreateToDoItemsForDick;0;0
org.apache.isis.core.runtime.system.persistence.RecreatedPojoRemapper;0;0
org.apache.isis.core.runtime.persistence.objectstore.transaction.CreateObjectCommand;0;0
fixture.todo.scenarios.RecreateToDoItemsAndCompleteSeveralForCurrent;0;0
org.apache.isis.core.progmodel.facets.actions.executed.ExecutedFacet;0;0
org.apache.isis.remoting.client.facets.ProxyAction_ExecuteLocallyTest;0;0
org.apache.isis.core.progmodel.facets.actions.executed.annotation.ExecutedFacetAnnotation;0;0
org.apache.isis.core.progmodel.facets.actions.invoke.ExecutedFacetViaNamingConvention;0;0
org.apache.isis.core.runtime.services.background.BackgroundCommandExecution;0;0
org.apache.isis.core.progmodel.facets.object.callbacks.CreatedCallbackFacet;0;0
org.apache.isis.objectstore.jdo.datanucleus.persistence.commands.DataNucleusCreateObjectCommand;0;0
org.apache.isis.extensions.hibernate.objectstore.persistence.oidgenerator.HibernateOidMakePersistent;0;0
org.apache.isis.runtimes.dflt.objectstores.jdo.datanucleus.persistence.adaptermanager.DataNucleusPojoRecreator;0;0
fixture.todo.scenarios.RecreateToDoItemsForSven;0;0
org.apache.isis.core.progmodel.facets.actions.executed.ExecutedFacetAtDefault;0;0
org.apache.isis.alternatives.remoting.client.facets.ProxyAction_ExecuteRemotelyTest;0;0
org.apache.isis.objectstore.jdo.datanucleus.persistence.adaptermanager.DataNucleusPojoRecreator;0;0
org.apache.isis.runtimes.dflt.remoting.common.client.facets.ProxyAction_ExecuteLocallyTest;0;0
org.apache.isis.metamodel.facets.actions.ExecutedFacetViaNamingConvention;0;0
webapp.scheduler.BackgroundActionExecutionQuartzJob;0;0
org.apache.isis.alternatives.remoting.common.client.facets.ProxyAction_ExecuteLocallyTest;0;0
org.apache.isis.runtimes.dflt.runtime.system.persistence.RecreatedPojoRemapper;0;0
org.apache.isis.core.runtime.persistence.adaptermanager.PojoRecreatorDefault;1;25515290
org.apache.isis.core.progmodel.facets.object.callbacks.CreatedCallbackFacetAbstract;0;0
org.apache.isis.metamodel.facets.actions.executed.ExecutedFacetAnnotation;0;0
org.apache.isis.runtime.persistence.objectstore.transaction.CreateObjectCommand;0;0
org.apache.isis.alternatives.remoting.client.facets.ProxyAction_ExecuteLocallyTest;0;0
webapp.prototyping.ToDoItemsCreateForUser;0;0
org.apache.myfaces.shared.component.ExecuteOnCallback;0;0
org.apache.myfaces.lifecycle.InvokeApplicationExecutor;0;0
org.apache.myfaces.lifecycle.RestoreViewExecutor;0;0
org.apache.myfaces.lifecycle.ApplyRequestValuesExecutor;0;0
org.apache.myfaces.lifecycle.UpdateModelValuesExecutor;0;0
org.apache.myfaces.lifecycle.ProcessValidationsExecutor;0;0
org.apache.myfaces.view.facelets.tag.composite.InterfaceDescriptorCreator;1;521713
org.apache.myfaces.lifecycle.RenderResponseExecutor;0;0
org.apache.myfaces.lifecycle.PhaseExecutor;0;0
org.apache.myfaces.lifecycle.RenderResponseExecutorTest;0;0
tajo.engine.planner.physical.SortAggregateExec;0;0
tajo.engine.planner.physical.NLJoinExec;0;0
org.apache.tajo.engine.planner.physical.IndexWriteExec;0;0
org.apache.tajo.engine.planner.physical.FullOuterMergeJoinExec;0;0
org.apache.tajo.engine.planner.physical.TestFullOuterHashJoinExec;0;0
tajo.engine.planner.physical.MergeJoinExec;0;0
tajo.master.ExecutionBlockCursor;0;0
tajo.engine.planner.physical.IndexWriteExec;0;0
org.apache.tajo.engine.planner.physical.MergeJoinExec;0;0
tajo.engine.planner.physical.PhysicalExec;0;0
org.apache.tajo.engine.planner.physical.PartitionedStoreExec;0;0
org.apache.tajo.engine.planner.physical.TestHashAntiJoinExec;0;0
org.apache.tajo.engine.planner.physical.FullOuterHashJoinExec;0;0
org.apache.tajo.engine.planner.physical.RightOuterMergeJoinExec;0;0
org.apache.tajo.engine.planner.physical.TestHashSemiJoinExec;0;0
org.apache.tajo.engine.planner.physical.HashLeftSemiJoinExec;0;0
org.apache.tajo.engine.planner.physical.LeftOuterHashJoinExec;0;0
org.apache.tajo.engine.planner.physical.TestRightOuterMergeJoinExec;0;0
org.apache.tajo.engine.planner.physical.LeftOuterNLJoinExec;0;0
org.apache.tajo.engine.planner.physical.HashJoinExec;0;0
org.apache.tajo.engine.planner.physical.HavingExec;0;0
tajo.engine.planner.physical.PartitionedStoreExec;0;0
nta.engine.planner.physical.BNLJoinExec;0;0
org.apache.tajo.datum.json.GsonCreator;0;0
org.apache.tajo.engine.planner.physical.HashLeftOuterJoinExec;0;0
nta.engine.planner.physical.HashJoinExec;0;0
tajo.datum.json.GsonCreator;0;0
tajo.engine.planner.physical.ProjectionExec;0;0
nta.engine.planner.physical.IndexWriteExec;2;4095770
org.apache.tajo.engine.planner.physical.SortAggregateExec;0;0
org.apache.tajo.engine.planner.physical.HashShuffleFileWriteExec;0;0
org.apache.tajo.engine.planner.physical.SeqScanExec;9;14639549
org.apache.tajo.engine.planner.physical.ColumnPartitionedTableStoreExec;0;0
org.apache.tajo.engine.planner.physical.TestLeftOuterNLJoinExec;0;0
org.apache.tajo.engine.query.TestCreateTable;0;0
tajo.engine.planner.physical.BNLJoinExec;0;0
org.apache.tajo.master.ExecutionBlockCursor;0;0
tajo.engine.planner.physical.SelectionExec;0;0
nta.engine.planner.physical.PartitionedStoreExec;0;0
tajo.engine.planner.physical.HashAggregateExec;3;778403
org.apache.tajo.engine.planner.physical.TestLeftOuterHashJoinExec;0;0
nta.engine.planner.physical.MergeJoinExec;0;0
org.apache.tajo.engine.planner.physical.HashFullOuterJoinExec;0;0
org.apache.tajo.engine.planner.physical.BNLJoinExec;0;0
org.apache.tajo.engine.planner.physical.SelectionExec;0;0
org.apache.tajo.engine.planner.physical.ProjectionExec;0;0
nta.engine.planner.physical.PhysicalExec;0;0
nta.engine.planner.physical.GroupByExec;0;0
nta.engine.planner.physical.SortAggregateExec;0;0
org.apache.tajo.engine.planner.physical.HashSemiJoinExec;0;0
org.apache.tajo.engine.planner.global.ExecutionBlockCursor;1;4340124
org.apache.tajo.engine.planner.physical.NLLeftOuterJoinExec;0;0
org.apache.tajo.engine.planner.physical.HashAggregateExec;0;0
org.apache.tajo.engine.planner.physical.TestFullOuterMergeJoinExec;0;0
org.apache.tajo.engine.planner.physical.ExternalSortExec;8;18796421
org.apache.tajo.engine.planner.physical.MergeFullOuterJoinExec;0;0
org.apache.tajo.engine.planner.physical.TestBNLJoinExec;7;6772171
nta.engine.planner.physical.SelectionExec;0;0
org.apache.tajo.engine.planner.physical.HashAntiJoinExec;0;0
org.apache.tajo.engine.planner.physical.BasicPhysicalExecutorVisitor;2;10603608
org.apache.tajo.engine.planner.physical.NLJoinExec;0;0
tajo.engine.planner.physical.HashJoinExec;0;0
nta.engine.planner.physical.ProjectionExec;6;8816881
nta.engine.planner.physical.NLJoinExec;0;0
org.apache.tajo.engine.planner.physical.HashLeftAntiJoinExec;0;0
org.apache.lucene.benchmark.byTask.feeds.LineDocMaker;0;0
org.apache.lucene.benchmark.byTask.feeds.EnwikiDocMaker;0;0
org.apache.mahout.clustering.display.DisplayMeanShift;0;0
org.apache.mahout.clustering.meanshift.DisplayMeanShift;0;0
org.apache.mahout.clustering.display.DisplayDirichlet;1;325318
org.apache.mahout.text.wikipedia.WikipediaDatasetCreatorReducer;0;0
org.apache.mahout.clustering.fuzzykmeans.DisplayFuzzyKMeans;3;11309873
org.apache.mahout.math.stats.entropy.CalculateEntropyReducer;0;0
org.apache.mahout.math.stats.entropy.CalculateEntropyMapper;0;0
org.apache.mahout.classifier.bayes.WikipediaDatasetCreator;0;0
org.apache.mahout.classifier.bayes.WikipediaDatasetCreatorOutputFormat;0;0
org.apache.mahout.clustering.meanshift.MeanShiftCanopyCreatorMapper;0;0
org.apache.mahout.clustering.display.DisplayKMeans;2;2998424
org.apache.mahout.math.stats.entropy.CalculateSpecificConditionalEntropyMapper;0;0
org.apache.mahout.common.commandline.DefaultOptionCreator;15;25940464
org.apache.mahout.text.wikipedia.WikipediaDatasetCreatorDriver;0;0
org.apache.mahout.classifier.bayes.WikipediaDatasetCreatorDriver;0;0
org.apache.mahout.classifier.bayes.WikipediaDatasetCreatorReducer;0;0
org.apache.mahout.classifier.bayes.WikipediaDatasetCreatorMapper;9;29133193
org.apache.mahout.clustering.display.DisplaySpectralKMeans;0;0
org.apache.mahout.clustering.display.DisplayFuzzyKMeans;0;0
org.apache.mahout.classifier.bayes.mapreduce.common.JobExecutor;0;0
org.apache.mahout.clustering.kmeans.DisplayKMeans;3;11502918
