artefactName;numberOfCommits;diffTime
org.codehaus.plexus.util.IOUtilTest;17;691887
com.hp.hpl.jena.sparql.lang.sparql_11.SPARQLParser11TokenManager;0;0
com.hp.hpl.jena.sparql.lang.arq.ARQParserTokenManager;0;0
com.hp.hpl.jena.sparql.lang.sparql_10.SPARQLParser10TokenManager;0;0
org.apache.maven.shared.utils.io.IOUtilTest;0;0
org.apache.jackrabbit.spi.commons.query.xpath.XPath;0;0
org.apache.jackrabbit.core.search.jcrql.JCRQLParserTokenManager;0;0
org.apache.jackrabbit.spi.commons.query.sql.JCRSQLParserTokenManager;0;0
org.apache.jackrabbit.core.search.jcrql.JCRQLParser;0;0
org.apache.lucene.benchmark.byTask.feeds.demohtml.HTMLParserTokenManager;0;0
org.uddi.api_v2.ObjectFactory;0;0
org.apache.logging.log4j.spi.AbstractLogger;38;35646961
org.apache.lenya.lucene.html.HTMLParserTokenManager;0;0
org.wyona.lucene.html.HTMLParserTokenManager;0;0
org.lenya.lucene.html.HTMLParserTokenManager;0;0
org.apache.lucene.benchmark.byTask.feeds.demohtml.HTMLParserTokenManager;0;0
org.apache.james.imap.functional.builder.ScriptBuilder;0;0
org.apache.james.mailbox.SearchQuery;0;0
org.apache.james.imap.mailbox.SearchQuery;1;271115
org.apache.james.test.functional.imap.builder.ScriptBuilder;0;0
org.apache.hadoop.zebra.types.TableSchemaParser;0;0
org.apache.james.mailbox.model.SearchQuery;0;0
org.apache.maven.doxia.validation.AdvicedSink;0;0
org.apache.webbeans.portable.AnnotatedTypeImplTest;1;5835
org.apache.lucene.benchmark.byTask.feeds.demohtml.HTMLParserTokenManager;0;0
