className,LOC,LCOM,WMC,RFC,CBO,NOM,NOA,NOPA,DIT,NOC
"org.eclipse.egit.ui.JobFamilies",5.42857142857143,0,0,0,0,0,1.35714285714286,1.35714285714286,0,0
"org.eclipse.team.tests.ccvs.core.CVSTestSetup",0.245059288537549,0,0,0,0.0750988142292491,0,0.245059288537549,0.274703557312253,-3.47246255178581e-17,-0.0108695652173913
"org.eclipse.emf.cdo.common.model.EMFUtil",4.59193548387096,2.2016129032258,0.852419354838709,1.41733870967742,0.201612903225805,0.210887096774193,0.3125,0.324596774193548,0,0
"org.eclipse.emf.cdo.dawn.tests.ui.util.DawnAcoreTestUtil",16.5,2.99999999999999,5,14.5,17,1.5,1.5,0.999999999999999,0,0
"org.eclipse.emf.cdo.dawn.tests.ui.util.DawnEcoreTestUtil",3.7,0,0,0,1.8,0,3.7,3.3,0,0
"org.eclipse.emf.cdo.internal.ui.SharedIcons",2.00000000000002,1.25607396694702e-15,5.02429586778808e-15,0,1.25607396694702e-15,0,2,1,0,0
"org.eclipse.emf.cdo.releng.internal.version.IVersionBuilderArguments",2.4,11.9,1.4,0,0,1.4,1,1,0,0
"org.eclipse.emf.cdo.releng.version.Markers",8.55147058823529,4.43235294117647,3.35735294117647,2.25294117647059,-0.0705882352941176,1.12205882352941,0.561764705882353,0.467647058823529,0,0
"org.eclipse.emf.cdo.server.internal.objectivity.schema.ObjyBase",1,0,3.14018491736755e-16,0,0,3.14018491736755e-16,1,1,0,0
"org.eclipse.emf.cdo.tests.config.IConstants",0.747058823529412,0,0,0,-0.0926470588235294,0,0.747058823529412,0.747058823529412,0,0
"org.eclipse.internal.net4j.bundle.Net4j",6,0,3.14018491736755e-16,0,1.25607396694702e-15,3.14018491736755e-16,6,6,0,0
"org.eclipse.net4j.internal.ui.bundle.SharedIcons",9.5,0.5,3.5,1.5,-7.69185074553426e-16,1,3,2.5,0,0
"org.eclipse.php.debug.core.debugger.parameters.IDebugParametersKeys",0.999999999999999,0,0,0,0,0,0.999999999999999,0.999999999999999,0,0
"org.eclipse.linuxtools.internal.lttng2.kernel.core.StateValues",2.1,0,0,0,0,0,0.9,0.9,0,0
"org.eclipse.linuxtools.systemtap.localgui.graphing.StapGraphParser",0.965686274509804,0,0.0196078431372549,0,0.0514705882352935,0.0196078431372549,0.715686274509804,0.607843137254902,-1.7951242347146e-17,0
"org.eclipse.mylar.bugzilla.core.BugReport",-1.14385964912281,-2.36842105263158,-0.726315789473683,-0.0789473684210523,0.0824561403508777,-0.236842105263158,0.766666666666667,0.626315789473684,0,0
"org.eclipse.mylar.bugzilla.ui.BugzillaImages",4.99999999999999,-3.84592537276713e-16,-1.53837014910685e-15,0,-7.69185074553426e-16,-3.84592537276713e-16,5,5,0,0
"org.eclipse.mylar.internal.bugzilla.core.IBugzillaConstants",0.822134387351779,0.0118577075098814,0.0711462450592885,0.0237154150197628,0,0.0237154150197628,0.513833992094862,0.142292490118577,0,0
"org.eclipse.mylar.internal.tasklist.RepositoryTaskAttribute",31,0,-1,-4,5,-1,24,18,-1,0
"org.eclipse.mylar.internal.tasklist.ui.TaskListColorsAndFonts",-2.01818181818182,0,-0.151515151515152,-0.151515151515152,0.272727272727273,-0.151515151515152,-0.369696969696969,-0.369696969696969,0,0
"org.eclipse.mylar.internal.tasklist.ui.TaskListImages",1.36842105263158,0.126315789473684,0.268421052631579,0.157894736842105,-0.294736842105263,0.0789473684210526,0.8,0.736842105263158,0,0
"org.eclipse.mylar.internal.tasks.ui.util.TaskListExtensionReader",5,0,0.5,0,-3.0767402982137e-15,0.5,4,3.5,0,0
"org.eclipse.mylar.internal.trac.core.ITracClient",2.77972027972028,21.2027972027972,2.41258741258741,-5.91680826579558e-17,0.975524475524475,1.43006993006993,0.363636363636364,0.363636363636364,0,0
"org.eclipse.mylar.provisional.tasklist.DelegatingTaskExternalizer",2.18181818181818,0.272727272727273,0.363636363636364,0.227272727272727,-0.00909090909090954,0.181818181818182,1.18181818181818,1.13636363636364,0,-0.00909090909090907
"org.eclipse.mylar.provisional.tasklist.TaskRepositoryManager",1.64264705882353,0.486764705882353,0.464705882352941,0.120588235294118,-0.219117647058823,0.0808823529411764,0.235294117647059,0.235294117647059,0,0
"org.eclipse.mylar.tasklist.internal.TaskListExtensionReader",2.34285714285714,0,0,0,0.142857142857142,0,1.57142857142857,1.57142857142857,0,0
"org.eclipse.mylar.tasks.core.DelegatingTaskExternalizer",51,6,8,5,2.51214793389404e-15,4,29,28,0,-2
"org.eclipse.mylar.tasks.core.IMylarStatusConstants",3,0,0,0,0,0,3,3,0,0
"org.eclipse.mylar.tasks.core.RepositoryTemplate",5.2,0.4,1.2,0.8,0.8,0.8,1.6,1.6,0,0
"org.eclipse.mylar.tasks.MylarTasksPlugin",10,0.3,1.8,0.3,0.600000000000001,0.6,1.9,2.4,0,0
"org.eclipse.mylyn.bugzilla.tests.BugzillaTestConstants",14,0,2,0,0,1,11,11,0,0
"org.eclipse.mylyn.bugzilla.tests.support.BugzillaFixture",0.216068376068376,0,0.0170940170940171,0,0.256752136752137,0.00854700854700855,0.11965811965812,0.11965811965812,-1.93540132205254e-17,0
"org.eclipse.mylyn.internal.tasks.bugs.IRepositoryConstants",1.9,0,0,0,0,0,1.9,1.9,0,0
"org.eclipse.mylyn.internal.tasks.core.data.DefaultTaskSchema",0.927272727272727,0,0.109090909090909,0.0545454545454545,-0.309090909090909,0.0545454545454545,2.18181818181818,2.12727272727273,0.0545454545454545,0
"org.eclipse.mylyn.internal.tasks.core.ITasksCoreConstants",6.4,0,0,0,0.2,0,2.6,2.6,0,0
"org.eclipse.mylyn.tasks.core.RepositoryStatus",67,118,18,5,1,9,12,11,3.14018491736755e-16,0
"org.eclipse.mylyn.tasks.core.RepositoryTaskAttribute",88.0000000000001,113.5,25.5,13,-7.69185074553426e-16,13.5,16,12,0,0
"org.eclipse.mylyn.tasks.core.TaskRepository",1.34285714285714,0,0,0,0.158241758241758,0,0.571428571428571,0.4,0.0527472527472528,0
"org.eclipse.swt.accessibility.AccessibleAttributeEvent",6.32142857142857,0.178571428571429,0.535714285714286,0,0,0.357142857142857,0.5,0.500000000000001,0,0
"org.eclipse.swt.custom.LineStyleEvent",3.2697628458498,0,0.173913043478261,0,-0.0296442687747036,0.0592885375494071,0.579051383399209,0.516798418972332,-3.47246255178581e-17,0
"org.eclipse.swt.custom.StyledTextPrintOptions",1.78181818181818,-0.127272727272727,-0.254545454545455,0,0,-0.254545454545455,0.563636363636363,0.563636363636363,0,0
"org.eclipse.swt.graphics.FontData",63.5,22,5,3.5,-1,0.5,5,6.5,0,0
"org.eclipse.swt.graphics.TextStyle",6.03076923076923,0,0.463931623931624,0.0495726495726495,-0.0235897435897436,0.124102564102564,0.28957264957265,0.496068376068376,0,0.0239316239316239
"org.eclipse.swt.internal.carbon.OS",3.37600267379679,349.417112299465,1.96256684491979,0,-2.7284473653853e-17,1.93582887700535,1.43983957219251,1.43983957219251,0.0053475935828877,-0.0217245989304813
"org.eclipse.swt.internal.gnome.GNOME",16.5413533834586,57.1443609022557,2.88872180451128,4.15488721804511,-4.25577283413819e-17,1.90601503759399,0.316541353383459,0.316541353383459,0.056390977443609,0
"org.eclipse.swt.internal.gtk.GdkImage",12,0,0,0,0,0,12,12,0,0
"org.eclipse.swt.internal.motif.OS",1.44422043010753,115.209821428571,0.633928571428571,0.00744047619047619,-0.00220814132104454,0.586309523809523,0.709197388632872,0.650873655913978,0,-0.00561635944700461
"org.eclipse.swt.internal.motif.XButtonEvent",0.666666666666667,0,0,0,0,0,0.666666666666667,0.666666666666667,-5.23364152894592e-17,0
"org.eclipse.swt.internal.motif.XConfigureEvent",0.55952380952381,0,0,0,0,0,0.55952380952381,0.55952380952381,-5.23364152894592e-17,0
"org.eclipse.swt.internal.motif.XCrossingEvent",0.583333333333333,0,0,0,0,0,0.583333333333334,0.583333333333334,-5.23364152894592e-17,0
"org.eclipse.swt.internal.motif.XImage",0.964285714285715,0,0,0,0,0,0.964285714285715,0.964285714285715,0,0
"org.eclipse.swt.internal.motif.XKeyEvent",0.666666666666667,0,0,0,0,0,0.666666666666667,0.666666666666667,-5.23364152894592e-17,0
"org.eclipse.swt.internal.motif.XmDragProcCallback",1.07142857142857,0,0,0,0,0,1.07142857142857,1.07142857142857,0,0
"org.eclipse.swt.internal.motif.XMotionEvent",0.857142857142857,0,0,0,0,0,0.857142857142857,0.857142857142857,0,0
"org.eclipse.swt.internal.motif.XSizeHints",0.3,0,0,0,0,0,0.3,0.3,0,0
"org.eclipse.swt.internal.mozilla.nsIChannel",2.71428571428571,0,1.28571428571428,0.857142857142855,0,0.428571428571429,0.999999999999999,1,-7.76994260291725e-17,-0.0571428571428571
"org.eclipse.swt.internal.mozilla.nsIDOMMouseEvent",0.870629370629369,0,0.346153846153844,0.419580419580419,0,0.115384615384615,0.409090909090909,0.409090909090909,-5.91680826579558e-17,0
"org.eclipse.swt.internal.mozilla.nsIScriptSecurityManager",1.57142857142857,0.142857142857143,0.285714285714286,0.285714285714286,-0.142857142857143,0.142857142857143,1.14285714285714,1.14285714285714,-7.76994260291725e-17,0
"org.eclipse.swt.internal.photon.OS",3.02044534412955,148.088461538462,1.08076923076923,0,-5.33333889735378e-18,1.06923076923077,1.56356275303644,1.56356275303644,0,-0.00769230769230769
"org.eclipse.swt.internal.win32.HDITEM",0.166666666666667,0,0,0,0,0,0.166666666666667,0.166666666666667,0,0
"org.eclipse.swt.internal.win32.NONCLIENTMETRICS",1,0,0,0,0,0,1,1,0,0.4
"org.eclipse.swt.internal.win32.NOTIFYICONDATA",9,0,0,0,0,0,11,11,0,6.2803698347351e-16
"org.eclipse.swt.internal.win32.OS",107.672727272727,7508.01818181818,40.3090909090909,10.5818181818182,0,29.6181818181818,52.4181818181818,52.4181818181818,0,-0.236363636363636
"org.eclipse.swt.internal.wpf.OS",363.6,129038.4,283.2,0,0,278.4,80.4,80.4,0,0
"org.eclipse.swt.layout.GridData",1.48774509803921,0,0,0,-0.17156862745098,0,0.333333333333333,0.333333333333333,0,0
"org.eclipse.swt.layout.RowLayout",8.625,0.134803921568628,0.416666666666666,0.257352941176471,7.18049693885841e-17,0.122549019607843,0.139705882352941,0.139705882352941,-1.7951242347146e-17,0
"org.eclipse.swt.tests.junit.SwtJunit",0.863636363636364,0,0,0,0.109090909090909,0,0.645454545454545,0.645454545454545,0,0
"org.eclipse.osgi.framework.adaptor.core.AdaptorMsg",0.9,0,0,0,-0.05,0,1.4,1.23333333333333,0.166666666666667,0
"org.osgi.framework.AdminPermission",2.01989459815547,-0.0819499341238472,-0.0150197628458498,0,0.326482213438735,0.00263504611330696,0.791040843214757,0.291436100131752,-2.59047042077976e-17,0
"org.osgi.framework.Bundle",2.10850439882698,7.74981671554252,2.11143695014663,0,0.0593841642228739,0.426869501466276,0.100256598240469,0.100256598240469,0,-0.0159457478005865
"org.osgi.framework.BundleException",3.56785714285714,0.260714285714286,0.657142857142858,0.025,0,0.239285714285715,0.6,0.489285714285715,2.14993764247463e-17,0
"org.osgi.framework.namespace.IdentityNamespace",28,0,3.14018491736755e-16,0,3.14018491736755e-16,3.14018491736755e-16,7,7,3.14018491736755e-16,0
"org.eclipse.jface.databinding.ChangeEvent",7.52380952380953,0.142857142857143,0.559523809523809,0.0476190476190476,0.19047619047619,0.142857142857143,1.13095238095238,0.988095238095238,0.19047619047619,0
"org.eclipse.ui.forms.widgets.ExpandableComposite",1.37575757575758,0,0,0,0.0969696969696969,0,0.448484848484849,0.296969696969697,0,-0.103030303030303
"org.eclipse.ui.internal.browser.Messages",21,0,0,0,0,0,21,21,0,0
"org.eclipse.ui.internal.misc.Policy",0.315584415584416,0,0,0,-7.92885358227679e-17,0,-0.128571428571429,-0.128571428571429,0,0
"org.eclipse.ui.internal.misc.UIStats",4,0,0,0,3.14018491736755e-16,0,4,4,0,0
"org.eclipse.ui.internal.statushandlers.IStatusDialogConstants",68,0,0,0,5,0,17,17,0,0
"org.eclipse.ui.tests.activities.UtilTest",7.68571428571429,18.4107142857143,1.10714285714286,1.77142857142857,1.39285714285714,0.600000000000001,0.417857142857143,0.417857142857143,2.14993764247463e-17,0
"org.eclipse.ui.tests.navigator.NavigatorTestBase",0.825000000000001,0,0.05,0,0.417857142857143,0.025,0.775,0.4,2.14993764247463e-17,0.0035714285714287
"org.eclipse.ant.ui.launching.IAntLaunchConfigurationConstants",52,0,0,0,-2,0,13,13,0,0
"org.eclipse.update.configuration.IActivity",7.67857142857143,5.03549832510189e-16,1.07142857142857,0,0.107142857142857,2.51774916255095e-16,0.285714285714286,0.285714285714286,0,0
"org.eclipse.update.configuration.LocalSystemInfo",-0.845454545454545,-1.09090909090909,-1,-0.409090909090909,0.0909090909090908,-0.409090909090909,0.572727272727273,0.572727272727272,0,0
"org.eclipse.update.internal.transform.FeatureTransform",29,9,6,4.00000000000001,1.25607396694702e-15,2,7,6,3.14018491736755e-16,0
"org.eclipse.update.internal.ui.UpdateUIPluginImages",3.8,0.257142857142857,0.6,0.457142857142857,0.0527472527472529,0.2,1.54285714285714,1.25714285714286,0,0
"org.eclipse.emf.codegen.ecore.rose2ecore.parser.RoseNode",10.4999999999999,69.5,2.49999999999998,2.99999999999998,-7.69185074553426e-16,0.999999999999996,3.5,3,0,0
"org.eclipse.emf.ecore.util.EObjectValidator",107.5,54,12.5,23,2,6,2.5,2.5,0,0
"org.eclipse.emf.ecore.xml.type.util.XMLTypeValidator",81.3,651,25.2,15,0.3,9.3,3,3,0,0
"org.eclipse.emf.test.models.personal.impl.PersonalPackageImpl",84,0,-7.69185074553426e-16,0,-0.500000000000007,0,21,21,0,0
"org.eclipse.emf.test.models.personal.mixed.impl.MixedPackageImpl",92,0,-7.69185074553426e-16,0,-0.500000000000007,0,23,23,0,0
"org.eclipe.debug.tests.viewer.model.TestModelUpdatesListener",24.0000000000001,19,5.00000000000001,12,0.999999999999998,1,2,1,0,0
"org.eclipse.debug.core.DebugEvent",2.35714285714286,0,-1.67849944170063e-16,0.107142857142857,0,0.107142857142857,0.428571428571429,0.428571428571429,0,0
"org.eclipse.debug.internal.ui.DebugUIPlugin",-0.322754386265148,-0.0103366970715132,-0.0107177559359806,-0.00444644734865556,0.114544697406176,-0.00556167201936479,-0.0535039731661543,0.00215591088090389,8.27478496499699e-19,0
"org.eclipse.help.internal.HelpSystem",2.16653225806452,1.09637096774194,0.741129032258064,0.56008064516129,-0.0733870967741934,0.288709677419355,0.0600806451612902,0.206451612903226,0,0
"org.eclipse.help.internal.webapp.servlet.ControlServlet",1.7967032967033,0.362637362637363,0.423076923076923,0.247252747252747,0.0274725274725272,0.181318681318681,0.703296703296703,0.857142857142857,0,0
"org.eclipse.emf.eef.runtime.impl.notify.PropertiesEditionEvent",1.73333333333334,0,0,0,0.116666666666667,0,0.433333333333333,0.433333333333333,0,0
"org.eclipse.emf.eef.runtime.tests.utils.UIConstants",24,0,0,0,0,0,15,15,0,0
"org.eclipse.jdt.internal.corext.buildpath.IClasspathInformationProvider",4.99999999999999,7.5,5,0,1.5,1,0.999999999999998,0.999999999999998,0,0
"org.eclipse.jdt.internal.corext.dom.ASTRewrite",-4.42429335370511,-2.07914438502674,-1.51245225362872,-1.33338426279603,0.272116119174943,-0.690603514132925,0.353246753246753,0.388540870893812,0,0
"org.eclipse.jdt.internal.corext.dom.NewASTRewrite",17.6,-0.1,3.8,1.2,2.4,0.9,5.8,4.5,0,0
"org.eclipse.jdt.internal.corext.refactoring.base.RefactoringStatusCodes",5,0,0,0,0,0,5,5,0,0
"org.eclipse.jdt.internal.corext.refactoring.participants.xml.ExpressionStatus",50,3.14018491736755e-16,1,3.14018491736755e-16,6.2803698347351e-16,6.2803698347351e-16,11,11,3.14018491736755e-16,0
"org.eclipse.jdt.internal.junit.runner.MessageIds",31.5,0,0,0,-0.5,0,7.5,7.5,0,0
"org.eclipse.jdt.internal.ui.compare.JavaNode",2.0043956043956,0.105494505494506,0.527472527472527,0.632967032967033,-0.323076923076923,0.210989010989011,0.210989010989011,0.0285714285714288,0,0
"org.eclipse.jdt.internal.ui.text.comment.ICommentAttributes",12,0,0,0,0,0,3,3,0,0
"org.eclipse.jdt.internal.ui.wizards.buildpaths.newsourcepage.BuildpathModifierAction",11.5,3.99999999999999,2,0.999999999999999,0.499999999999998,0.499999999999999,9,9,0,0
"org.eclipse.jdt.testplugin.JavaProjectHelper",-7.19383753501401,-5.69355742296919,-2.24789915966387,-2.91372549019608,0.394957983193277,-0.65266106442577,0.157983193277311,0.13921568627451,0,0
"org.eclipse.jdt.ui.IContextMenuConstants",4,0,0,0,3.14018491736755e-16,0,1,1,0,0
"org.eclipse.jdt.ui.IJavaElementSearchConstants",1.47878787878788,0,0,0,0,0,0.36969696969697,0.36969696969697,0,0
"org.eclipse.jdt.ui.JavaElementImageDescriptor",-3.51398601398603,0,-0.458041958041959,-0.790209790209791,0.0699300699300697,-0.178321678321679,0.146853146853146,0.146853146853147,-5.91680826579558e-17,0
"org.eclipse.jdt.ui.refactoring.IRefactoringProcessorIds",0.8,0,0,0,0.199999999999999,0,0.199999999999999,0.199999999999999,0,0
"org.eclipse.ltk.core.refactoring.tests.participants.ElementRenameProcessor",4.4,1.6,0,1.98602732259782e-16,0.4,0.200000000000001,2.8,2.6,9.93013661298909e-17,0
"org.eclipse.ltk.internal.ui.refactoring.scripting.ScriptingMessages",12,0,0,0,3.14018491736755e-16,0,12,12,3.14018491736755e-16,0
"org.eclipse.gef4.swtfx.event.MouseEvent",6.6,3.3,2.4,0,0,1.2,1.8,0.6,0,0
"org.eclipse.jgit.storage.pack.PackConfig",1.5,0,0,0,0,0,0.600000000000001,0.3,0,0
"org.eclipse.jgit.util.HttpSupport",56,-2,-6,-12,-2,-0.999999999999999,19,19,0,0
"org.eclipse.core.boot.BootLoader",66,45,12,3,6.2803698347351e-16,3,12,12,0,0
"org.eclipse.recommenders.internal.completion.rcp.sandbox.CompletionEvent",0.999999999999984,0,-3.84592537276713e-16,0,0,0,0.999999999999999,0.999999999999999,0,0
"org.eclipse.recommenders.internal.rcp.codecompletion.CompilerAstCompletionNodeFinder",27,4,7,2,2.00971834711523e-14,4,2,2,3.14018491736755e-16,0
"org.eclipse.recommenders.utils.Constants",26.1071428571429,0,0,0,0.619047619047619,0,4.75,4.08333333333333,0,0
"org.eclipse.tcf.te.tcf.processes.core.model.ProcessTreeNode",13.4,0.2,1.98602732259782e-16,0.799999999999999,0.8,0.2,2.9,2.5,9.93013661298909e-17,0
"org.eclipse.core.resources.IResource",1.87412587412586,14.7972027972028,1.72727272727273,0,-0.122377622377623,0.353146853146852,0.115384615384615,0.115384615384615,0,0
"hudson.matrix.MatrixProject",-0.307142857142856,-8.79642857142857,-1.25714285714286,-0.0571428571428571,-0.132142857142857,-0.625,1.18928571428571,0.65,2.14993764247463e-17,0
"hudson.model.AbstractProject",0.349193548387096,0,2.24327184361741e-17,0,0.129838709677418,2.24327184361741e-17,0.349193548387097,0.393548387096774,2.24327184361741e-17,0
"org.eclipse.jdt.apt.tests.annotations.valueconversion.ValueConversionProcessor",11.6,1.8,1.8,8.2,-0.0999999999999999,0.6,2.2,2.5,0.3,0
"org.eclipse.jdt.core.CompletionProposal",1.21978021978022,-2.57142857142857,-0.32967032967033,0.197802197802198,0.0329670329670329,-0.131868131868132,0.296703296703296,0.0329670329670325,0.032967032967033,0
"org.eclipse.jdt.core.dom.ASTNode",20.3333333333333,0,0,0,4.18691322315673e-16,0,5.08333333333333,5.08333333333333,0,-1.03571428571429
"org.eclipse.jdt.core.Flags",-0.0549450549450567,1.68916369265374e-15,-1.68916369265374e-15,-0.785714285714285,0,-4.22290923163434e-16,0.494505494505494,0.494505494505494,0,0
"org.eclipse.jdt.internal.codeassist.complete.CompletionScanner",0.075215337593776,0.00402889691580994,0.00477910530702976,0.00163934426229508,0.035315365379272,0.00238955265351486,0.058210614059461,0.0532925812725757,-2.8195903507864e-18,0
"org.eclipse.jdt.internal.codeassist.impl.Engine",-0.10171277997365,-0.155731225296443,-0.120421607378129,-0.147562582345191,0.0379446640316206,-0.0309617918313572,0.144664031620553,0.0898550724637681,0,-0.0123847167325429
"org.eclipse.jdt.internal.compiler.ast.LambdaExpression",0.972693401978052,0.72451564828614,0.227760466061509,0.183789459422842,0.360974122747595,0.115465384094296,0.18460913155399,0.068974393713589,-1.09202264717228e-17,0.00132095921961794
"org.eclipse.jdt.internal.compiler.batch.Main",0.11790251490796,-0.00226860254083485,-0.00453720508166969,-0.00453720508166969,0.196331345605393,-0.00453720508166969,0.154200155561317,0.0399274047186933,0,0
"org.eclipse.jdt.internal.compiler.CompilationResult",0.999999999999986,-3.0767402982137e-15,-3.0767402982137e-15,-7.69185074553426e-16,0,0,0.999999999999998,0.999999999999998,0,0
"org.eclipse.jdt.internal.compiler.impl.CompilerOptions",1.77380952380952,0,0,0,0,0,1.52380952380952,1.41666666666667,0,0
"org.eclipse.jdt.internal.compiler.impl.IntConstant",-0.574347826086957,0,-0.465652173913044,0,-0.0334782608695652,-0.258695652173913,0.15,0.15,-1.08779196440841e-17,0
"org.eclipse.jdt.internal.compiler.lookup.Scope",1.27517845848017,0.36096010251608,0.304545043823981,0.108188964735454,0.0626317389125738,0.0740037950664137,0.00792692443546334,0.00792692443546334,0,-0.00864486557086178
"org.eclipse.jdt.internal.compiler.parser.RecoveredType",0.0061443932411676,0,0,0,0.182745335045705,0,0.00614439324116738,0.00614439324116738,-8.05705515005318e-18,0
"org.eclipse.jdt.internal.compiler.util.Util",0.071919112765425,-0.0140398994351389,-0.0233998323918982,-0.00935993295675927,0.255624122506285,-0.0140398994351389,0.0436978265364983,0.0343923117946039,0,0
"org.eclipse.jdt.internal.core.DeltaProcessingState",4,0,3.14018491736755e-16,0,5.02429586778808e-15,3.14018491736755e-16,1,1,0,0
"org.eclipse.jdt.internal.core.JavaModelManager",-0.106952769452769,-0.0163308913308913,-0.0137995337995338,-0.0164119214119214,0.0835680985680986,-0.0061999111999112,0.0338197913197913,0.0241067266067266,0,0
"org.eclipse.jdt.internal.core.search.matching.MatchLocator",-0.28403964456596,-0.0701298701298701,-0.0567669172932332,-0.115413533834587,0.161517429938483,-0.0467532467532468,0.0885167464114832,0.101913875598086,0,0
"org.eclipse.jdt.internal.core.search.matching.SuperTypeReferencePattern",-0.265882352941176,-0.0293212669683258,-0.0879638009049774,-0.0293212669683258,-0.109230769230769,-0.0586425339366516,-0.0166515837104072,0.169411764705882,-1.43503679096488e-17,-0.0244343891402715
"org.eclipse.jdt.internal.core.util.MementoTokenizer",0.799999999999996,0,3.06400011803057e-16,-0.127272727272727,-0.127272727272727,7.66000029507644e-17,0.2,0.818181818181818,0,0
"org.eclipse.jdt.internal.formatter.DefaultCodeFormatterOptions",0.917446524064171,0.0160427807486631,0.0267379679144385,0.0106951871657754,5.4568947307706e-17,0.0160427807486631,0.898395721925134,0.898395721925134,0,0
"org.eclipse.pde.api.tools.internal.provisional.builder.IReference",62,-3.0767402982137e-15,0,0,0,0,15.5,15.5,0,0
"org.eclipse.pde.internal.base.model.feature.IFeature",5.49999999999999,81,8.99999999999999,0,-3.84592537276713e-16,4.5,4,4,0,0
"org.eclipse.pde.internal.component.BuildPluginWizardPage",16,-2,2.00000000000001,1.00485917355762e-14,5.02429586778808e-15,2.51214793389404e-15,5,5,3.14018491736755e-16,0
"org.eclipse.pde.internal.core.exports.FeatureExportInfo",0.5,0,0,0,0,0,0.5,0.5,0,0
"org.eclipse.pde.internal.core.PDECore",-0.426877470355731,0,0,0,0.00395256916996038,0,-0.0800395256916998,-0.041501976284585,-3.47246255178581e-17,0
"org.eclipse.pde.internal.ds.ui.Messages",10,0,0,0,3.14018491736755e-16,0,10,10,3.14018491736755e-16,0
"org.eclipse.pde.internal.editor.feature.FeatureEditor",4.00000000000001,2.00971834711523e-14,1.00485917355762e-14,1.00485917355762e-14,5.02429586778808e-15,2.51214793389404e-15,2,2,3.14018491736755e-16,0
"org.eclipse.pde.internal.editor.feature.FeatureSpecSection",0.600000000000001,0,0,0,0.3,0,0.600000000000001,0.3,0,0
"org.eclipse.pde.internal.preferences.PDEBasePreferencePage",-2.52727272727273,-1.01818181818182,-1.26363636363636,-1.27272727272727,2.67795869548738e-16,-0.636363636363636,0.490909090909091,0.490909090909091,-3.34744836935923e-17,0
"org.eclipse.pde.internal.runtime.logview.LogView",-0.966928769657726,-1.16697502312673,-0.410962072155412,-0.867599444958373,0.195767807585569,-0.273011100832563,0.833024976873266,0.282030527289547,-2.02428340059644e-17,0
"org.eclipse.pde.internal.runtime.registry.model.Folder",4.8,0,0,1.6,0,0,1.6,1.6,0,0
"org.eclipse.pde.internal.runtime.registry.PrerequisitePropertySource",3.3,0,0,1.5,0,0,1.5,1.5,0,0
"org.eclipse.pde.internal.ui.util.SharedLabelProvider",-2.16653225806452,-4.34677419354839,-1.00403225806452,-0.512096774193548,0.370967741935484,-0.36491935483871,0.146774193548387,0.098790322580645,2.24327184361741e-17,0.00322580645161291
"org.eclipse.pde.internal.ui.wizards.feature.NewFeaturePatchWizard",0.600000000000003,0,0,0,0,0,0.600000000000001,0.6,0,0
"org.eclipse.pde.internal.wizards.extension.BaseExtensionPointMainPage",0.399999999999997,1.98602732259782e-16,3.97205464519564e-16,9.93013661298909e-17,1.58882185807825e-15,1.98602732259782e-16,0.400000000000002,0.4,9.93013661298909e-17,-0.4
"codegen.company.CodegencompanyTables",1.75000000000001,0,0,0,2.11904761904762,0,3.75,3.75,0,0
"org.eclipse.ocl.common.ui.internal.messages.CommonUIMessages",2.00000000000001,0,0,0,3.14018491736755e-16,0,2,2,0,0
"org.eclipse.ocl.ecore.tests.NamesTest",5,0,0,0,3,0,5,5,3.14018491736755e-16,0
"org.eclipse.ocl.examples.build.modelspecs.CGValuedElementModelSpec",1.6978021978022,0,0,0,1.7967032967033,0,0.0329670329670335,0.428571428571429,0,0.032967032967033
"org.eclipse.ocl.examples.codegen.analyzer.NameManager",28.6,0.3,2.4,2.7,4.8,0.6,2.8,2.8,0,0
"org.eclipse.ocl.examples.domain.values.util.ValuesUtil",2.5,-1.2,-2.6,-0.4,13.4,-0.4,4.8,3.3,0,4.96506830649455e-17
"org.eclipse.ocl.examples.pivot.messages.OCLMessages",16.7142857142857,0,0,0,-0.321428571428571,0,16.3928571428571,16.5,0,0
"org.eclipse.ocl.examples.pivot.PivotTables",11.6873865698729,0,0,0,0.147653616800622,0,0.0980036297640654,0.0980036297640654,0,0
"org.eclipse.ocl.examples.pivot.values.impl.ValueFactoryImpl",-0.933333333333335,0,-0.449999999999998,-0.899999999999999,0.6,0,0.416666666666666,0.416666666666667,0,0
"org.eclipse.ocl.examples.xtext.base.ui.messages.BaseUIMessages",16,0,0,0,3.14018491736755e-16,0,16,16,0,0
"org.eclipse.ocl.examples.xtext.completeocl.parser.antlr.internal.InternalCompleteOCLParser",2.85454545454546,-1.03636363636364,-0.654545454545454,-0.272727272727273,-0.163636363636364,-0.381818181818182,4.27272727272727,4.32727272727273,0,0
"org.eclipse.ocl.examples.xtext.completeocl.ui.contentassist.antlr.internal.InternalCompleteOCLParser",3.23636363636363,-0.70909090909091,-0.545454545454545,-0.0545454545454546,0.472727272727273,-0.327272727272727,4.27272727272727,4.32727272727273,0,0
"org.eclipse.ocl.examples.xtext.essentialocl.parser.antlr.internal.InternalEssentialOCLParser",2.61666666666667,-1.26666666666667,-0.8,-0.333333333333333,0,-0.466666666666666,4.35,4.41666666666667,0,0
"org.eclipse.ocl.examples.xtext.oclinecore.ui.messages.OCLinEcoreUIMessages",3.2,0,0,0,0,0,3.2,3.2,0,0
"org.eclipse.ocl.examples.xtext.oclstdlib.parser.antlr.internal.InternalOCLstdlibParser",4.4,-1.26666666666667,-0.8,-0.333333333333333,-0.2,-0.466666666666666,6.13333333333333,6.2,0,0
"org.eclipse.ocl.examples.xtext.oclstdlib.ui.contentassist.antlr.internal.InternalOCLstdlibParser",4.86666666666667,-0.866666666666667,-0.666666666666667,-0.0666666666666667,0.116666666666667,-0.4,6.13333333333333,6.2,0,0
"org.eclipse.ocl.parser.backtracking.OCLBacktrackingKWLexerprs",1.54545454545454,4.5909090909091,0.227272727272723,0.0454545454545454,0,0.090909090909091,0.863636363636364,0.863636363636364,0,-0.0363636363636364
"org.eclipse.ocl.parser.backtracking.OCLBacktrackingLexerprs",1.30769230769231,3.88461538461534,0.192307692307688,0.0384615384615385,0,0.0769230769230747,0.73076923076923,0.73076923076923,0,0
"org.eclipse.ocl.parser.OCLKWLexerprs",1.32867132867133,3.88461538461534,0.192307692307688,0.0384615384615385,0,0.0769230769230747,0.73076923076923,0.73076923076923,0,-5.91680826579558e-17
"org.eclipse.ocl.parser.OCLLexerprs",1.07142857142857,3.32967032967029,0.16483516483516,0.032967032967033,0,0.0659340659340646,0.626373626373626,0.626373626373626,0,0
"org.eclipse.ocl.ui.internal.messages.EcoreAndUMLUIMessages",18,0,0,0,3.14018491736755e-16,0,18,18,0,0
"org.eclipse.jdt.debug.testplugin.JavaProjectHelper",8.25,8.16911764705882,2.04411764705882,2.03186274509804,-0.0171568627450985,0.473039215686274,0.299019607843137,0.299019607843137,0,0
"org.eclipse.jdt.internal.debug.ui.JDIImageDescriptor",12.8452380952381,-0.297619047619045,0.0714285714285721,0.0238095238095248,-2.09345661157837e-16,-0.0952380952380948,1.01190476190476,1.01190476190476,-5.23364152894592e-17,0
"org.eclipse.scout.rt.client.ui.desktop.DesktopEvent",12,45,3.00000000000001,2.51214793389404e-15,1,2.00000000000001,2,1,3.14018491736755e-16,0
"org.eclipse.scout.rt.shared.services.lookup.LookupRow",0.999999999999998,0,5.02429586778808e-15,0,0,2.51214793389404e-15,1,1,3.14018491736755e-16,0
"org.eclipse.scout.rt.testing.shared.ScoutJUnitPluginTestExecutor",25.3,43.1,8.4,8.2,1.4,4.2,5.4,2.7,0,0
