className,LOC,LCOM,WMC,RFC,CBO,NOM,NOA,DIT,NOC
"org.eclipse.egit.ui.internal.clone.GitCreateGeneralProjectPage",-18,-3.5,-4.50000000000001,-9.00000000000001,0.999999999999996,-2.5,0.5,0,0
"org.eclipse.egit.ui.internal.dialogs.CreateTagDialog",-7.94661654135338,-4.57669172932331,-1.63308270676692,-1.60977443609022,0.982706766917294,-0.890977443609022,0.0526315789473684,-4.25577283413819e-17,0
"org.eclipse.egit.ui.internal.repository.CreateBranchWizard",-4.00000000000001,0.5,-1.5,-1.5,1.5,-1,0,0,0
"org.eclipse.egit.ui.test.team.actions.CreatePatchActionTest",-7,-1,-6,-6,12,-3,4,3.14018491736755e-16,0
"org.eclipse.compare.internal.ZipStructureCreator",-1.59999999999999,-0.799999999999999,-0.8,0.2,0,-0.6,9.93013661298909e-17,0,0
"org.eclipse.emf.cdo.dawn.codegen.creators.impl.GMFFragmentCreator",-28,-1,-2,-11,-0.999999999999993,-0.999999999999999,2,0,0
"org.eclipse.emf.cdo.internal.ui.actions.CreateResourceAction",-0.0970588235294116,-0.0411764705882353,-0.116176470588235,-0.0808823529411765,0.182352941176471,-0.0470588235294117,0.0676470588235294,0,0
"org.eclipse.emf.cdo.ui.internal.ide.actions.CreateBranchActionDelegate",-13.5,0,-2,-3.5,0.499999999999999,-0.5,0,0,0
"org.eclipse.net4j.util.concurrent.OnePendingExecutor",-7.5,0,-2.4,-1.2,0,-0.3,0,0,0
"org.eclipse.php.debug.core.debugger.PHPExecutableDebuggerInitializer",-13.0787878787879,-0.6,-1.88484848484848,-5.42424242424242,0.636363636363637,-0.527272727272727,0.0424242424242425,0,0
"org.eclipse.php.debug.ui.launching.PHPExecutableLaunchTab",0.692307692307692,0,0,0,-1.44755244755245,0,-0.0384615384615385,-5.91680826579558e-17,0
"org.eclipse.php.internal.core.phpModel.parser.ParserExecuter",-8,0,0,0,1.25607396694702e-15,0,-8,0,0
"org.eclipse.php.internal.debug.ui.wizards.PHPExeCompositeFragment",0.414215686274513,2.18872549019608,-0.112745098039216,-0.0563725490196069,0.279411764705883,-0.0245098039215689,0.0882352941176471,-1.7951242347146e-17,0
"org.eclipse.linuxtools.internal.rpm.createrepo.tests.CreaterepoTest",-13,0,-4,-0.999999999999999,3,-2,6.2803698347351e-16,0,0
"org.eclipse.linuxtools.systemtap.ui.ide.test.swtbot.TestCreateSystemtapScript",0.402930402930403,0,-0.043956043956044,0,2.05982905982906,-0.021978021978022,0.0647130647130647,0,0
"org.eclipse.linuxtools.tmf.ui.views.uml2sd.core.BasicExecutionOccurrence",-2,0,0,0,6.2803698347351e-16,0,-2,3.14018491736755e-16,3.14018491736755e-16
"org.eclipse.linuxtools.tmf.ui.views.uml2sd.core.ExecutionOccurrence",-24,-11.6,-5.8,-4.2,2.72089593814694e-16,-2.6,-0.999999999999999,9.93013661298909e-17,0
"org.eclipse.swt.widgets.Display",0.038607990196715,0,0,0,0.00502040580216584,0,0.0412231439692208,-1.0535515393786e-18,0
"org.eclipse.ant.internal.ui.datatransfer.BuildFileCreator",-37,-1,-8,-7,-16,-2,-2,0,0
"org.eclipse.debug.internal.ui.elements.adapters.StackFrameSourceDisplayAdapter",-10.5,-1.5,-1.6,-2.4,0,-0.6,0,0,0
"org.eclipse.ui.externaltools.internal.ant.view.elements.ExecutionPathNode",-7.50000000000001,-0.5,-2,-1,0,-1,0,0,0
"org.eclipse.mylyn.docs.intent.bridge.modelingbot.ui.CreateJavaTestFromModelingBotQuickFix",-12,-5,-3,-1,20,-2,0,3.14018491736755e-16,0
"org.eclipse.jdt.internal.core.refactoring.CreateCompilationUnitChange",-5.8,-1.4,-1.8,-2.8,0.199999999999999,-0.6,9.93013661298909e-17,9.93013661298909e-17,0
"org.eclipse.jdt.internal.corext.refactoring.changes.CreatePackageChange",-8.4,-1.5,-3,-3,3.47554781454618e-16,-0.9,0,0,0
"org.eclipse.jdt.internal.corext.refactoring.delegates.DelegateFieldCreator",-19,-13,-11,-7.99999999999999,2.51214793389404e-15,-5,3.14018491736755e-16,3.14018491736755e-16,0
"org.eclipse.jdt.internal.corext.refactoring.reorg.CreateCopyOfCompilationUnitChange",-33,-3,-12,-18,0,-3,6.2803698347351e-16,3.14018491736755e-16,0
"org.eclipse.jdt.internal.corext.refactoring.reorg.DeleteChangeCreator",-0.525,-0.132352941176471,-0.0352941176470587,-0.286764705882353,0.230882352941177,-0.0661764705882353,0,0,0
"org.eclipse.jdt.internal.corext.refactoring.reorg.MoveCuUpdateCreator",-9.46428571428571,-2.57142857142857,-2.82142857142857,-5.14285714285714,1.03571428571429,-0.928571428571428,0.107142857142857,0,0
"org.eclipse.jdt.internal.corext.refactoring.typeconstraints2.ConstraintCreator2",-181,0,-121,3,-60,-60,3.14018491736755e-16,1,3.14018491736755e-16
"org.eclipse.jdt.internal.debug.ui.display.DisplayAction",-4.52380952380952,-1.66666666666667,-1.36904761904762,-1.63095238095238,-0.333333333333333,-0.511904761904762,0,-5.23364152894592e-17,-0.0119047619047619
"org.eclipse.jdt.internal.ui.compare.JarStructureCreator",-4.00000000000003,-2,-2,0.5,-1.53837014910685e-15,-1.5,0,0,0
"org.eclipse.jdt.internal.ui.compare.JavaStructureCreator",-13.5,-0.9,-1.2,0,0,-0.9,-0.6,0,0
"org.eclipse.jdt.internal.ui.compare.PropertiesStructureCreator",-27,-16.5,-8.4,-3.9,0,-3.3,-0.9,0,0
"org.eclipse.jdt.internal.ui.launcher.ExecutionArgsPropertyPage",-8.14285714285715,-1.14285714285714,-2,-2.6,-1.24319081646676e-15,-0.571428571428572,-0.857142857142858,-7.76994260291725e-17,0
"org.eclipse.jdt.internal.ui.preferences.formatter.CreateProfileDialog",-5,-0.2,-0.4,-0.6,1.3,-0.4,-1.8,9.93013661298909e-17,0
"org.eclipse.jdt.internal.ui.snippeteditor.DisplayAction",-3.3,-1.8,-1.2,-2.1,0,-0.9,0,0,0
"org.eclipse.jdt.internal.ui.text.java.JavaCompletionProposalComputer",-4.3399209486166,-1.16403162055336,-1.42588932806324,-2.04841897233202,0.0365612648221347,-0.24802371541502,0.0444664031620553,0,0.00197628458498021
"org.eclipse.jdt.internal.ui.text.java.SWTTemplateCompletionProposalComputer",-10.5,-1,-2,-1.5,-0.5,-0.5,0,0,0
"org.eclipse.jdt.internal.ui.wizards.buildpaths.newsourcepage.CreateLinkedSourceFolderAction2",-7.8,-4.3,-2.9,-0.6,-0.7,-1.3,0,0,0
"org.eclipse.jdt.internal.ui.wizards.buildpaths.newsourcepage.CreateSourceFolderAction2",-7.8,-4.3,-2.9,-0.6,-0.7,-1.3,0,0,0
"org.eclipse.jdt.text.tests.performance.DisplayHelper",-20,-5,-6,-6,6.2803698347351e-16,-2,0,0,0
"org.eclipse.ltk.core.refactoring.history.IRefactoringExecutionListener",-20,-15,-12,0,-0.999999999999999,-5,0,0,0
"org.eclipse.recommenders.completion.rcp.processable.IntelligentCompletionProposalComputer",-2.48571428571429,-0.828571428571429,-1.4,-0.942857142857144,4.74285714285714,-0.657142857142857,0.657142857142857,-7.76994260291725e-17,0
"org.eclipse.recommenders.internal.commons.analysis.analyzers.JarFileModuleEntryFingerprintComputer",4.3,0,0.7,1,1,0,0.3,0,0
"org.eclipse.recommenders.internal.completion.rcp.calls.engine.CallsCompletionProposalComputer",-47,-6,-8,-14,0,-5,-13,0,0
"org.eclipse.recommenders.internal.completion.rcp.subwords.SubwordsCompletionProposalComputer",-0.642857142857143,0,-0.214285714285714,-0.107142857142857,0.571428571428572,-0.107142857142857,0,0,0
"org.eclipse.recommenders.internal.extdoc.rcp.scheduling.ProviderExecutionScheduler",-116,-31,-28,-46,0.999999999999998,-14,2.51214793389404e-15,0,0
"com.windriver.debug.tcf.ui.model.TCFChildrenExecContext",-15,-8,-8,-3,5,-5,6.2803698347351e-16,3.14018491736755e-16,0
"org.eclipse.tm.internal.tcf.debug.ui.model.TCFNodeExecContext",-1.5796992481203,-7.13308270676692,-0.175187969924813,-0.226315789473685,0.263157894736843,-0.521052631578947,0.0142857142857141,-4.25577283413819e-17,0
"org.eclipse.hudson.war.Executable",-82,-6,-17,-35,-2,-3,1,0,0
"org.eclipse.jdt.core.tests.model.CreateMembersTests",-0.563636363636365,-0.545454545454545,-0.436363636363636,0.145454545454546,0.00606060606060626,-0.218181818181818,-0.127272727272727,0,0
"org.eclipse.jdt.internal.core.CreateElementInCUOperation",-0.435483870967741,-0.060483870967742,-0.0786290322580646,-0.0181451612903226,0.358064516129032,-0.030241935483871,-0.060483870967742,2.24327184361741e-17,-0.00846774193548387
"org.eclipse.jdt.internal.core.CreateFieldOperation",-1.32975719932241,-0.457368718238283,-0.492941840767928,-0.457368718238283,0.338791643139469,-0.121400338791643,0,3.70487495214119e-17,0
"org.eclipse.jdt.internal.core.CreateTypeOperation",-1.71403508771929,-0.536842105263157,-0.498245614035087,-0.466666666666667,0.368421052631579,-0.133333333333333,0,1.52821577972625e-17,0
"org.eclipse.pde.api.tools.ui.internal.completion.APIToolsJavadocCompletionProposalComputer",-3.61212121212121,-0.490909090909091,-1.23636363636364,-1.14545454545455,0.587878787878788,-0.327272727272727,0,0,0
"org.eclipse.pde.internal.core.ExecutionEnvironmentAnalyzer",7.66000029507644e-17,0,0,0,0.0787878787878784,0,0,0,0
"org.eclipse.pde.internal.ui.editor.plugin.ExecutionEnvironmentSection",-104,-60,-23,-63,11,-13,6.2803698347351e-16,3.14018491736755e-16,0
"org.eclipse.releng.tools.ShellMakeFile",-0.514285714285715,-0.085714285714286,-0.342857142857144,0,0.142857142857143,-0.171428571428572,0,-7.76994260291725e-17,0
"org.eclipse.ocl.examples.library.ecore.EcoreExecutorProperty",-0.0139860139860143,-0.0384615384615385,-0.0734265734265737,-0.22027972027972,0.248251748251748,-0.0769230769230771,-0.0384615384615385,-5.91680826579558e-17,0
"org.eclipse.ocl.examples.library.executor.ExecutableStandardLibrary",-3.58928571428571,-18.2571428571429,-2.58214285714286,-0.5,0.478571428571429,-1.18571428571429,1.28996258548478e-16,2.14993764247463e-17,-0.00357142857142856
"org.eclipse.ocl.examples.library.executor.ExecutorLambdaType",-0.999999999999998,1,1,0,6,6.2803698347351e-16,-1,1,0
"org.eclipse.ocl.examples.library.executor.ExecutorManager",0.697058823529412,0.0705882352941176,0.220588235294118,0.00441176470588235,-0.258823529411765,0.145588235294118,0.0485294117647059,0,-0.0220588235294117
"org.eclipse.ocl.examples.library.executor.ExecutorProperty",-1.2671568627451,-0.110294117647059,-0.659313725490196,-0.00735294117647061,0.441176470588235,-0.375,-0.0808823529411763,0.0196078431372549,0.071078431372549
"org.eclipse.ocl.examples.library.executor.ExecutorSpecializedType",-0.999999999999998,1,1,0,6,6.2803698347351e-16,-1,1,0
"org.eclipse.ocl.examples.library.executor.ExecutorStandardLibrary",-6.11538461538461,-23.5659340659341,-4.29120879120879,0.0659340659340659,1.32967032967033,-2.15384615384615,0.0164835164835165,0,0
"org.eclipse.ocl.examples.library.executor.ExecutorTypeParameter",-0.999999999999998,1,1,0,6,6.2803698347351e-16,-1,1,0
"org.eclipse.ocl.examples.pivot.executor.PivotExecutorStandardLibrary",-9.28571428571429,-55.4571428571429,-8.80000000000001,3.31428571428571,3.65714285714286,-4.62857142857143,0.2,-7.76994260291725e-17,0
"org.eclipse.jdt.internal.debug.ui.display.DisplayCompletionProcessor",-0.327941176470588,-0.101470588235294,-0.152941176470588,0.238235294117647,0.577941176470588,-0.0794117647058824,-0.00441176470588236,0,0.025
"org.eclipse.jdt.internal.debug.ui.display.DisplayViewerConfiguration",-77,-52,-21,-21,-23,-10,-0.999999999999999,3.14018491736755e-16,0
"org.eclipse.jdt.internal.debug.ui.display.DisplayView",0.0857142857142856,0,0,0,0.312087912087912,0,-0.0285714285714286,0,0
"org.eclipse.jdt.launching.environments.IExecutionEnvironment",-4,-2,-3,0,0,-0.999999999999999,0,0,0
"org.eclipse.jdt.launching.environments.IExecutionEnvironmentsManager",-4.00000000000001,-2.5,-2.5,0,-0.500000000000001,-1,0,0,0
