className,LOC,LCOM,WMC,RFC,CBO,NOM,NOA,DIT,NOC
"org.eclipse.emf.cdo.releng.setup.SetupPackage",68.5714285714286,284.404761904762,12.2857142857143,0,-0.095238095238095,3.92857142857143,9.28571428571429,0,0
"org.eclipse.emf.cdo.tests.legacy.model2.Model2Package",205.371428571429,859.628571428572,48.6,0,-3.1079770411669e-16,16.2,18.9428571428571,0,0
"org.eclipse.emf.cdo.tests.legacy.model4.model4Package",49.2,221.4,10.8,0,1.98602732259782e-16,3.6,5.1,0,0
"org.eclipse.emf.cdo.tests.model2.Model2Package",52.5531475748194,156.640866873065,12.4798761609907,0,0.0330237358101135,4.15995872033024,4.81836945304438,0,0
"org.eclipse.emf.cdo.tests.model4.model4Package",10.1538461538462,44.7527472527472,2.22527472527472,0,-2.11145461581717e-16,0.741758241758244,1.05494505494506,0,0
"org.eclipse.linuxtools.internal.systemtap.ui.ide.editors.stp.STPDefaultCodeFormatterOptions",328.8,-2.7,3.3,0,-0.3,-0.6,44.4,0,0
"org.eclipse.swt.accessibility.AccessibleObject",23.7082368904142,-0.00618564929363876,3.96144943730545,6.98188203368186,0.0404262111900391,0.884747386064331,0.0546332508580095,0,0
"org.eclipse.swt.examples.dnd.DNDExample",422.5,350.1,64,97.4,0,20.2,8.2,0,0
"org.eclipse.swt.graphics.Image",-0.0475448977473276,0.000475082589871825,0.0500045798450179,0.0493841635065734,-0.000574007242261585,-0.00301292737587094,0.00475937494275193,0,0
"org.eclipse.swt.graphics.TextLayout",6.42966878083157,3.53065539112051,1.14940098661029,1.16892177589852,0.007399577167019,0.250035236081748,0.072727272727273,0,0
"org.eclipse.swt.internal.carbon.OS",15.0738164815897,1749.47697253068,8.52524839275278,0,4.33616179565356e-18,8.40631209818819,6.55756867329047,0.0188194038573933,-0.00759789596727059
"org.eclipse.swt.internal.gtk.OS",4.68970198375233,1183.16090116977,4.10210470307724,0.0140066836291093,-7.00100814517237e-05,3.94609557109557,0.575172158124103,0,0.000570748854501715
"org.eclipse.swt.internal.motif.OS",13.0108624334767,1205.8082671138,6.34262229350441,0.0706240431581249,-0.00171320259531967,5.84131005321863,6.7526609316906,0,-0.00760005832179048
"org.eclipse.swt.internal.win32.OS",107.672727272727,7508.01818181818,40.3090909090909,10.5818181818182,0,29.6181818181818,52.4181818181818,0,-0.236363636363636
"org.eclipse.swt.tools.internal.JNIGeneratorAppUI",14.1868131868132,12.1098901098901,2.78021978021978,11.7032967032967,-0.0659340659340658,0.835164835164836,0.28021978021978,0,0
"org.eclipse.osgi.framework.internal.core.FrameworkCommandProvider",22.8,0,0,1.49999999999999,-1.8,0,0,0,0
"org.eclipse.emf.codegen.ecore.genmodel.GenModelPackage",13.9121367521367,117.86188034188,3.7825641025641,0,3.87080264410508e-17,1.2434188034188,1.3008547008547,0,0
"org.eclipse.emf.codegen.ecore.templates.model.FactoryClass",16.5882608695652,0.0621739130434782,0.124347826086956,0.423043478260869,-0.04,0.0621739130434782,4.71913043478261,0,0
"org.eclipse.emf.codegen.ecore.templates.model.ValidatorClass",260,0,-7.69185074553426e-16,5.5,0,0,80,0,0
"org.eclipse.emf.ecore.util.BasicExtendedMetaData",36.2177502579979,159.603715170279,11.2610939112487,16.4076367389061,0.224974200206398,3.53663570691434,0.0928792569659441,0,-0.0175438596491228
"org.eclipse.emf.java.JavaPackage",56.2,0,0,0,3.97205464519564e-16,0,-6.35528743231302e-15,0,0
"org.eclipse.emf.test.core.ecore.BadEcoreDiagnosticTest",9.58831168831171,-0.297402597402597,-0.0376623376623371,-0.0207792207792207,0.0987012987012986,-0.0480519480519481,-0.0103896103896105,-0.012987012987013,0
"org.eclipse.emf.eef.eefnr.EefnrPackage",99.9999999999999,390.5,16.5,0,-7.69185074553426e-16,5.5,14,0,0
"org.eclipse.recommenders.tests.completion.rcp.chain.ChainCompletionScenariosTest",175.8,314,13,53.4,0.400000000000002,7.99999999999999,0.2,0,0
"org.eclipse.ocl.ecore.util.EcoreSwitch",537,2956.5,110.5,36.5,1.5,36.5,0,0,0
"org.eclipse.ocl.examples.xtext.base.baseCST.util.BaseCSTSwitch",165.4,389.5,19.8,6.5,19.8,6.5,0,0,0
"org.eclipse.ocl.examples.xtext.completeocl.completeOCLCST.CompleteOCLCSTPackage",36.2857142857143,-38.0357142857141,-2.46428571428571,0,0.0357142857142858,-0.857142857142855,10.7857142857143,0,0
"org.eclipse.ocl.examples.xtext.essentialocl.essentialOCLCST.EssentialOCLCSTPackage",29.9999999999999,-65.5,-3.00000000000006,0,0.999999999999999,-1.00000000000001,9.5,0,0
"org.eclipse.ocl.internal.cst.util.CSTSwitch",99.6,0,0,0,20,0,0,0,0
"org.eclipse.ocl.uml.util.UMLSwitch",551.5,3150,109,36,0.499999999999996,36,0,0,0
