className,LOC,LCOM,WMC,RFC,CBO,NOM,NOA,DIT,NOC
"com.github.mobile.ui.user.UserCreatedNewsFragment",-0.9,-0.6,-0.6,-0.6,0,-0.3,0,0,0
"com.nexes.manager.tablet.ThumbnailCreator",-6.25714285714286,0,-1.82857142857143,-3.88571428571429,0.485714285714285,-0.971428571428572,-3.1079770411669e-16,0.142857142857143,0
"org.brandroid.openmanager.util.ThumbnailCreator",0.990842490842492,-0.0903540903540904,0.0775335775335776,0.838217338217338,0.466422466422466,-0.0219780219780219,0.0439560439560439,1.83139303465101e-17,0
"com.osmand.data.index.IndexBatchCreator",-0.6,0,0,0,0.8,0,-0.6,0,0
"com.osmand.data.preparation.IndexCreator",-13.3,-4.2,-1.4,0,3,-1.4,-6.1,0,0
"net.osmand.data.preparation.IndexTransportCreator",-1,0,0,0,-1.00000000000001,0,-1,0.5,0
"net.osmand.router.PrecalculatedRouteDirection",-22.1,0,-4.6,-4.8,0.2,-1.2,-0.6,0,0
"me.guillaumin.android.osmtracker.view.DisplayTrackView",2.1,0,-0.3,0,2.1,-0.3,0,0,0
"eu.alefzero.owncloud.ui.FileDisplayActivity",-54,-19,-16,-23,1.00000000000001,-6,1.25607396694702e-15,3.14018491736755e-16,0
