artefactName;numberOfCommits;diffTime
com.trilead.ssh2.Connection;1;24448282
org.xbmc.httpapi.client.MusicClient;44;19422348
com.trilead.ssh2.Connection;1;24448282
com.frostwire.mp3.AbstractID3v2Tag;0;0
com.frostwire.mp3.MpegFrame;0;0
jcifs.dcerpc.msrpc.lsarpc;0;0
net.somethingdreadful.MAL.MALManager;34;14402714
org.acra.ACRAConfiguration;0;0
org.spongycastle.cms.test.NewEnvelopedDataTest;0;0
aarddict.Dictionary;16;690700
aarddict.android.ArticleViewActivity;50;5589832
org.mariotaku.twidere.activity.TwitterLoginActivity;19;2968124
twitter4j.TwitterImpl;0;0
org.mariotaku.twidere.activity.ComposeActivity;39;10517336
org.mariotaku.twidere.fragment.StatusFragment;10;2767170
org.mariotaku.twidere.activity.SignInActivity;1;18264
org.mariotaku.twidere.TwidereConstants;9;1300827
org.mariotaku.twidere.fragment.UserProfileFragment;4;497079
org.mariotaku.twidere.provider.TweetStore;93;47679839
org.mariotaku.twidere.twitter4j.TwitterImpl;0;0
org.mariotaku.twidere.fragment.UserListDetailsFragment;2;609065
org.mariotaku.twidere.activity.support.SignInActivity;0;0
org.mariotaku.twidere.Constants;195;38029923
org.mariotaku.twidere.service.TwidereService;25;4790504
org.sipdroid.media.RtpStreamReceiver;0;0
org.sipdroid.sipua.ui.Receiver;3;257959
com.android.email.mail.store.WebDavStore;7;816137
com.fsck.k9.mail.store.WebDavStore;0;0
org.spongycastle.cms.test.NewEnvelopedDataTest;0;0
de.ub0r.android.callmeter.ui.PlansFragment;29;73853724
de.ub0r.android.callmeter.ui.prefs.Preferences;24;50532749
