artefactName;numberOfCommits;diffTime
org.woltage.irssiconnectbot.util.PreferenceConstants;0;0
org.woltage.irssiconnectbot.util.HostDatabase;0;0
org.woltage.irssiconnectbot.service.TerminalBridge;0;0
org.connectbot.util.HostAdapter;0;0
org.connectbot.service.TerminalManager;46;48193184
org.connectbot.util.PreferenceConstants;0;0
org.connectbot.util.HostDatabase;0;0
de.mud.terminal.VDUBuffer;0;0
org.woltage.irssiconnectbot.util.PubkeyDatabase;0;0
org.woltage.irssiconnectbot.service.TerminalManager;0;0
org.connectbot.service.TerminalBridge;0;0
org.connectbot.util.PubkeyDatabase;3;411067
com.liato.bankdroid.banking.Bank;0;0
com.liato.bankdroid.provider.IBankTypes;0;0
com.liato.bankdroid.Bank;8;15192217
de.ub0r.android.smsdroid.Conversation;31;57886174
de.ub0r.android.smsdroid.Message;27;57886174
com.axelby.podax.PodcastProvider;0;0
com.axelby.podax.SubscriptionProvider;0;0
com.axelby.podax.Constants;0;0
org.wikimedia.commons.UploadService;27;9599568
com.github.mobile.util.TypefaceHelper;0;0
com.github.mobile.util.TypefaceUtils;0;0
com.github.mobile.Intents;0;0
com.github.mobile.util.GitHubIntents;0;0
com.github.mobile.android.util.GitHubIntents;2;526648
com.github.mobile.android.util.TypefaceHelper;5;1232418
org.xbmc.android.remote.presentation.controller.EpisodeListController;11;14324244
org.xbmc.api.info.GuiActions;0;0
org.xbmc.httpapi.BroadcastListener;0;0
org.xbmc.httpapi.info.MusicInfo;0;0
org.xbmc.httpapi.info.GuiActions;0;0
org.xbmc.api.object.Album;7;85428375
org.xbmc.api.object.Artist;8;84717992
org.xbmc.android.remote.presentation.controller.MovieListController;30;46390387
org.xbmc.eventclient.ButtonCodes;0;0
org.xbmc.api.type.ThumbSize;2;10855575
org.xbmc.api.info.VideoInfo;0;0
org.xbmc.android.remote.controller.MovieListController;0;0
org.xbmc.api.info.MusicInfo;0;0
org.xbmc.android.util.SMSConstants;0;0
org.xbmc.httpapi.info.VideoInfo;0;0
org.xbmc.android.remote.controller.holder.MovieHolder;2;613104
org.xbmc.android.remote.presentation.controller.TvShowListController;21;72505785
org.xbmc.android.remote.presentation.controller.AlbumListController;31;33125229
org.xbmc.android.remote.presentation.controller.SongListController;0;0
org.xbmc.api.object.Movie;0;0
org.xbmc.api.object.Episode;3;1218486
org.xbmc.android.remote.controller.SongListController;1;74164
org.xbmc.httpapi.data.Movie;6;606208
org.xbmc.api.type.SortType;1;25791184
org.xbmc.api.object.Host;2;688262
org.xbmc.api.object.TvShow;1;508158
org.xbmc.android.remote.business.AbstractManager;33;25887230
org.xbmc.android.remote.presentation.controller.ListController;11;11562986
sk.vx.connectbot.util.PubkeyDatabase;0;0
sk.vx.connectbot.service.TerminalManager;0;0
sk.vx.connectbot.util.HostDatabase;0;0
org.connectbot.util.HostAdapter;0;0
sk.vx.connectbot.util.PreferenceConstants;0;0
org.connectbot.service.TerminalManager;46;48193184
org.connectbot.util.PreferenceConstants;0;0
org.connectbot.util.HostDatabase;0;0
de.mud.terminal.VDUBuffer;0;0
org.connectbot.service.TerminalBridge;0;0
org.connectbot.util.PubkeyDatabase;3;411067
com.zegoggles.smssync.mail.Headers;0;0
com.zegoggles.smssync.preferences.PrefStore;0;0
com.zegoggles.smssync.SmsConsts;0;0
tv.studer.smssync.SmsConsts;1;223089
de.danoeh.antennapod.PodcastApp;20;14303748
de.podfetcher.service.PlaybackService;21;2859747
de.danoeh.antennapod.service.playback.PlaybackService;0;0
de.podfetcher.syndication.handler.RSSHandler;1;2744
de.danoeh.antennapod.preferences.UserPreferences;0;0
de.danoeh.antennapod.syndication.namespace.rss20.NSRSS20;0;0
de.podfetcher.syndication.FeedHandler;0;0
de.podfetcher.syndication.handler.FeedHandler;0;0
de.danoeh.antennapod.util.DownloadError;1;6140306
de.danoeh.antennapod.syndication.namespace.NSRSS20;0;0
de.danoeh.antennapod.service.PlaybackService;0;0
de.podfetcher.syndication.namespace.rss20.NSRSS20;0;0
jackpal.androidterm.Term;6;10923487
jackpal.androidterm.emulatorview.C;0;0
jackpal.androidterm.emulatorview.TermKeyListener;0;0
jackpal.androidterm.util.TermSettings;10;7549046
org.libretro.LibRetro;0;0
org.wahtod.wififixer.utility.WFScanResult;0;0
org.wahtod.wififixer.utility.NotifUtil;3;10937617
org.wahtod.wififixer.prefs.PrefConstants;0;0
org.wahtod.wififixer.ui.WifiFixerActivity;13;19957976
com.newsblur.util.PrefConstants;0;0
com.newsblur.database.FeedProvider;0;0
com.newsblur.domain.Story;0;0
com.newsblur.service.SyncService;0;0
com.newsblur.domain.Feed;0;0
com.newsblur.database.DatabaseConstants;0;0
com.frostwire.mp3.MpegFrame;0;0
com.frostwire.mp3.AbstractID3v2Tag;0;0
com.frostwire.torrent.Constants;0;0
com.frostwire.search.soundcloud.SoundcloudItem;0;0
com.frostwire.httpserver.Code;0;0
sun.net.httpserver.Code;0;0
com.frostwire.websearch.soundcloud.SoundcloudItem;1;2621790
com.frostwire.search.clearbits.ClearBitsItem;0;0
com.frostwire.search.extratorrent.ExtratorrentItem;0;0
com.frostwire.uxstats.UXAction;0;0
org.apache.commons.io.FileUtils;0;0
org.tint.utils.Constants;2;172432
org.tint.addons.framework.Action;0;0
org.brandroid.openmanager.provider.MediaStore;0;0
jcifs.smb.SID;0;0
org.apache.commons.net.ftp.FTP;0;0
org.brandroid.openmanager.activities.OpenExplorer;84;9003862
org.apache.commons.net.ftp.FTPReply;0;0
jcifs.dcerpc.msrpc.samr;0;0
org.apache.commons.net.ftp.FTPCommand;0;0
jcifs.dcerpc.msrpc.lsarpc;0;0
org.apache.commons.net.telnet.TelnetCommand;0;0
org.apache.commons.net.telnet.TelnetOption;0;0
jcifs.smb.NtStatus;0;0
org.brandroid.openmanager.util.EventHandler;21;11820073
jcifs.ntlmssp.NtlmFlags;0;0
com.dropbox.client2.exception.DropboxServerException;0;0
com.jcraft.jzlib.GZIPHeader;0;0
com.harasoft.relaunch.ReLaunch;35;3609795
com.harasoft.relaunch.N2EpdController;2;6553743
com.harasoft.relaunch.DeviceInfo;0;0
org.tamanegi.wallpaper.multipicture.MultiPictureSetting;3;1240161
org.sufficientlysecure.donations.DonationsFragment;0;0
de.azapps.mirakel.model.task.TaskBase;0;0
org.acra.ACRAConstants;0;0
org.spongycastle.pqc.crypto.ntru.NTRUSigningKeyGenerationParameters;0;0
org.spongycastle.asn1.bc.BCObjectIdentifiers;0;0
org.apg.integration.Constants;0;0
org.apg.api_demo.util.Constants;0;0
org.bouncycastle.mail.smime.SMIMEEnvelopedGenerator;0;0
org.thialfihar.android.apg.service.ApgIntentService;0;0
org.spongycastle.crypto.tls.ExtensionType;0;0
org.spongycastle.cms.CMSAlgorithm;0;0
org.spongycastle.crypto.tls.KeyExchangeAlgorithm;0;0
org.spongycastle.asn1.x509.Extension;0;0
org.bouncycastle.mail.smime.SMIMESignedGenerator;0;0
org.spongycastle.crypto.agreement.DHStandardGroups;0;0
org.spongycastle.pqc.asn1.PQCObjectIdentifiers;0;0
org.spongycastle.asn1.x509.X509Extension;0;0
org.spongycastle.cms.test.CMSTestUtil;0;0
org.spongycastle.asn1.x509.X509Extensions;0;0
org.spongycastle.asn1.cmp.PKIStatus;0;0
org.openintents.openpgp.util.OpenPgpApi;10;2776462
org.thialfihar.android.apg.service.ApgService;19;12973128
org.spongycastle.asn1.x500.style.BCStyle;0;0
org.thialfihar.android.apg.service.SaveKeyringParcel;0;0
org.spongycastle.crypto.tls.AlertDescription;0;0
org.sufficientlysecure.keychain.service.KeychainIntentService;0;0
org.spongycastle.crypto.tls.CipherSuite;0;0
org.spongycastle.openpgp.PGPSignature;0;0
org.spongycastle.cms.CMSEnvelopedGenerator;0;0
org.spongycastle.asn1.cmp.PKIBody;0;0
org.spongycastle.asn1.isismtt.x509.ProfessionInfo;0;0
org.thialfihar.android.apg.Apg;2;5190745
org.thialfihar.android.apg.provider.Keys;0;0
org.spongycastle.asn1.x500.style.RFC4519Style;0;0
org.spongycastle.jce.provider.RFC3280CertPathUtilities;1;0
org.spongycastle.asn1.x509.X509Name;0;0
org.spongycastle.crypto.tls.HandshakeType;0;0
org.spongycastle.crypto.tls.EncryptionAlgorithm;0;0
org.spongycastle.tsp.TSPAlgorithms;0;0
org.spongycastle.pqc.crypto.ntru.NTRUEncryptionKeyGenerationParameters;0;0
org.spongycastle.asn1.x509.ReasonFlags;0;0
org.spongycastle.asn1.x509.CRLReason;0;0
org.sufficientlysecure.keychain.service.SaveKeyringParcel;0;0
org.thialfihar.android.apg.integration.Constants;0;0
org.spongycastle.pqc.crypto.ntru.NTRUEncryptionParameters;0;0
org.apg.provider.Keys;0;0
org.thialfihar.android.apg.service.KeychainIntentService;0;0
org.spongycastle.asn1.esf.ESFAttributes;0;0
org.spongycastle.asn1.x509.KeyPurposeId;0;0
org.spongycastle.tsp.test.TSPTestUtil;0;0
org.apg.Apg;0;0
org.spongycastle.cms.CMSSignedGenerator;0;0
org.spongycastle.crypto.tls.NamedCurve;0;0
aarddict.Header;0;0
aarddict.Metadata;0;0
com.gimranov.zandy.client.task.APIRequest;0;0
com.gimranov.zandy.client.data.Attachment;0;0
com.gimranov.zandy.app.task.APIRequest;0;0
org.zotero.client.task.APIRequest;0;0
com.gimranov.zandy.app.data.Attachment;0;0
net.nightwhistler.pageturner.activity.ReadingActivity;0;0
net.nightwhistler.pageturner.Configuration;0;0
net.nightwhistler.nucular.atom.AtomConstants;0;0
net.nightwhistler.pageturner.ReadingActivity;11;518154
net.nightwhistler.pageturner.activity.ReadingFragment;0;0
org.mariotaku.gallery3d.common.ApiHelper;0;0
org.mariotaku.twidere.util.TwidereLinkify;0;0
org.mariotaku.staggeredadapterview.styleable;0;0
org.mariotaku.twidere.provider.TweetStore;67;23487501
org.mariotaku.twidere.model.ParcelableActivity;1;86915
org.mariotaku.twidere.constant.IntentConstants;0;0
org.apache.commons.net.ftp.FTP;0;0
twitter4j.conf.PropertyConfiguration;0;0
org.apache.commons.net.ftp.FTPReply;0;0
twitter4j.json.JSONObjectType;0;0
org.mariotaku.twidere.util.MediaPreviewUtils;0;0
org.mariotaku.twidere.twitter4j.TwitterConstants;0;0
twitter4j.TwitterConstants;0;0
org.mariotaku.twidere.Constants;1;159366
org.mariotaku.twidere.constant.SharedPreferenceConstants;0;0
org.mariotaku.twidere.TwidereConstants;0;0
me.imid.swipebacklayout.lib.ViewDragHelper;0;0
org.mariotaku.twidere.model.PreviewImage;7;28634094
org.gnucash.android.db.DatabaseHelper;2;3145338
org.sipdroid.sipua.ui.Receiver;0;0
android.tether.MainActivity;42;11520087
org.servalproject.servald.MDPVoMPEvent;0;0
de.ub0r.android.websms.connector.common.ConnectorSpec;0;0
de.ub0r.android.websms.connector.common.Connector;0;0
org.sipdroid.sipua.UserAgentProfile;0;0
org.servalproject.system.Configuration;0;0
android.tether.system.Configuration;1;160773
org.servalproject.batphone.VoMP;0;0
org.servalproject.servald.MDPMessage;0;0
org.servalproject.MainActivity;0;0
org.sqlite.Codes;0;0
net.osmand.plus.routing.RouteCalculationParams;0;0
net.osmand.plus.download.DownloadEntry;0;0
net.osmand.plus.audionotes.AudioVideoNotesPlugin;42;6049716
com.osmand.data.index.IndexConstants;3;1397217
net.osmand.router.GeneralRouter;9;12020697
net.osmand.osm.MapRenderingTypes;12;1066391
net.osmand.plus.api.render.Color;0;0
net.osmand.render.RenderingRuleStorageProperties;0;0
net.osmand.router.RouteCalculationProgress;3;38797429
net.osmand.plus.routing.RouteCalcuationParams;0;0
net.cyclestreets.CycleStreetsPreferences;8;9429127
com.sam.hex.Game;0;0
com.sam.hex.Global;11;13038124
com.sam.hex.GameObject;5;8108636
com.sam.hex.lan.LANGlobal;0;0
org.evilsoft.pathfinder.reference.render.Renderer;0;0
org.evilsoft.pathfinder.reference.render.html.HtmlRenderer;0;0
com.google.zxing.client.android.PreferencesActivity;0;0
com.coinbase.android.MainActivity;67;38458128
com.siriusapplications.coinbase.Constants;4;4644633
com.coinbase.android.Constants;0;0
com.gh4a.Constants;11;3800813
com.fsck.k9.activity.MessageInfoHolder;0;0
org.openintents.openpgp.util.OpenPgpApi;0;0
com.fsck.k9.activity.FolderInfoHolder;0;0
org.apache.james.mime4j.util.MimeUtil;0;0
com.fsck.k9.crypto.Apg;0;0
org.apache.james.mime4j.dom.field.FieldName;0;0
com.fsck.k9.Email;0;0
com.fsck.k9.Account;23;42764903
com.fsck.k9.k9;0;0
com.fsck.k9.preferences.SettingsExporter;0;0
org.kreed.vanilla.SongTimeline;41;43995905
org.kreed.vanilla.Song;26;7225445
org.kreed.vanilla.PrefKeys;0;0
org.kreed.vanilla.PlaybackActivity;26;46561407
ch.blinkenlights.android.vanilla.SongTimeline;0;0
org.kreed.vanilla.PlaybackService;42;1310609
ch.blinkenlights.android.vanilla.PlaybackService;0;0
ch.blinkenlights.android.vanilla.Song;7;54870670
ch.blinkenlights.android.vanilla.PrefKeys;0;0
com.andrewshu.android.reddit.ThreadInfo;0;0
talklittle.android.reddit.ThreadInfo;0;0
com.danvelazco.fbwrapper.Constants;9;13564211
org.spongycastle.pqc.crypto.ntru.NTRUSigningKeyGenerationParameters;0;0
org.spongycastle.asn1.bc.BCObjectIdentifiers;0;0
org.apg.integration.Constants;0;0
org.apg.api_demo.util.Constants;0;0
org.bouncycastle.mail.smime.SMIMEEnvelopedGenerator;0;0
org.thialfihar.android.apg.service.ApgIntentService;0;0
org.spongycastle.crypto.tls.ExtensionType;0;0
org.spongycastle.cms.CMSAlgorithm;0;0
org.spongycastle.crypto.tls.KeyExchangeAlgorithm;0;0
org.spongycastle.asn1.x509.Extension;0;0
org.bouncycastle.mail.smime.SMIMESignedGenerator;0;0
org.spongycastle.crypto.agreement.DHStandardGroups;0;0
org.spongycastle.pqc.asn1.PQCObjectIdentifiers;0;0
org.spongycastle.asn1.x509.X509Extension;0;0
org.spongycastle.cms.test.CMSTestUtil;0;0
org.spongycastle.asn1.x509.X509Extensions;0;0
org.spongycastle.asn1.cmp.PKIStatus;0;0
org.openintents.openpgp.util.OpenPgpApi;10;2776462
org.thialfihar.android.apg.service.ApgService;19;12973128
org.spongycastle.asn1.x500.style.BCStyle;0;0
org.spongycastle.crypto.tls.AlertDescription;0;0
org.sufficientlysecure.keychain.service.KeychainIntentService;0;0
org.spongycastle.crypto.tls.CipherSuite;0;0
org.spongycastle.openpgp.PGPSignature;0;0
org.spongycastle.cms.CMSEnvelopedGenerator;0;0
org.spongycastle.asn1.cmp.PKIBody;0;0
org.spongycastle.asn1.isismtt.x509.ProfessionInfo;0;0
org.thialfihar.android.apg.Apg;2;5190745
org.thialfihar.android.apg.provider.Keys;0;0
org.spongycastle.asn1.x500.style.RFC4519Style;0;0
org.spongycastle.jce.provider.RFC3280CertPathUtilities;1;0
org.spongycastle.asn1.x509.X509Name;0;0
org.spongycastle.crypto.tls.HandshakeType;0;0
org.spongycastle.crypto.tls.EncryptionAlgorithm;0;0
org.spongycastle.tsp.TSPAlgorithms;0;0
org.spongycastle.pqc.crypto.ntru.NTRUEncryptionKeyGenerationParameters;0;0
org.spongycastle.asn1.x509.ReasonFlags;0;0
org.spongycastle.asn1.x509.CRLReason;0;0
org.sufficientlysecure.keychain.service.SaveKeyringParcel;0;0
org.thialfihar.android.apg.integration.Constants;0;0
org.spongycastle.pqc.crypto.ntru.NTRUEncryptionParameters;0;0
org.apg.provider.Keys;0;0
org.spongycastle.asn1.esf.ESFAttributes;0;0
org.spongycastle.asn1.x509.KeyPurposeId;0;0
org.spongycastle.tsp.test.TSPTestUtil;0;0
org.apg.Apg;0;0
org.spongycastle.cms.CMSSignedGenerator;0;0
org.spongycastle.crypto.tls.NamedCurve;0;0
com.android.camera.util.ApiHelper;0;0
me.guillaumin.android.osmtracker.OSMTracker;6;10218455
de.ub0r.android.callmeter.ui.Plans;7;9494151
de.ub0r.android.callmeter.ui.prefs.Preferences;0;0
de.ub0r.android.callmeter.data.DataProvider;34;35341043
de.ub0r.android.callmeter.CallMeter;2;33502364
com.androzic.provider.PreferencesContract;0;0
com.androzic.navigation.NavigationService;9;35497233
com.menny.android.anysoftkeyboard.keyboards.KeyboardFactory;23;10275425
com.menny.android.anysoftkeyboard.KeyboardSwitcher;44;27006425
com.menny.android.anysoftkeyboard.keyboards.AnyKeyboard;93;30312085
info.guardianproject.otr.app.im.engine.ContactListListener;0;0
info.guardianproject.bouncycastle.asn1.x509.X509Extension;0;0
info.guardianproject.bouncycastle.asn1.isismtt.x509.ProfessionInfo;0;0
info.guardianproject.otr.app.im.plugin.ImpsConfigNames;0;0
info.guardianproject.bouncycastle.asn1.cmp.PKIBody;0;0
info.guardianproject.otr.app.im.plugin.ImPluginConstants;0;0
net.java.otr4j.io.SerializationConstants;0;0
info.guardianproject.otr.OtrConstants;1;40098543
info.guardianproject.otr.app.im.app.ImApp;0;0
info.guardianproject.bouncycastle.asn1.cmp.PKIStatus;0;0
info.guardianproject.bouncycastle.asn1.x509.KeyPurposeId;0;0
net.java.otr4j.crypto.OtrCryptoEngine;0;0
info.guardianproject.bouncycastle.crypto.tls.KeyExchangeAlgorithm;0;0
info.guardianproject.bouncycastle.asn1.x509.ReasonFlags;0;0
info.guardianproject.bouncycastle.asn1.bc.BCObjectIdentifiers;0;0
info.guardianproject.bouncycastle.crypto.tls.CipherSuite;0;0
info.guardianproject.otr.app.im.imps.ImpsErrorInfo;0;0
info.guardianproject.bouncycastle.asn1.x509.X509Extensions;0;0
info.guardianproject.otr.app.im.plugin.BrandingResourceIDs;0;0
info.guardianproject.otr.app.im.engine.ImErrorInfo;0;0
info.guardianproject.bouncycastle.crypto.tls.AlertDescription;0;0
info.guardianproject.otr.app.im.app.ChatSwitcher;0;0
info.guardianproject.otr.app.im.plugin.xmpp.XMPPCertPins;3;644067
info.guardianproject.bouncycastle.crypto.tls.EncryptionAlgorithm;0;0
info.guardianproject.bouncycastle.asn1.x500.style.RFC4519Style;0;0
info.guardianproject.bouncycastle.crypto.tls.NamedCurve;0;0
info.guardianproject.otr.app.im.provider.ImpsErrorInfo;0;0
net.java.otr4j.crypto.SM;0;0
info.guardianproject.bouncycastle.asn1.esf.ESFAttributes;0;0
info.guardianproject.bouncycastle.asn1.x509.X509Name;0;0
info.guardianproject.bouncycastle.asn1.x509.CRLReason;0;0
info.guardianproject.bouncycastle.asn1.x500.style.BCStyle;0;0
com.owncloud.android.files.services.FileUploader;0;0
eu.alefzero.owncloud.files.services.FileUploader;21;6280607
com.matburt.mobileorg.Gui.Theme.DefaultTheme;0;0
com.matburt.mobileorg.test.util.OrgTestUtils;9;1215314
com.matburt.mobileorg.Parsing.Node;0;0
com.matburt.mobileorg.Synchronizers.UbuntuOneSynchronizer;0;0
com.matburt.mobileorg.Gui.Agenda.OrgQueryBuilder;1;10290625
eu.prismsw.lampshade.providers.ArticleProvider;0;0
eu.prismsw.lampshade.TropesApplication;7;2016861
eu.prismsw.tropeswrapper.TropesArticleSettings;1;502863
eu.prismsw.tropeswrapper.TropesArticle;1;351882
dev.ukanth.ufirewall.log.LogService;2;74205
com.haibison.android.lockpattern.LockPatternActivity;0;0
com.asksven.betterbatterystats.data.GoogleAnalytics;0;0
com.asksven.betterbatterystats.data.Reference;5;2493091
