artefactName;numberOfCommits;diffTime
com.mareksebera.simpledilbert.preferences.DilbertPreferences;9;5788786
com.actionbarsherlock.app.ActionBar;0;0
com.actionbarsherlock.view.MenuItem;0;0
org.xbmc.httpapi.client.ControlClient;33;30562078
org.codehaus.jackson.map.AnnotationIntrospector;0;0
org.xbmc.api.data.IMusicClient;3;147571
org.xbmc.httpapi.client.MusicClient;44;19422348
org.xbmc.jsonrpc.client.MusicClient;12;73405258
de.danoeh.antennapod.feed.FeedItem;15;53082205
de.danoeh.antennapod.feed.Feed;17;52896986
com.actionbarsherlock.app.ActionBar;0;0
org.wahtod.wififixer.prefs.PrefUtil;23;43676555
com.actionbarsherlock.view.MenuItem;0;0
com.actionbarsherlock.app.ActionBar;0;0
com.actionbarsherlock.view.MenuItem;0;0
com.frostwire.mp3.AbstractID3v2Tag;0;0
com.frostwire.mp3.ID3Wrapper;0;0
org.tint.addons.Addon;4;589152
org.brandroid.openmanager.data.OpenBox;0;0
org.brandroid.openmanager.data.FTPManager;0;0
jcifs.util.NtlmHttpURLConnection;0;0
jcifs.http.NtlmHttpURLConnection;0;0
org.apache.commons.net.SocketClient;0;0
org.brandroid.openmanager.data.OpenSMB;8;797997
org.brandroid.openmanager.data.OpenPath;29;14890241
org.brandroid.openmanager.ftp.FTPManager;13;17303923
org.brandroid.openmanager.data.OpenFile;19;11432256
org.acra.ACRAConfiguration;0;0
org.spongycastle.jce.cert.PKIXParameters;0;0
org.spongycastle.x509.X509V3CertificateGenerator;0;0
java.security.cert.PKIXParameters;0;0
org.spongycastle.cms.test.BcEnvelopedDataTest;0;0
com.actionbarsherlock.app.ActionBar;0;0
org.spongycastle.crypto.tls.TlsUtils;0;0
com.actionbarsherlock.view.MenuItem;0;0
org.spongycastle.cms.test.NewEnvelopedDataTest;0;0
aarddict.android.ArticleViewActivity;50;5589832
aarddict.Dictionary;36;4453527
org.mariotaku.twidere.twitter4j.api.ListsResources;0;0
twitter4j.internal.json.z_T4JInternalJSONImplFactory;0;0
org.mariotaku.twidere.twitter4j.Query;0;0
org.mariotaku.twidere.twitter4j.internal.json.UserJSONImpl;0;0
twitter4j.Query;0;0
org.mariotaku.twidere.twitter4j.api.UsersResources;0;0
org.mariotaku.twidere.util.AsyncTwitterWrapper;62;29150766
org.mariotaku.twidere.twitter4j.TwitterImpl;0;0
org.mariotaku.twidere.twitter4j.internal.json.InternalJSONImplFactory;0;0
org.mariotaku.twidere.util.ThemeUtils;14;6469631
twitter4j.conf.ConfigurationBuilder;0;0
twitter4j.api.ListsResources;0;0
twitter4j.TwitterImpl;0;0
org.apache.commons.net.SocketClient;0;0
org.mariotaku.twidere.activity.HomeActivity;169;51766907
org.mariotaku.jsonserializer.JSONParcel;6;21783347
org.mariotaku.twidere.activity.support.HomeActivity;0;0
org.mariotaku.twidere.activity.ComposeActivity;70;20568358
twitter4j.api.UsersResources;0;0
twitter4j.internal.json.UserJSONImpl;0;0
twitter4j.internal.json.InternalJSONFactoryImpl;0;0
org.sipdroid.sipua.ui.Receiver;3;257959
com.actionbarsherlock.app.ActionBar;0;0
org.sqlite.MetaData;0;0
com.actionbarsherlock.view.MenuItem;0;0
com.actionbarsherlock.app.ActionBar;0;0
com.actionbarsherlock.view.MenuItem;0;0
org.apache.james.mime4j.dom.Message;0;0
com.actionbarsherlock.app.ActionBar;0;0
com.actionbarsherlock.view.MenuItem;0;0
org.apache.james.mime4j.field.Fields;0;0
com.android.email.mail.internet.MimeMessage;12;33336525
org.spongycastle.jce.cert.PKIXParameters;0;0
org.spongycastle.x509.X509V3CertificateGenerator;0;0
java.security.cert.PKIXParameters;0;0
org.spongycastle.cms.test.BcEnvelopedDataTest;0;0
com.actionbarsherlock.app.ActionBar;0;0
org.spongycastle.crypto.tls.TlsUtils;0;0
com.actionbarsherlock.view.MenuItem;0;0
org.spongycastle.cms.test.NewEnvelopedDataTest;0;0
info.guardianproject.otr.app.im.engine.ContactListManager;0;0
com.owncloud.android.datamodel.OCFile;6;22444956
