artefactName;numberOfCommits;diffTime
com.mareksebera.simpledilbert.utilities.FailSafeBitmapDisplayer;0;0
com.mareksebera.simpledilbert.FailSafeBitmapDisplayer;0;0
com.github.mobile.ui.user.UserCreatedNewsFragment;3;3625649
com.github.mobile.android.issue.CreateIssueHeaderViewHolder;0;0
com.github.mobile.issue.CreateIssueHeaderViewHolder;0;0
org.codehaus.jackson.map.deser.Creator;0;0
org.codehaus.jackson.map.deser.CreatorContainer;0;0
org.retroarch.browser.DisplayRefreshRateTest;0;0
com.retroarch.browser.DisplayRefreshRateTest;0;0
com.frostwire.torrent.TOTorrentCreator;0;0
org.tint.addons.executors.AskUserConfirmationExecutor;0;0
org.tint.addons.executors.ShowDialogExecutor;0;0
org.tint.addons.executors.ExecutorFactory;0;0
org.tint.addons.executors.AddTabExecutor;0;0
org.tint.addons.executors.ActionExecutor;0;0
org.tint.addons.executors.OpenTabExecutor;0;0
org.tint.addons.executors.LoadUrlExecutor;0;0
org.tint.addons.executors.ShowToastExecutor;0;0
org.tint.addons.executors.TabActionExecutor;0;0
android.support.v4.os.ParcelableCompatCreatorCallbacks;0;0
org.brandroid.openmanager.activities.SearchMakerActivity;0;0
org.brandroid.openmanager.util.ExecuteAsRootBase;0;0
org.brandroid.openmanager.util.ThumbnailCreator;26;9131521
com.jcraft.jsch.RequestExec;0;0
org.brandroid.openmanager.ExecuteAsRootBase;0;0
jcifs.smb.SmbComNTCreateAndX;0;0
android.support.v4.os.ParcelableCompatCreatorHoneycombMR2Stub;0;0
com.nexes.manager.tablet.ThumbnailCreator;5;2164623
org.tamanegi.wallpaper.multipicture.CreateShortcut;0;0
org.bouncycastle.mail.smime.examples.CreateLargeCompressedMail;0;0
org.bouncycastle.mail.smime.examples.CreateSignedMultipartMail;0;0
org.bouncycastle.mail.smime.examples.CreateLargeSignedMail;0;0
org.bouncycastle.mail.smime.examples.CreateSignedMail;0;0
org.sufficientlysecure.keychain.ui.DecryptSignatureResultDisplay;0;0
org.bouncycastle.mail.smime.examples.CreateEncryptedMail;0;0
org.spongycastle.pqc.crypto.rainbow.util.ComputeInField;0;0
org.bouncycastle.mail.smime.examples.CreateLargeEncryptedMail;0;0
org.bouncycastle.mail.smime.examples.CreateCompressedMail;0;0
com.nostra13.universalimageloader.core.display.SimpleBitmapDisplayer;0;0
org.mariotaku.twidere.loader.UserListCreatedLoader;0;0
org.mariotaku.twidere.activity.CreateComposeShortcutActivity;0;0
com.nostra13.universalimageloader.core.display.FakeBitmapDisplayer;0;0
org.mariotaku.twidere.fragment.UserListCreatedFragment;0;0
com.nostra13.universalimageloader.core.LoadAndDisplayImageTask;0;0
com.nostra13.universalimageloader.core.ProcessAndDisplayImageTask;0;0
com.nostra13.universalimageloader.core.display.BitmapDisplayer;0;0
org.mariotaku.querybuilder.query.SQLCreateTableQuery;0;0
org.gnucash.android.receivers.AccountCreator;0;0
net.osmand.data.preparation.address.IndexAddressCreator;0;0
net.osmand.data.preparation.IndexRouteCreator;0;0
com.osmand.data.index.IndexBatchCreator;3;185860
net.osmand.data.preparation.IndexAddressCreator;0;0
net.osmand.data.preparation.IndexCreator;0;0
net.osmand.data.index.IndexBatchCreator;0;0
net.osmand.data.preparation.IndexTransportCreator;2;83980
com.osmand.data.preparation.IndexCreator;4;440198
net.osmand.data.preparation.IndexPoiCreator;0;0
net.osmand.data.preparation.IndexVectorMapCreator;0;0
net.osmand.router.PrecalculatedRouteDirection;4;776054
net.cyclestreets.DisplayPhotoActivity;0;0
com.google.zxing.client.android.common.executor.AsyncTaskExecManager;0;0
com.google.zxing.client.android.common.executor.AsyncTaskExecInterface;0;0
com.coinbase.android.DisplayQrOrNfcFragment;0;0
com.coinbase.android.DisplayQrCodeFragment;0;0
com.google.zxing.client.android.common.executor.DefaultAsyncTaskExecInterface;0;0
com.google.zxing.client.android.common.executor.HoneycombAsyncTaskExecInterface;0;0
com.siriusapplications.coinbase.DisplayQrCodeFragment;0;0
com.gh4a.IssueLabelCreateActivity;0;0
org.bouncycastle.mail.smime.examples.CreateLargeCompressedMail;0;0
org.bouncycastle.mail.smime.examples.CreateSignedMultipartMail;0;0
org.bouncycastle.mail.smime.examples.CreateLargeSignedMail;0;0
org.bouncycastle.mail.smime.examples.CreateSignedMail;0;0
org.sufficientlysecure.keychain.ui.DecryptSignatureResultDisplay;0;0
org.bouncycastle.mail.smime.examples.CreateEncryptedMail;0;0
org.spongycastle.pqc.crypto.rainbow.util.ComputeInField;0;0
org.bouncycastle.mail.smime.examples.CreateLargeEncryptedMail;0;0
org.bouncycastle.mail.smime.examples.CreateCompressedMail;0;0
org.sufficientlysecure.keychain.ui.LogDisplayActivity;0;0
me.guillaumin.android.osmtracker.view.DisplayTrackView;3;448125
me.guillaumin.android.osmtracker.activity.DisplayTrack;0;0
me.guillaumin.android.osmtracker.exception.CreateTrackException;0;0
me.guillaumin.android.osmtracker.activity.DisplayTrackMap;0;0
com.menny.android.anysoftkeyboard.keyboards.KeyboardCreatorsFactory;0;0
info.guardianproject.otr.app.im.app.ChatBackgroundMaker;0;0
com.owncloud.android.utils.DisplayUtils;0;0
eu.alefzero.owncloud.ui.activity.FileDisplayActivity;0;0
com.owncloud.android.DisplayUtils;0;0
eu.alefzero.owncloud.ui.FileDisplayActivity;1;-500932
