artefactName;numberOfCommits;diffTime
org.eclipse.egit.ui.internal.UIText;0;0
org.eclipse.net4j.net4jdefs.Net4jDefsPackage;0;0
org.eclipse.emf.cdo.tests.legacy.model2.impl.Unsettable1Impl;0;0
org.eclipse.emf.cdo.releng.projectconfig.ProjectConfigPackage;2;6198912
org.eclipse.emf.cdo.tests.RevisionManagerTest;0;0
org.eclipse.emf.cdo.cdodefs.CDODefsPackage;0;0
org.eclipse.emf.cdo.expressions.ExpressionsPackage;0;0
org.eclipse.emf.cdo.server.CDOServerBrowser;1;6045
org.eclipse.emf.cdo.releng.predicates.PredicatesPackage;3;13581994
org.eclipse.emf.cdo.releng.setup.SetupPackage;0;0
org.eclipse.emf.cdo.tests.hibernate.model.HibernateTest.HibernateTestPackage;4;4454016
org.eclipse.emf.cdo.releng.setup.impl.SetupTaskImpl;27;7750765
org.eclipse.emf.cdo.tests.model6.impl.UnsettableAttributesImpl;0;0
org.eclipse.emf.cdo.releng.doc.article.ArticlePackage;0;0
org.gastro.inventory.InventoryPackage;0;0
org.eclipse.emf.cdo.tests.model6.Model6Package;5;49040097
org.eclipse.emf.cdo.tests.legacy.model1.Model1Package;0;0
org.eclipse.emf.cdo.tests.model1.Model1Package;5;16226437
org.eclipse.emf.cdo.tests.legacy.model2.impl.Unsettable2WithDefaultImpl;0;0
org.eclipse.emf.cdo.tests.CommitInfoTest;1;10706
org.eclipse.emf.cdo.releng.setup.impl.TargletTaskImpl;20;4492765
org.eclipse.emf.cdo.examples.company.CompanyPackage;0;0
org.eclipse.emf.cdo.tests.legacy.model3.Model3Package;11;64385160
org.eclipse.net4j.util.om.monitor.ProbingSubMonitor;0;0
org.eclipse.emf.cdo.releng.setup.impl.SetupFactoryImpl;23;10461563
org.eclipse.emf.cdo.tests.model2.Model2Package;13;54266977
org.eclipse.net4j.defs.Net4jDefsPackage;0;0
org.eclipse.emf.cdo.releng.setup.impl.GitCloneTaskImpl;20;5115740
org.eclipse.emf.cdo.tests.model3.Model3Package;17;77442319
org.eclipse.net4j.db.jdbc.DelegatingResultSet;0;0
org.eclipse.emf.cdo.releng.setup.util.SetupSwitch;9;9414277
org.eclipse.emf.cdo.tests.model4.util.model4Switch;0;0
org.eclipse.emf.internal.cdo.session.DelegatingSessionProtocol;10;17487274
org.eclipse.emf.cdo.tests.legacy.model4.util.model4Switch;0;0
org.eclipse.emf.cdo.tests.legacy.model2.Model2Package;1;41237301
org.eclipse.emf.cdo.releng.doc.article.util.ArticleSwitch;7;1039353
org.eclipse.emf.cdo.tests.model4.model4Package;0;0
org.eclipse.emf.cdo.releng.setup.provider.SetupItemProviderAdapterFactory;7;8903788
org.eclipse.emf.cdo.releng.setup.util.SetupAdapterFactory;33;15843048
org.eclipse.emf.cdo.tests.legacy.model4.model4Package;0;0
org.eclipse.php.internal.core.resources.ExternalFileWrapper;0;0
org.eclipse.php.internal.core.resources.ExternalFileDecorator;0;0
org.eclipse.php.internal.core.compiler.ast.visitor.PHPASTVisitor;0;0
org.eclipse.linuxtools.internal.systemtap.ui.ide.editors.stp.STPDefaultCodeFormatterOptions;3;23919228
org.eclipse.jface.text.AbstractInformationControlManager;8;22463241
org.eclipse.ui.texteditor.SourceViewerDecorationSupport;5;4832829
org.eclipse.ui.texteditor.AnnotationPreference;7;24045045
org.eclipse.jface.text.source.CompositeRuler;9;25405618
org.eclipse.swt.internal.carbon.OS;32;12697179
org.eclipse.swt.internal.gtk.OS;76;12318723
org.eclipse.swt.opengl.GL;0;0
org.eclipse.swt.widgets.Control;2;0
org.eclipse.swt.examples.dnd.DNDExample;2;4245824
org.eclipse.swt.internal.accessibility.gtk.ATK;25;205912208
org.eclipse.swt.widgets.TableColumn;198;152159237
org.eclipse.swt.widgets.TableItem;140;86164988
org.eclipse.swt.internal.cocoa.NSWindow;0;0
org.eclipse.swt.examples.layoutexample.GridLayoutTab;0;0
org.eclipse.swt.widgets.ToolItem;247;78654738
org.eclipse.swt.tests.junit.performance.Test_Button;0;0
org.eclipse.swt.widgets.List;1;0
org.eclipse.swt.widgets.TreeItem2;7;74157886
org.eclipse.swt.tests.junit.performance.Test_org_eclipse_swt_widgets_Control;3;1809027
org.eclipse.swt.examples.controlexample.TreeTab;38;150972627
org.eclipse.swt.widgets.Menu;100;38570395
org.eclipse.swt.accessibility.AccessibleObject;31;25843411
org.eclipse.swt.widgets.Tree;218;59723610
org.eclipse.swt.widgets.Table;86;31242647
org.eclipse.swt.widgets.TreeItem;153;115443097
org.eclipse.swt.widgets.Composite;51;20591348
org.eclipse.swt.widgets.Text;47;26474663
org.eclipse.swt.internal.cocoa.NSTextView;0;0
org.eclipse.swt.examples.layoutexample.Tab;0;0
org.eclipse.swt.program.Program;88;80739203
org.eclipse.swt.graphics.Region;162;233716385
org.eclipse.swt.widgets.Spinner;15;1396791
org.eclipse.opengl.GL;0;0
org.eclipse.swt.internal.cocoa.NSView;4;23111314
org.eclipse.swt.widgets.Combo;2;0
org.eclipse.swt.tools.internal.NativesGenerator;2;421354
org.eclipse.swt.tools.internal.MacGenerator;1;20770538
org.eclipse.swt.internal.cocoa.NSString;0;0
org.eclipse.swt.custom.TreeCursor;0;0
org.eclipse.swt.internal.mozilla.nsIDOMWindow;9;267738233
org.eclipse.swt.graphics.GC;562;132799723
org.eclipse.swt.widgets.MenuItem;179;50570486
org.eclipse.swt.widgets.CoolBar;1;0
org.eclipse.swt.internal.cairo.Cairo;16;67635974
org.eclipse.swt.internal.image.TIFFDirectory;7;197759675
org.eclipse.swt.tools.internal.JNIGeneratorAppUI;0;0
org.eclipse.swt.widgets.Tracker;193;77939428
org.eclipse.swt.internal.wpf.OS;3;417002
org.eclipse.swt.internal.cocoa.MacGenerator;0;0
org.eclipse.swt.internal.photon.OS;38;65858097
org.eclipse.swt.widgets.Widget;302;82112363
org.eclipse.swt.tests.junit.junitGen;0;0
org.eclipse.swt.tests.junit.Test_org_eclipse_swt_custom_TextChangeListener;0;0
org.eclipse.swt.internal.motif.OS;62;65937443
org.eclipse.swt.widgets.Shell;848;203736326
org.eclipse.swt.tools.internal.StructsGenerator;0;0
org.eclipse.swt.internal.win32.OS;9;13936411
org.eclipse.swt.graphics.TextLayout;7;15401
org.eclipse.osgi.framework.internal.core.FilterImpl;0;0
org.eclipse.e4.ui.css.core.impl.dom.CSS2PropertiesImpl;0;0
org.eclipse.ui.examples.views.properties.tabbed.hockeyleague.impl.GoalieStatsImpl;0;0
org.eclipse.ui.internal.views.properties.tabbed.view.TabbedPropertyList;1;31454338
org.eclipse.e4.ui.model.application.ui.basic.impl.WindowImpl;0;0
org.eclipse.jface.tests.viewers.TreeManagerTest;0;0
org.eclipse.e4.ui.tests.model.test.impl.TestHarnessImpl;0;0
org.eclipse.e4.ui.model.application.descriptor.basic.impl.PartDescriptorImpl;0;0
org.eclipse.e4.demo.e4photo.Exif;0;0
org.eclipse.e4.ui.model.application.ui.basic.impl.PartImpl;0;0
org.eclipse.jface.tests.viewers.StyledStringBuilderTest;0;0
org.eclipse.e4.ui.model.application.impl.ApplicationImpl;0;0
org.eclipse.e4.ui.model.application.ui.menu.util.MenuSwitch;0;0
org.eclipse.e4.ui.tests.application.EPartServiceTest;0;0
org.eclipse.ui.tests.menus.MenuPopulationTest;17;201123913
org.eclipse.emf.test.edit.command.UnsetCommandTest;0;0
org.eclipse.emf.java.JavaPackage;0;0
org.eclipse.emf.test.sdo.types.model.types.impl.AThingImpl;0;0
org.eclipse.emf.ecore.provider.EcoreEditPluginProperties;0;0
com.example.ipo.IpoPackage;3;59898434
org.eclipse.emf.test.common.reification.ReificationPackage;0;0
org.eclipse.emf.codegen.ecore.genmodel.handler.GenerateHandler;0;0
org.eclipse.emf.ecore.xml.type.XMLTypeFactory;6;97122695
org.eclipse.emf.importer.rose.parser.RoseNode;0;0
org.eclipse.emf.codegen.ecore.templates.model.ResourceClass;6;55627115
org.eclipse.emf.codegen.ecore.genmodel.GenModel;36;67885019
org.eclipse.emf.codegen.ecore.genmodel.impl.GenModelImpl;59;55626977
org.eclipse.emf.test.sdo.types.model.types.TypesPackage;3;67925607
org.eclipse.emf.test.common.reification.impl.RootImpl;0;0
org.eclipse.emf.ecore.xcore.XcorePackage;0;0
org.eclipse.emf.codegen.ecore.templates.model.FactoryClass;15;48133545
org.eclipse.emf.codegen.ecore.genmodel.impl.GenFeatureImpl;1;2155669
org.eclipse.emf.codegen.ecore.templates.editor.Editor;36;68176771
org.eclipse.emf.ecore.impl.EStoreEObjectImpl;19;181245779
org.eclipse.emf.test.core.dynamic.ModelNotificationTest;0;0
org.eclipse.emf.test.core.sdo.types.model.types.impl.AThingImpl;0;0
org.eclipse.emf.ecore.change.ChangePackage;10;223625374
org.eclipse.emf.test.models.movie.db.DBPackage;0;0
org.eclipse.emf.codegen.ecore.genmodel.provider.GenModelItemProvider;40;126581942
org.eclipse.emf.ecore.util.BasicExtendedMetaData;15;34742066
org.eclipse.emf.ecore.util.EObjectValidator;2;2910019
org.eclipse.emf.test.examples.JavaTest;0;0
org.eclipse.emf.codegen.ecore.templates.editor.ActionBarContributor;20;88693747
org.eclipse.emf.codegen.ecore.templates.editor.ModelWizard;8;11670684
org.eclipse.emf.java.impl.JClassImpl;0;0
org.eclipse.emf.test.tools.merger.FacadeTest_Example1;0;0
org.eclipse.emf.edit.provider.ItemProvider;6;121823050
org.eclipse.emf.codegen.ecore.templates.editor.Advisor;0;0
org.eclipse.emf.ecore.xcore.formatting.XcoreFormatter;10;41688332
org.eclipse.emf.codegen.ecore.templates.model.ValidatorClass;0;0
org.eclipse.emf.test.models.movie.db.DbPackage;5;80020109
org.eclipse.emf.test.models.types.impl.AThingImpl;0;0
org.eclipse.emf.codegen.ecore.genmodel.impl.GenDataTypeImpl;20;86756260
org.eclipse.emf.java.impl.JMethodImpl;0;0
org.eclipse.emf.codegen.ecore.rose2ecore.parser.RoseNode;2;21936297
org.eclipse.emf.codegen.ecore.templates.edit.ItemProvider;7;17404695
org.eclipse.emf.importer.ModelImporter;18;12601616
org.eclipse.emf.ecore.xml.type.util.XMLTypeValidator;0;0
org.eclipe.debug.tests.viewer.model.TestModelUpdatesListener;10;14589760
org.apache.lucene.demo.html.HTMLParserTokenManager;0;0
org.eclipse.emf.eef.eefnr.EefnrPackage;0;0
org.eclipse.emf.eef.nonreg.NonregPackage;3;4341413
org.eclipse.emf.eef.modelingBot.EEFActions.EEFActionsPackage;6;61722881
org.eclipse.worldcupforecast.WorldcupforecastPackage;0;0
org.eclipse.emf.eef.eefnr.navigation.NavigationPackage;4;41869233
org.eclipse.emf.eef.extended.editor.EditorPackage;0;0
org.eclipse.emf.eef.mapping.MappingPackage;0;0
org.eclipse.emf.eef.eefnr.navigation.impl.SingleReferencerImpl;2;30643747
org.eclipse.emf.eef.eefnr.impl.TotalSampleImpl;0;0
org.eclipse.emf.eef.runtime.extended.editor.EditorPackage;0;0
org.eclipse.jdt.ui.tests.quickfix.SurroundWithTemplateTest;0;0
org.eclipse.jdt.ui.tests.quickfix.CleanUpTest;48;20961436
org.eclipse.jdt.ui.tests.quickfix.ReorgQuickFixTest;10;32068242
org.eclipse.jdt.ui.tests.quickfix.ModifierCorrectionsQuickFixTest;0;0
org.eclipse.jdt.internal.corext.refactoring.util.ASTParentTrackingAdapter;0;0
org.eclipse.jdt.ui.tests.reorg.MoveTest;0;0
org.eclipse.jdt.ui.tests.core.AddImportTest;24;94701606
org.eclipse.ltk.core.refactoring.tests.history.RefactoringHistoryServiceTests;3;528884
org.eclipse.jdt.internal.corext.dom.ASTNodeConstants;0;0
org.eclipse.jdt.ui.tests.quickfix.LocalCorrectionsQuickFixTest;2;345415
org.eclipse.jdt.ui.tests.core.source.GenerateToStringTest;0;0
org.eclipse.jdt.ui.tests.quickfix.SaveParticipantTest;11;20914423
org.eclipse.jdt.ui.tests.core.ColoredStringsTest;0;0
org.eclipse.jdt.ui.tests.quickfix.ConvertForLoopQuickFixTest;0;0
org.eclipse.jdt.ui.tests.search.NLSSearchTest;15;129524494
org.eclipse.jdt.ui.tests.quickfix.JavadocQuickFixTest;5;17279810
org.eclipse.jdt.ui.tests.core.ImportOrganizeTest;15;36143706
org.eclipse.jdt.text.tests.contentassist.CodeCompletionTest;0;0
org.eclipse.jdt.ui.tests.core.ScopeAnalyzerTest;6;671769
org.eclipse.jdt.ui.tests.refactoring.InlineMethodTests;52;83203066
org.eclipse.jdt.ui.tests.quickfix.AdvancedQuickAssistTest;5;3372948
org.eclipse.jdt.ui.tests.quickfix.TypeMismatchQuickFixTests;1;622139
org.eclipse.jdt.ui.examples.ASTChildConstantsGenerator;1;93663
org.eclipse.jdt.ui.tests.quickfix.UnresolvedMethodsQuickFixTest;8;9858313
org.eclipse.jdt.ui.tests.quickfix.UnresolvedTypesQuickFixTest;13;10623050
org.eclipse.jdt.jeview.properties.JavaElementProperties;1;80696
org.eclipse.jdt.internal.corext.refactoring.structure.HierarchyProcessor;9;6156235
org.eclipse.jdt.ui.tests.core.CodeCompletionTest;15;45472176
org.eclipse.jdt.ui.tests.nls.NLSSourceModifierTest;14;59336856
org.eclipse.jdt.ui.tests.quickfix.LocalCorrectionsLocalCorrectionsQuickFixTestQuickFixTest;0;0
org.eclipse.jdt.internal.core.refactoring.ASTParentTrackingAdapter;0;0
org.eclipse.jdt.ui.tests.refactoring.nls.NLSSourceModifierTest;0;0
org.eclipse.jdt.ui.tests.quickfix.ReturnTypeQuickFixTest;5;1552301
org.eclipse.jdt.internal.core.refactoring.util.ASTParentTrackingAdapter;0;0
org.eclipse.jdt.ui.tests.buildpath.BuildpathModifierActionTest;7;1206307
org.eclipse.jdt.ui.tests.quickfix.ConvertIterableLoopQuickFixTest;21;59961761
org.eclipse.jdt.ui.tests.quickfix.UnresolvedVariablesQuickFixTest;25;38346643
org.eclipse.gef4.graphics.AbstractGraphics;8;19878424
org.eclipse.jubula.JubulaPackage;0;0
org.eclipse.jubula.client.ui.rcp.properties.ProjectALMPropertyPage;6;27907914
org.eclipse.jgit.api.CommitOnlyTest;0;0
org.eclipse.jgit.internal.JGitText;0;0
org.eclipse.jgit.JGitText;0;0
org.eclipse.recommenders.tests.completion.rcp.chain.ChainCompletionScenariosTest;1;1141966
org.eclipse.recommenders.tests.SmokeTestScenarios;5;29405751
org.eclipse.tcf.internal.debug.ui.profiler.ProfilerView;2;1562642
org.eclipse.tcf.internal.debug.ui.launch.TCFTargetTab;3;11472912
org.eclipse.jdt.core.tests.compiler.parser.DietCompletionTest;0;0
org.eclipse.jdt.core.tests.compiler.parser.CompletionParserTest;0;0
org.eclipse.jdt.core.tests.model.CompletionContextTests;4;10013945
org.eclipse.jdt.internal.core.util.DefaultBytecodeVisitor;0;0
org.eclipse.jdt.core.tests.compiler.parser.CompletionParserTest2;0;0
org.eclipse.jdt.core.tests.compiler.regression.ClassFileReaderTest;7;7801250
org.eclipse.jdt.core.tests.model.ResolveTests;13;31381569
org.eclipse.jdt.core.tests.rewrite.describing.ImportRewriteTest;0;0
org.eclipse.jdt.core.tests.compiler.parser.CompletionParserTestKeyword;0;0
org.eclipse.jdt.core.tests.compiler.parser.GenericsCompletionParserTest;0;0
org.eclipse.jdt.core.util.ByteCodeVisitorAdapter;0;0
org.eclipse.jdt.core.dom.ASTNode;39;65429498
org.eclipse.jdt.core.tests.model.JavadocCompletionContextTests;2;10013945
org.eclipse.jdt.core.tests.model.CompletionTests_1_5;58;52720120
org.eclipse.jdt.internal.core.util.CodeAttribute;0;0
org.eclipse.jdt.core.tests.compiler.parser.AnnotationCompletionParserTest;3;6587097
org.eclipse.jdt.core.tests.model.CompletionTests;0;0
org.eclipse.jdt.core.tests.compiler.parser.DietRecoveryTest;0;0
org.eclipse.pde.api.tools.comparator.tests.MethodDeltaTests;0;0
org.eclipse.pde.api.tools.comparator.tests.FieldDeltaTests;0;0
org.eclipse.pde.api.tools.model.tests.TagScannerTests;0;0
org.eclipse.pde.api.tools.comparator.tests.ClassDeltaTests;0;0
org.eclipse.pde.internal.ui.view.PluginsView;10;17621855
org.eclipse.pde.api.tools.comparator.tests.InterfaceDeltaTests;0;0
behavioral.actions.ActionsPackage;0;0
org.eclipse.ocl.examples.xtext.essentialocl.essentialOCLCST.util.EssentialOCLCSTAdapterFactory;9;55214346
org.eclipse.ocl.uml.util.UMLAdapterFactory;2;5257550
org.eclipse.ocl.examples.pivot.internal.impl.PivotPackageImpl;64;59937069
org.eclipse.ocl.examples.xtext.completeocl.completeOCLCST.CompleteOCLCSTPackage;0;0
org.eclipse.ocl.examples.pivot.internal.impl.CollectionLiteralExpImpl;50;82593574
org.eclipse.ocl.uml.provider.UMLItemProviderAdapterFactory;0;0
org.eclipse.ocl.examples.xtext.essentialocl.essentialOCLCST.EssentialOCLCSTPackage;0;0
org.eclipse.ocl.examples.xtext.essentialocl.essentialOCLCST.util.EssentialOCLCSTSwitch;2;1724711
org.eclipse.ocl.examples.pivot.PivotTables;56;36980234
org.eclipse.ocl.cst.util.CSTSwitch;0;0
org.eclipse.ocl.examples.pivot.internal.impl.IteratorExpImpl;34;66092329
org.eclipse.ocl.ecore.provider.EcoreItemProviderAdapterFactory;0;0
org.eclipse.ocl.examples.xtext.oclstdlib.serializer.AbstractOCLstdlibSemanticSequencer;0;0
org.eclipse.ocl.examples.xtext.base.basecs.util.BaseCSSwitch;0;0
dataaccess.expressions.util.ExpressionsValidator;0;0
org.eclipse.ocl.ecore.util.EcoreSwitch;0;0
pivot.IteratorExpBodies;0;0
org.eclipse.ocl.examples.xtext.oclstdlib.oclstdlibcs.OCLstdlibCSPackage;0;0
org.eclipse.ocl.examples.xtext.essentialocl.essentialoclcs.EssentialOCLCSPackage;0;0
org.eclipse.ocl.ecore.util.EcoreAdapterFactory;2;5258180
data.classes.impl.SignatureImpl;0;0
org.eclipse.ocl.examples.xtext.base.basecs.util.BaseCSAdapterFactory;0;0
org.eclipse.ocl.examples.xtext.completeocl.serializer.AbstractCompleteOCLSemanticSequencer;0;0
org.eclipse.ocl.examples.editor.EditorPackage;0;0
org.eclipse.ocl.examples.codegen.cgmodel.util.CGModelAdapterFactory;0;0
org.eclipse.ocl.examples.xtext.essentialocl.serializer.AbstractEssentialOCLSemanticSequencer;5;10147115
org.eclipse.ocl.internal.cst.util.CSTSwitch;0;0
behavioral.status_and_action.assembly.AssemblyPackage;0;0
org.eclipse.ocl.examples.pivot.bodies.IteratorExpBodies;37;28713443
data.classes.impl.SapClassImpl;0;0
org.eclipse.ocl.examples.xtext.oclinecore.oclinEcoreCST.util.OCLinEcoreCSTSwitch;0;0
behavioral.status_and_action_old.Status_and_action_oldPackage;0;0
org.eclipse.ocl.examples.pivot.util.PivotAdapterFactory;0;0
org.eclipse.ocl.examples.xtext.completeocl.completeoclcs.CompleteOCLCSPackage;0;0
data.classes.ClassesPackage;0;0
org.eclipse.ocl.examples.build.utilities.GenerateOCLCommon;0;0
dataaccess.expressions.collectionexpressions.CollectionexpressionsPackage;0;0
dataaccess.expressions.impl.ExpressionImpl;0;0
dataaccess.expressions.literals.LiteralsPackage;0;0
org.eclipse.ocl.uml.util.UMLSwitch;0;0
org.eclipse.ocl.examples.emf.validation.validity.ValidityPackage;0;0
org.eclipse.ocl.examples.xtext.markup.MarkupPackage;2;1109280
org.eclipse.ocl.examples.codegen.cgmodel.util.CGModelSwitch;0;0
behavioral.actions.util.ActionsValidator;0;0
org.eclipse.ocl.examples.pivot.model.OCLstdlib;14;11619767
org.eclipse.ocl.examples.xtext.essentialocl.essentialoclcs.util.EssentialOCLCSSwitch;0;0
org.eclipse.ocl.examples.pivot.util.PivotSwitch;0;0
org.eclipse.ocl.expressions.util.ExpressionsSwitch;0;0
org.eclipse.ocl.examples.codegen.cgmodel.impl.CGModelFactoryImpl;0;0
org.eclipse.ocl.examples.xtext.oclinecore.oclinEcoreCST.OCLinEcoreCSTPackage;0;0
org.eclipse.ocl.examples.xtext.oclinecore.serializer.AbstractOCLinEcoreSemanticSequencer;0;0
org.eclipse.ocl.examples.codegen.cgmodel.CGModelPackage;0;0
org.eclipse.ocl.examples.pivot.internal.impl.StateImpl;13;94055289
org.eclipse.ocl.examples.pivot.internal.impl.ExpressionInOclImpl;1;3067487
org.eclipse.ocl.examples.build.xtend.GenerateOCLCommon;0;0
data.classes.util.ClassesSwitch;0;0
org.eclipse.ocl.examples.xtext.completeocl.completeOCLCST.util.CompleteOCLCSTSwitch;5;27828518
dataaccess.expressions.ExpressionsPackage;0;0
integration.xsd.XsdPackage;0;0
org.eclipse.ocl.examples.xtext.base.baseCST.util.BaseCSTSwitch;0;0
company.CompanyPackage;4;28261511
org.eclipse.ocl.examples.xtext.base.baseCST.util.BaseCSTAdapterFactory;1;1173197
org.eclipse.ocl.examples.xtext.oclstdlib.oclstdlibCST.OCLstdlibCSTPackage;2;1173046
data.classes.util.ClassesValidator;0;0
org.eclipse.ocl.examples.pivot.internal.impl.ClassImpl;23;71604886
org.eclipse.jdt.debug.tests.eval.NestedTypeFieldValue_279;0;0
org.eclipse.jdt.debug.tests.eval.NestedTypeFieldValue_343;0;0
org.eclipse.jdt.debug.tests.eval.NestedTypeFieldValue_444;0;0
org.eclipse.jdt.debug.tests.eval.NestedTypeFieldValue_417;0;0
org.eclipse.jdt.debug.tests.eval.NestedTypeFieldValue_506;0;0
org.eclipse.jdt.debug.tests.eval.NestedTypeFieldValue_592;0;0
org.eclipse.jdt.debug.tests.eval.TypeHierarchy_146_1;0;0
org.eclipse.jdt.debug.tests.eval.NestedTypeFieldValue_653;0;0
org.eclipse.jdt.debug.tests.eval.NestedTypeFieldValue_304;0;0
org.eclipse.jdt.debug.tests.eval.NestedTypeFieldValue_192;0;0
org.eclipse.jdt.debug.tests.eval.NestedTypeFieldValue_581;0;0
org.eclipse.jdt.debug.tests.eval.NestedTypeFieldValue_58;0;0
org.eclipse.jdt.debug.tests.eval.NestedTypeFieldValue_268;0;0
org.eclipse.jdt.debug.tests.eval.TestsNumberLiteral;0;0
org.eclipse.jdt.debug.tests.eval.NestedTypeFieldValue_728;0;0
org.eclipse.jdt.debug.tests.eval.NestedTypeFieldValue_605;0;0
org.eclipse.jdt.debug.tests.eval.NestedTypeFieldValue_555;0;0
org.eclipse.jdt.debug.tests.eval.NestedTypeFieldValue_155;0;0
org.eclipse.jdt.debug.tests.eval.NestedTypeFieldValue_470;0;0
org.eclipse.jdt.debug.tests.eval.ArrayValueTests;0;0
org.eclipse.jdt.debug.tests.eval.TestsNestedTypes1;0;0
org.eclipse.jdt.debug.tests.eval.NestedTypeFieldValue_179;0;0
org.eclipse.jdt.debug.tests.eval.NestedTypeFieldValue_518;0;0
org.eclipse.jdt.debug.tests.eval.NestedTypeFieldValue_168;0;0
org.eclipse.jdt.debug.tests.eval.NestedTypeFieldValue_144;0;0
org.eclipse.jdt.debug.tests.eval.NestedTypeFieldValue_65;0;0
org.eclipse.jdt.debug.tests.eval.NestedTypeFieldValue_395;0;0
org.eclipse.jdt.debug.tests.eval.NestedTypeFieldValue_94;0;0
org.eclipse.jdt.debug.tests.eval.NestedTypeFieldValue_615;0;0
org.eclipse.jdt.debug.tests.eval.NestedTypeFieldValue_370;0;0
org.eclipse.jdt.debug.tests.eval.NestedTypeFieldValue_69;0;0
org.eclipse.jdt.debug.tests.eval.NestedTypeFieldValue_252;0;0
org.eclipse.jdt.debug.tests.eval.NestedTypeFieldValue_703;0;0
org.eclipse.jdt.debug.tests.eval.NestedTypeFieldValue_481;0;0
org.eclipse.jdt.debug.tests.eval.NestedTypeFieldValue_241;0;0
org.eclipse.jdt.debug.tests.eval.NestedTypeFieldValue_664;0;0
org.eclipse.jdt.debug.tests.eval.NestedTypeFieldValue_495;0;0
org.eclipse.jdt.debug.tests.eval.NestedTypeFieldValue_529;0;0
org.eclipse.jdt.debug.tests.eval.NestedTypeFieldValue_109;0;0
org.eclipse.jdt.debug.tests.eval.NestedTypeFieldValue_134;0;0
org.eclipse.jdt.debug.tests.eval.NestedTypeFieldValue_293;0;0
org.eclipse.jdt.debug.tests.eval.NestedTypeFieldValue_406;0;0
org.eclipse.jdt.debug.tests.eval.TestsNestedTypes;0;0
org.eclipse.jdt.debug.tests.eval.NestedTypeFieldValue_724;0;0
org.eclipse.jdt.debug.tests.eval.NestedTypeFieldValue_566;0;0
org.eclipse.jdt.debug.tests.eval.NestedTypeFieldValue_145;0;0
org.eclipse.jdt.debug.tests.eval.NestedTypeFieldValue_690;0;0
org.eclipse.jdt.debug.tests.eval.NestedTypeFieldValue_83;0;0
org.eclipse.jdt.debug.tests.eval.NestedTypeFieldValue_626;0;0
org.eclipse.jdt.debug.tests.eval.NestedTypeFieldValue_214;0;0
org.eclipse.jdt.debug.tests.eval.NestedTypeFieldValue_54;0;0
org.eclipse.jdt.debug.tests.eval.NestedTypeFieldValue_381;0;0
org.eclipse.jdt.debug.tests.eval.NestedTypeFieldValue_714;0;0
org.eclipse.jdt.debug.tests.eval.TypeHierarchy_135_1;0;0
org.eclipse.jdt.debug.tests.eval.NestedTypeFieldValue_354;0;0
org.eclipse.jdt.debug.tests.eval.generator.NestedTypeTestGenerator;0;0
org.eclipse.jdt.debug.tests.eval.NestedTypeFieldValue_120;0;0
org.eclipse.jdt.debug.tests.eval.NestedTypeFieldValue_455;0;0
org.eclipse.jdt.debug.tests.eval.NestedTypeFieldValue_315;0;0
org.eclipse.jdt.debug.tests.eval.NestedTypeFieldValue_713;0;0
org.eclipse.jdt.debug.tests.eval.NestedTypeFieldValue_739;0;0
org.eclipse.jdt.debug.tests.eval.NestedTypeFieldValue_616;0;0
org.eclipse.jdt.debug.tests.eval.NestedTypeFieldValue_203;0;0
org.eclipse.jdt.debug.tests.eval.NestedTypeFieldValue_517;0;0
org.eclipse.jdt.debug.tests.eval.NestedTypeFieldValue_679;0;0
org.eclipse.scout.rt.ui.swing.ext.activitymap.JActivityMapHeaderValidatorTest;0;0
