artefactName;numberOfCommits;diffTime
org.eclipse.egit.ui.JobFamilies;7;16157977
org.eclipse.egit.ui.internal.UIIcons;0;0
org.eclipse.egit.ui.internal.UIText;0;0
org.eclipse.team.internal.ccvs.ui.wizards.ConfigurationWizardMainPage;0;0
org.eclipse.team.tests.ccvs.core.CVSTestSetup;22;56919512
org.eclipse.team.internal.ccvs.core.client.Command;0;0
org.eclipse.team.core.synchronize.SyncInfo;0;0
org.eclipse.team.core.sync.ILocalSyncElement;0;0
org.eclipse.team.internal.ccvs.core.requests.RequestSender;0;0
org.eclipse.team.core.subscribers.SyncInfo;0;0
org.eclipse.team.internal.ccvs.core.Client;0;0
org.eclipse.net4j.internal.ui.bundle.SharedIcons;2;3930333
org.eclipse.net4j.buddies.internal.common.protocol.ProtocolConstants;0;0
org.eclipse.emf.cdo.releng.version.Markers;15;67312371
org.eclipse.emf.cdo.internal.ui.SharedIcons;1;867780
org.eclipse.emf.cdo.common.model.CDOType;0;0
org.eclipse.emf.cdo.server.internal.mongodb.Commits;0;0
org.eclipse.emf.cdo.common.model.EMFUtil;30;123277515
org.eclipse.emf.cdo.common.CDOProtocolConstants;0;0
org.eclipse.emf.cdo.tests.config.IConstants;15;40945714
org.eclipse.net4j.internal.util.table.Dumper;0;0
org.eclipse.emf.cdo.releng.setup.SetupConstants;0;0
org.eclipse.emf.cdo.releng.internal.version.IVersionBuilderArguments;3;2328817
org.eclipse.emf.cdo.dawn.tests.ui.util.DawnEcoreTestUtil;3;12094792
org.eclipse.internal.net4j.bundle.Net4j;1;5435
org.eclipse.emf.cdo.dawn.tests.ui.util.DawnAcoreTestUtil;2;3843567
org.eclipse.emf.cdo.server.internal.objectivity.schema.ObjyBase;1;1605069
org.eclipse.emf.cdo.internal.common.model.CDOTypeImpl;0;0
org.eclipse.net4j.internal.ui.SharedIcons;0;0
org.eclipse.emf.cdo.dawn.appearance.DawnAppearancer;0;0
org.eclipse.emf.cdo.dawn.gmf.appearance.DawnAppearancer;0;0
org.eclipse.php.internal.core.ast.util.Signature;0;0
org.eclipse.php.internal.core.phpModel.parser.php4.CompletionLexer4;0;0
org.eclipse.php.internal.core.ast.parser.PhpAstLexer4;0;0
org.eclipse.php.internal.core.documentModel.parser.PHPTokenizer;0;0
org.eclipse.php.internal.core.util.UnixChmodUtil;0;0
org.eclipse.php.core.util.UnixChmodUtil;0;0
org.eclipse.php.internal.core.ast.parser.PhpAstLexer5;0;0
org.eclipse.php.internal.core.compiler.ast.nodes.ASTNodeKinds;0;0
org.eclipse.php.internal.core.ast.scanner.PhpAstLexer4;0;0
org.eclipse.php.internal.core.phpModel.javacup.emit;0;0
org.eclipse.php.debug.core.debugger.parameters.IDebugParametersKeys;5;22402741
org.eclipse.php.internal.core.documentModel.parser.PhpLexer5;0;0
org.eclipse.php.internal.debug.core.IPHPDebugConstants;0;0
org.eclipse.php.internal.core.ast.binding.AttributeType;0;0
org.eclipse.php.internal.core.phpModel.phpElementData.PHPDocTag;0;0
org.eclipse.php.internal.ui.util.PHPElementImageDescriptor;0;0
org.eclipse.php.ui.PHPElementLabelProvider;0;0
org.eclipse.php.internal.ui.PHPElementLabelProvider;0;0
org.eclipse.php.ui.util.PHPElementImageDescriptor;0;0
java_cup.emit;0;0
org.eclipse.php.internal.core.ast.nodes.PhpAstLexer4;0;0
org.eclipse.php.ui.util.PHPElementLabels;0;0
org.eclipse.php.internal.core.phpModel.parser.php5.CompletionLexer5;0;0
org.eclipse.php.internal.core.ast.scanner.PhpAstLexer5;0;0
org.eclipse.php.internal.core.compiler.ast.nodes.PHPDocTagKinds;0;0
org.eclipse.php.internal.core.documentModel.parser.PhpLexer4;0;0
org.eclipse.php.internal.ui.util.PHPElementLabels;0;0
org.eclipse.php.internal.core.ast.nodes.PhpAstLexer5;0;0
org.eclipse.php.internal.core.ast.nodes.ASTNode;0;0
org.eclipse.php.internal.core.documentModel.parser.PhpLexer5_3;0;0
org.eclipse.php.internal.debug.core.IPHPConstants;0;0
org.eclipse.php.internal.debug.core.xdebug.dbgp.protocol.DBGpResponse;0;0
org.eclipse.php.internal.core.phpModel.parser.PHPCodeDataFactory;0;0
org.eclipse.linuxtools.tmf.ui.tests.views.uml2sd.impl.IUml2SDTestConstants;0;0
org.eclipse.linuxtools.internal.lttng2.kernel.core.StateValues;3;5530815
org.eclipse.linuxtools.internal.callgraph.StapGraphParser;0;0
org.eclipse.linuxtools.internal.lttng2.kernel.core.LttngStrings;0;0
org.eclipse.linuxtools.internal.dataviewers.charts.ChartConstants;0;0
org.eclipse.linuxtools.dataviewers.charts.ChartConstants;0;0
org.eclipse.linuxtools.tmf.tests.stubs.analysis.AnalysisRequirementFactory;0;0
org.eclipse.linuxtools.dataviewers.abstractviewers.STDataViewersCSVExporterConstants;0;0
org.eclipse.linuxtools.tmf.ui.tests.views.uml2sd.loader.IUml2SDTestConstants;0;0
org.eclipse.linuxtools.lttng2.kernel.core.trace.Attributes;0;0
org.eclipse.linuxtools.lttng2.kernel.core.trace.LttngStrings;0;0
org.eclipse.linuxtools.internal.lttng.core.LttngConstants;0;0
org.eclipse.linuxtools.systemtap.local.callgraph.StapGraphParser;0;0
org.eclipse.linuxtools.systemtap.localgui.graphing.StapGraphParser;16;1625755
org.eclipse.linuxtools.lttng.core.LttngConstants;0;0
org.eclipse.linuxtools.systemtap.ui.dashboard.structures.DashboardModule;0;0
org.eclipse.linuxtools.lttng.LttngConstants;0;0
org.eclipse.linuxtools.lttng.ui.views.statistics.model.KernelStatisticsData;0;0
org.eclipse.linuxtools.profiling.launch.ProxyLaunchMessages;0;0
org.eclipse.linuxtools.internal.systemtap.ui.ide.editors.stp.STPDefaultCodeFormatterOptions;0;0
org.eclipse.linuxtools.tmf.core.timestamp.ITmfTimePreferencesConstants;0;0
org.eclipse.linuxtools.callgraph.StapGraphParser;0;0
com.st.dataviewers.abstractviewers.STDataViewersCSVExporterConstants;0;0
org.eclipse.linuxtools.systemtap.local.graphing.StapGraphParser;0;0
org.eclipse.linuxtools.internal.lttng.ui.views.statistics.model.KernelStatisticsData;0;0
org.eclipse.mylar.internal.tasklist.DelegatingTaskExternalizer;0;0
org.eclipse.mylyn.internal.tasks.ui.ITasksUiPreferenceConstants;0;0
org.eclipse.mylar.tasks.util.DefaultTaskListExternalizer;0;0
org.eclipse.mylar.tasklist.TaskListImages;0;0
org.eclipse.mylar.internal.tasks.ui.TaskListPreferenceConstants;0;0
org.eclipse.mylyn.internal.trac.core.client.ITracClient;0;0
org.eclipse.mylyn.tasks.core.data.DefaultTaskSchema;0;0
org.eclipse.mylar.tasks.core.RepositoryTaskAttribute;0;0
org.eclipse.mylar.bugzilla.core.BugReport;18;20994161
org.eclipse.mylar.internal.bugzilla.core.IBugzillaConstants;21;21088811
org.eclipse.mylar.internal.bugzilla.ui.BugzillaImages;0;0
org.eclipse.mylar.tasklist.MylarTaskListPrefConstants;0;0
org.eclipse.mylyn.bugzilla.tests.BugzillaTestConstants;1;142202
org.eclipse.mylyn.trac.tests.support.TracFixture;0;0
org.eclipse.mylyn.internal.bugzilla.ui.BugzillaImages;0;0
org.eclipse.mylar.tasklist.internal.DelegatingLocalTaskExternalizer;0;0
org.eclipse.mylyn.internal.tasks.core.data.DefaultTaskSchema;9;39049039
org.eclipse.mylar.internal.tasks.ui.util.TasksUitExtensionReader;0;0
org.eclipse.mylyn.internal.bugzilla.ui.BugzillaUiExtensionReader;0;0
org.eclipse.mylar.internal.trac.core.ITracClient;11;19839123
org.eclipse.mylyn.internal.tasks.core.deprecated.RepositoryTaskAttribute;0;0
org.eclipse.mylar.internal.tasklist.ui.TaskListImages;18;3018534
org.eclipse.mylar.internal.tasks.ui.ui.TaskListColorsAndFonts;0;0
org.eclipse.mylyn.tasks.core.data.TaskAttribute;0;0
org.eclipse.mylar.internal.tasks.ui.util.TasksUiExtensionReader;0;0
org.eclipse.mylar.internal.tasks.ui.ui.TaskListImages;0;0
org.eclipse.mylar.internal.tasklist.RepositoryTaskAttribute;1;325531
org.eclipse.mylar.provisional.tasklist.DelegatingTaskExternalizer;10;8581278
org.eclipse.mylar.internal.tasks.ui.util.TaskListExtensionReader;2;54286
org.eclipse.mylar.tasks.core.DelegatingTaskExternalizer;1;367477
org.eclipse.mylyn.tasks.core.RepositoryTemplate;0;0
org.eclipse.mylar.internal.tasklist.MylarTaskListPrefConstants;0;0
org.eclipse.mylar.tasks.core.IMylarStatusConstants;2;2067763
org.eclipse.mylyn.internal.tasks.ui.TasksUiImages;0;0
org.eclipse.mylyn.internal.tasks.core.ITasksCoreConstants;4;12000001
org.eclipse.mylar.internal.tasks.ui.TaskListColorsAndFonts;0;0
org.eclipse.mylyn.internal.tasks.bugs.IRepositoryConstants;3;4001019
org.eclipse.mylyn.tasks.core.IMylarStatusConstants;0;0
org.eclipse.mylar.tasklist.internal.TaskListExtensionReader;5;7869413
org.eclipse.mylyn.internal.tasks.ui.TaskListPreferenceConstants;0;0
org.eclipse.mylar.bugzilla.ui.BugzillaImages;2;688776
org.eclipse.mylyn.tasks.core.RepositoryTaskAttribute;2;1121154
org.eclipse.mylar.tasks.internal.DefaultTaskListExternalizer;0;0
org.eclipse.mylar.internal.tasks.ui.TaskListImages;0;0
org.eclipse.mylyn.tasks.core.TaskRepository;13;12099533
org.eclipse.mylyn.internal.tasks.ui.util.TasksUiExtensionReader;0;0
org.eclipse.mylyn.internal.trac.core.ITracClient;0;0
org.eclipse.mylyn.internal.tasks.ui.TasksUiPreferenceConstants;0;0
org.eclipse.mylyn.tasks.core.RepositoryStatus;1;7812
org.eclipse.mylar.provisional.tasklist.TaskRepositoryManager;15;8139145
org.eclipse.mylar.internal.tasklist.ui.TaskListColorsAndFonts;9;6310227
org.eclipse.mylar.internal.tasks.ui.TasksUiImages;0;0
org.eclipse.mylar.tasks.TaskListImages;0;0
org.eclipse.mylar.internal.tasklist.DelegatingLocalTaskExternalizer;0;0
org.eclipse.mylar.internal.tasklist.TaskListPreferenceConstants;0;0
org.eclipse.mylyn.bugzilla.tests.support.BugzillaFixture;25;21139235
org.eclipse.mylar.tasks.core.RepositoryTemplate;3;7789552
org.eclipse.mylar.tasks.MylarTasksPlugin;3;947568
org.eclipse.mylar.tasklist.internal.DefaultTaskListExternalizer;0;0
org.eclipse.mylyn.internal.tasks.ui.TaskListColorsAndFonts;0;0
org.eclipse.swt.internal.gtk.GtkFileSelection;0;0
org.eclipse.swt.internal.accessibility.gtk.ATK;0;0
org.eclipse.swt.internal.opengl.carbon.AGL;0;0
org.eclipse.swt.internal.motif.XCrossingEvent;7;66298711
org.eclipse.swt.internal.mozilla.nsIDOMMouseEvent;11;246324618
org.eclipse.swt.internal.gtk.GdkWindowAttr;0;0
org.eclipse.swt.internal.gtk.AtkObjectClass;0;0
org.eclipse.swt.internal.carbon.AlertStdCFStringAlertParamRec;0;0
org.eclipse.swt.internal.gtk.PangoLogAttr;0;0
org.eclipse.swt.internal.gtk.GtkStyle;0;0
org.eclipse.swt.internal.gtk.GTypeInfo;0;0
org.eclipse.swt.internal.motif.XmDropProcCallbackStruct;0;0
org.eclipse.swt.internal.photon.OS;38;65858097
org.eclipse.swt.internal.win32.SCRIPT_STATE;0;0
org.eclipse.swt.opengl.GLFormatData;0;0
org.eclipse.swt.internal.gtk.GtkMenuItem;0;0
org.eclipse.swt.internal.carbon.LongDateRec;0;0
org.eclipse.swt.internal.mozilla.nsIDOMKeyEvent_1_9;0;0
org.eclipse.swt.internal.gtk.GdkEventMotion;0;0
org.eclipse.swt.internal.carbon.OS;32;12697179
org.eclipse.swt.internal.theme.DrawData;0;0
org.eclipse.swt.internal.win32.HDITEM;7;173260666
org.eclipse.swt.internal.mozilla.nsIWebBrowserChrome;0;0
org.eclipse.swt.opengl.GLData;0;0
org.eclipse.swt.opengl.GL;0;0
org.eclipse.swt.internal.win32.COMBOBOXINFO;0;0
org.eclipse.swt.internal.motif.XmDragProcCallback;6;65950798
org.eclipse.swt.opengl.internal.win32.PIXELFORMATDESCRIPTOR;0;0
org.eclipse.swt.internal.carbon.GDevice;0;0
org.eclipse.swt.internal.gtk.AtkComponentIface;0;0
org.eclipse.swt.internal.opengl.win32.LAYERPLANEDESCRIPTOR;0;0
org.eclipse.swt.internal.gtk.GdkEventCrossing;0;0
org.eclipse.swt.internal.accessibility.gtk.AtkTextIface;0;0
org.eclipse.swt.internal.accessibility.gtk.GTypeInfo;0;0
org.eclipse.swt.tools.internal.Flags;0;0
org.eclipse.swt.internal.win32.OUTLINETEXTMETRIC;0;0
org.eclipse.swt.internal.motif.XButtonEvent;7;66298711
org.eclipse.swt.internal.motif.XCreateWindowEvent;0;0
org.eclipse.swt.internal.gnome.GNOME;19;193686233
org.eclipse.swt.internal.gtk.GtkCList;0;0
org.eclipse.swt.internal.gtk.GdkImage;1;3359677
org.eclipse.swt.internal.gtk.GtkCListRow;0;0
org.eclipse.swt.internal.gtk.GdkEventScroll;0;0
org.eclipse.swt.graphics.FontData;2;0
org.eclipse.swt.internal.gtk.OS;0;0
org.eclipse.swt.internal.webkit.JSClassDefinition;0;0
org.eclipse.swt.internal.win32.DTTOPTS;0;0
org.eclipse.swt.internal.motif.XSizeHints;3;140389240
org.eclipse.swt.internal.mozilla.nsIPrompt;0;0
org.eclipse.swt.internal.gtk.AtkTextIface;0;0
org.eclipse.swt.tests.junit.SwtJunit;10;197088305
org.eclipse.swt.graphics.TextStyle;25;111631992
org.eclipse.swt.internal.mozilla.nsIDocShell_1_9;0;0
org.eclipse.swt.internal.mozilla.nsIChannel;5;261436825
org.eclipse.swt.internal.gtk.ATK;0;0
org.eclipse.swt.internal.win32.EXTLOGFONTW;0;0
org.eclipse.swt.internal.win32.OS;9;13936411
org.eclipse.swt.internal.mozilla.nsIWebProgress;0;0
org.eclipse.swt.internal.wpf.OS;3;417002
org.eclipse.swt.internal.gtk.GdkVisual;0;0
org.eclipse.swt.internal.mozilla.nsIXPCScriptable;0;0
org.eclipse.swt.internal.gtk.XButtonEvent;0;0
org.eclipse.swt.internal.accessibility.gtk.AtkObjectClass;0;0
org.eclipse.swt.accessibility.AccessibleAttributeEvent;6;102908171
org.eclipse.swt.internal.mozilla.nsIWebProgressListener;0;0
org.eclipse.swt.internal.gtk.XRenderPictureAttributes;0;0
org.eclipse.swt.internal.mozilla.nsIDOMNode;0;0
org.eclipse.swt.opengl.internal.gtk.XGL;0;0
org.eclipse.swt.internal.accessibility.gtk.AtkTableIface;0;0
org.eclipse.swt.internal.mozilla.nsIRequest;0;0
org.eclipse.swt.internal.win32.DEVMODE;0;0
org.eclipse.swt.internal.mozilla.nsIFilePicker_2;0;0
org.eclipse.swt.internal.win32.SCRIPT_PROPERTIES;0;0
org.eclipse.swt.internal.gtk.GdkGCValues;0;0
org.eclipse.swt.internal.mozilla.nsIDataType;0;0
org.eclipse.swt.accessibility.ACC;0;0
org.eclipse.swt.opengl.GLU;0;0
org.eclipse.swt.opengl.internal.win32.LAYERPLANEDESCRIPTOR;0;0
org.eclipse.swt.internal.carbon.DataBrowserCallbacks;0;0
org.eclipse.swt.internal.mozilla.nsIDocShell;0;0
org.eclipse.swt.internal.carbon.CFRunLoopSourceContext;0;0
org.eclipse.swt.internal.gtk.GdkEventButton;0;0
org.eclipse.swt.internal.win32.NONCLIENTMETRICS;4;48356274
org.eclipse.swt.internal.mozilla.nsIFocusManager;0;0
org.eclipse.swt.internal.mozilla.nsIFilePicker;0;0
org.eclipse.swt.internal.gtk.GtkWindow;0;0
org.eclipse.swt.internal.win32.PANOSE;0;0
org.eclipse.swt.internal.motif.XmListCallbackStruct;0;0
org.eclipse.swt.custom.StyledTextPrintOptions;9;157145216
org.eclipse.swt.opengl.internal.motif.XGL;0;0
org.eclipse.swt.internal.mozilla.nsIPromptService;0;0
org.eclipse.swt.internal.mozilla.nsIX509Cert;0;0
org.eclipse.swt.internal.cairo.Cairo;0;0
org.eclipse.swt.internal.mozilla.nsIXPCSecurityManager;0;0
org.eclipse.swt.internal.photon.PgVideoModeInfo_t;0;0
org.eclipse.swt.internal.gtk.XCrossingEvent;0;0
org.eclipse.opengl.GL;0;0
org.eclipse.swt.internal.mozilla.nsIDocShell_1_8;0;0
org.eclipse.swt.internal.mozilla.nsIFilePicker_1_8;0;0
org.eclipse.swt.internal.opengl.win32.PIXELFORMATDESCRIPTOR;0;0
org.eclipse.swt.internal.gtk.GtkWidgetClass;0;0
org.eclipse.swt.layout.GridData;16;100075737
org.eclipse.swt.internal.mozilla.nsIWebNavigation;0;0
org.eclipse.swt.internal.win32.SCRIPT_CONTROL;0;0
org.eclipse.swt.internal.win32.WNDCLASS;0;0
org.eclipse.swt.internal.motif.XMotionEvent;6;66298711
org.eclipse.swt.internal.win32.CERT_INFO;0;0
org.eclipse.swt.internal.accessibility.gtk.AtkComponentIface;0;0
org.eclipse.swt.internal.win32.STARTUPINFOW;0;0
org.eclipse.swt.opengl.internal.win32.WGL;0;0
org.eclipse.swt.internal.motif.XImage;6;65949588
org.eclipse.swt.internal.wpf.STARTUPINFOW;0;0
org.eclipse.swt.internal.win32.FLICK_DATA;0;0
org.eclipse.swt.internal.opengl.win32.WGL;0;0
org.eclipse.swt.internal.carbon.PixMap;0;0
org.eclipse.swt.internal.opengl.gtk.GLX;0;0
org.eclipse.swt.custom.LineStyleEvent;22;267256427
org.eclipse.swt.internal.win32.BITMAPINFOHEADER;0;0
org.eclipse.swt.internal.opengl.glx.GLX;0;0
org.eclipse.swt.internal.mozilla.nsICookie;0;0
org.eclipse.swt.internal.gtk.GtkCListColumn;0;0
org.eclipse.swt.internal.gtk.GdkGeometry;0;0
org.eclipse.swt.internal.mozilla.nsIScriptSecurityManager;5;45464566
org.eclipse.swt.internal.motif.OS;62;65937443
org.eclipse.swt.internal.motif.XmDragProcCallbackStruct;0;0
org.eclipse.swt.internal.photon.PtContainerCallback_t;0;0
org.eclipse.swt.internal.carbon.ATSFontMetrics;0;0
org.eclipse.swt.internal.webkit.WebKitGTK;0;0
org.eclipse.swt.internal.win32.NOTIFYICONDATA;1;16293
org.eclipse.swt.internal.win32.TOUCHINPUT;0;0
org.eclipse.swt.internal.motif.XKeyEvent;7;66298711
org.eclipse.swt.internal.mozilla.NsWidgetsCID;0;0
org.eclipse.swt.layout.RowLayout;16;66452217
org.eclipse.swt.internal.motif.XRenderPictureAttributes;0;0
org.eclipse.swt.internal.motif.XConfigureEvent;7;70096326
org.eclipse.swt.internal.gtk.GtkWidget;0;0
org.eclipse.opengl.GLU;0;0
org.eclipse.swt.internal.photon.PhClipHeader;0;0
org.eclipse.swt.internal.win32.STARTUPINFO;0;0
org.eclipse.swt.internal.mozilla.nsIDOMKeyEvent;0;0
org.eclipse.swt.internal.mozilla.nsIPref;0;0
org.osgi.framework.BundleException;14;155939716
org.osgi.resource.Namespace;0;0
org.osgi.service.wireadmin.WireConstants;0;0
org.osgi.framework.Bundle;31;159560701
org.eclipse.osgi.service.resolver.ResolverError;0;0
org.osgi.service.event.EventConstants;0;0
org.eclipse.osgi.internal.framework.UniversalUniqueIdentifier;0;0
org.eclipse.osgi.framework.internal.core.UniversalUniqueIdentifier;0;0
org.osgi.framework.AdminPermission;44;226797970
org.osgi.framework.namespace.BundleNamespace;0;0
org.osgi.framework.namespace.IdentityNamespace;1;796535
org.eclipse.osgi.framework.internal.core.Constants;0;0
org.eclipse.osgi.internal.baseadaptor.AdaptorMsg;0;0
org.osgi.framework.namespace.HostNamespace;0;0
org.osgi.service.provisioning.ProvisioningService;0;0
org.osgi.service.component.ComponentConstants;0;0
org.eclipse.osgi.storage.StorageMsg;0;0
org.eclipse.osgi.framework.adaptor.core.AdaptorMsg;8;36700519
org.eclipse.jface.examples.databinding.compositetable.timeeditor.CalendarableItem;0;0
org.eclipse.ui.keys.SpecialKey;0;0
org.eclipse.jface.tests.databinding.scenarios.model.SampleData;0;0
org.eclipse.ui.forms.widgets.TableWrapData;0;0
org.eclipse.ui.internal.presentations.util.TabFolderEvent;0;0
org.eclipse.jface.databinding.BindingEvent;0;0
org.eclipse.ui.commands.SpecialKey;0;0
org.eclipse.ui.internal.browser.Messages;2;1225546
org.eclipse.ui.internal.misc.UIStats;1;324197
org.eclipse.ui.menus.CommandContributionItemParameter;0;0
org.eclipse.ui.internal.commands.keys.SpecialKey;0;0
org.eclipse.jface.examples.databinding.model.SampleData;0;0
org.eclipse.ui.forms.widgets.ExpandableComposite;9;3751257
org.eclipse.jface.viewers.ColumnViewerEditorActivationEvent;0;0
org.eclipse.ui.examples.fieldassist.preferences.PreferenceConstants;0;0
org.eclipse.jface.internal.provisional.databinding.ChangeEvent;0;0
org.eclipse.e4.ui.css.core.exceptions.DOMExceptionImpl;0;0
org.eclipse.ui.internal.statushandlers.IStatusDialogConstants;1;26024980
org.eclipse.jface.internal.databinding.provisional.BindingEvent;0;0
org.eclipse.jface.internal.provisional.databinding.BindingEvent;0;0
org.eclipse.jface.tests.binding.scenarios.model.SampleData;0;0
org.eclipse.ui.internal.presentations.newapi.TabFolderEvent;0;0
org.eclipse.e4.ui.workbench.modeling.ModelReconciler;0;0
org.eclipse.ui.internal.layout.CellData;0;0
org.eclipse.ui.internal.themes.IThemeDescriptor;0;0
org.eclipse.ui.tests.activities.UtilTest;14;100494702
org.eclipse.ui.internal.misc.Policy;20;71790596
org.eclipse.jface.databinding.ChangeEvent;7;7350674
org.eclipse.core.databinding.BindingEvent;0;0
org.eclipse.ui.tests.internal.TextControlView;0;0
org.eclipse.ui.texteditor.IAbstractTextEditorHelpContextIds;0;0
org.eclipse.ui.tests.navigator.NavigatorTestBase;14;17274415
org.eclipse.update.internal.core.IStatusCodes;0;0
org.eclipse.ui.forms.widgets.TableWrapData;0;0
org.eclipse.update.ui.forms.TableData;0;0
org.eclipse.ui.forms.parts.TableData;0;0
org.eclipse.update.internal.transform.FeatureTransform;1;4690
org.eclipse.ui.forms.parts.TableWrapData;0;0
org.eclipse.ant.ui.launching.IAntLaunchConfigurationConstants;1;36385922
org.eclipse.update.configuration.LocalSystemInfo;10;5089445
org.eclipse.update.configuration.IActivity;6;4119357
org.eclipse.update.ui.forms.internal.TableData;0;0
org.eclipse.welcome.internal.WelcomePortalImages;0;0
org.eclipse.update.internal.ui.UpdateUIImages;0;0
org.eclipse.update.internal.ui.UpdateUIPluginImages;13;11450925
org.eclipse.emf.test.models.sdo.simple.impl.SimplePackageImpl;0;0
org.eclipse.emf.test.models.types.impl.TypesPackageImpl;0;0
org.eclipse.emf.ecore.xcore.ui.contentassist.antlr.internal.InternalXcoreParser;0;0
org.eclipse.emf.test.models.sdo.library.impl.SDOLibraryPackageImpl;0;0
org.eclipse.emf.test.models.personal.mixed.impl.MixedPackageImpl;2;51470521
org.eclipse.emf.importer.rose.builder.RoseStrings;0;0
org.eclipse.emf.test.models.personal.impl.PersonalPackageImpl;2;51470521
org.eclipse.emf.codegen.ecore.rose2ecore.parser.RoseNode;2;21936297
org.eclipse.emf.ecore.xcore.parser.antlr.internal.InternalXcoreParser;0;0
org.eclipse.emf.test.models.movie.db.GenreTypes;0;0
org.eclipse.emf.ecore.xml.type.util.XMLTypeValidator;3;2923126
org.eclipse.emf.ecore.util.EcoreValidator;0;0
org.eclipse.emf.ecore.xml.type.internal.XMLCalendar;0;0
org.eclipse.emf.codegen.merge.java.facade.FacadeFlags;0;0
org.eclipse.emf.importer.rose.parser.RoseNode;0;0
org.eclipse.emf.test.models.ipo.impl.IPOPackageImpl;0;0
org.eclipse.emf.ecore.util.EObjectValidator;2;2910019
org.eclipe.debug.tests.viewer.model.ITestModelUpdatesListenerConstants;0;0
org.eclipse.debug.tests.viewer.model.ITestModelUpdatesListenerConstants;0;0
org.eclipse.debug.internal.ui.DebugUIPlugin;315;339162314
org.eclipse.debug.core.DebugEvent;6;19989616
org.eclipse.ui.externaltools.internal.ant.antview.core.IAntViewConstants;0;0
org.eclipe.debug.tests.viewer.model.TestModelUpdatesListener;1;1297056
org.eclipse.ui.internal.intro.impl.model.IntroURL;0;0
org.eclipse.ui.intro.internal.model.IntroURL;0;0
org.eclipse.ui.intro.internal.model.AbstractIntroElement;0;0
org.eclipse.help.internal.context.ContextContributor;0;0
org.eclipse.ui.internal.intro.impl.model.AbstractIntroElement;0;0
org.eclipse.help.internal.webapp.servlet.ControlServlet;12;50301303
org.eclipse.help.internal.contributors1_0.ActionContributor;0;0
org.eclipse.help.ui.internal.browser.embedded.EmbeddedBrowserHost;0;0
org.eclipse.help.internal.HelpSystem;30;46833705
org.eclipse.ui.intro.internal.model.IntroElement;0;0
org.eclipse.emf.eef.runtime.impl.notify.PropertiesEditionEvent;8;90821557
org.eclipse.emf.eef.parser.antlr.internal.InternalModelingBotParser;0;0
org.eclipse.emf.eef.ui.contentassist.antlr.internal.InternalModelingBotParser;0;0
org.eclipse.emf.eef.modelingBot.utils.UIConstants;0;0
org.eclipse.emf.eef.runtime.ui.gwt.editor.part.EEFEditorToolbar;0;0
org.eclipse.emf.eef.modelingBot.helper.UIConstants;0;0
org.eclipse.emf.eef.runtime.tests.utils.UIConstants;1;82203
org.eclipse.jdt.internal.ui.text.ContentAssistPreference;0;0
org.eclipse.jdt.internal.ui.compare.JavaNode;13;110208788
org.eclipse.jdt.internal.corext.dom.NewASTRewrite;3;1419713
org.eclipse.ltk.internal.ui.refactoring.scripting.ScriptingMessages;1;7565
org.eclipse.ltk.core.refactoring.tests.participants.ElementRenameProcessor;4;117419428
org.eclipse.jdt.ui.IContextMenuConstants;1;1559533
org.eclipse.jdt.internal.corext.refactoring.typeconstraints.types.Type;0;0
org.eclipse.jdt.internal.corext.refactoring.typeconstraints.types.TType;0;0
org.eclipse.jdt.internal.corext.buildpath.IClasspathInformationProvider;2;704926
org.eclipse.jdt.ui.PreferencesConstants;0;0
org.eclipse.jdt.internal.ui.wizards.buildpaths.newsourcepage.DialogPackageExplorerActionGroup;0;0
org.eclipse.jdt.internal.ui.text.comment.IJavaDocAttributes;0;0
org.eclipse.jdt.internal.junit.runner.MessageIds;2;3552920
org.eclipse.jdt.internal.corext.refactoring.participants.xml.ExpressionStatus;1;9280427
org.eclipse.jdt.internal.ui.text.comment.ICommentAttributes;2;1229038
org.eclipse.jdt.internal.corext.dom.ASTRewrite;33;24183962
org.eclipse.jdt.ui.JavaElementLabels;0;0
org.eclipse.jdt.internal.ui.viewsupport.JavaElementLabels;0;0
org.eclipse.jdt.internal.corext.refactoring.base.RefactoringStatusCodes;2;14434366
org.eclipse.jdt.ui.IJavaElementSearchConstants;9;122739855
org.eclipse.jdt.ui.PreferenceConstants;0;0
org.eclipse.jdt.internal.corext.text.comment.ICommentAttributes;0;0
org.eclipse.ltk.internal.ui.refactoring.history.RefactoringHistoryNode;0;0
org.eclipse.jdt.internal.corext.dom.NodeInfoStore;0;0
org.eclipse.jdt.ui.JavaElementImageDescriptor;11;70932381
org.eclipse.jdt.internal.ui.wizards.buildpaths.newsourcepage.BuildpathModifierAction;2;13508
org.eclipse.jdt.testplugin.JavaProjectHelper;34;101240421
org.eclipse.jdt.ui.refactoring.IRefactoringProcessorIds;4;17499795
org.eclipse.jdt.internal.corext.dom.ASTNodeConstants;0;0
org.eclipse.jdt.internal.ui.text.correction.IProposalRelevance;0;0
org.eclipse.jdt.internal.ui.javadocexport.JavadocOptionsManager;0;0
org.eclipse.gef4.swtfx.event.MouseEvent;3;9353543
org.eclipse.gef4.zest.cloudio.Word;0;0
org.eclipse.gef4.cloudio.Word;0;0
org.apache.poi.hpsf.Constants;0;0
org.eclipse.jubula.client.ui.utils.SelectionChecker;0;0
org.apache.poi.hssf.usermodel.HSSFBorderFormatting;0;0
org.apache.poi.ddf.EscherSpRecord;0;0
org.apache.poi.hpsf.Thumbnail;0;0
org.apache.poi.hssf.record.NameRecord;0;0
org.apache.poi.hssf.record.CommonObjectDataSubRecord;0;0
org.eclipse.jubula.client.core.businessprocess.TestExecutionEvent;0;0
org.apache.poi.hssf.usermodel.HSSFCellStyle;0;0
org.apache.poi.hssf.usermodel.HSSFTextbox;0;0
org.apache.poi.hssf.record.TextRecord;0;0
org.apache.poi.hpsf.Variant;0;0
org.apache.poi.hssf.record.SeriesRecord;0;0
org.apache.poi.hssf.record.EscherAggregate;0;0
org.apache.poi.hssf.record.LineFormatRecord;0;0
org.eclipse.jubula.client.ui.rcp.utils.SelectionChecker;0;0
org.apache.poi.hpsf.wellknown.PropertyIDMap;0;0
org.apache.poi.hssf.usermodel.HSSFFont;0;0
org.apache.poi.hssf.record.formula.functions.AggregateFunction;0;0
org.eclipse.jubula.communication.message.CAPTestResponseMessage;0;0
org.apache.poi.hssf.record.cf.BorderFormatting;0;0
org.eclipse.jubula.communication.message.ChangeAUTModeMessage;0;0
org.apache.poi.hssf.record.cf.PatternFormatting;0;0
org.apache.poi.hssf.usermodel.HSSFPatternFormatting;0;0
org.eclipse.jgit.JGitText;0;0
org.eclipse.jgit.lib.ConfigConstants;0;0
org.eclipse.jgit.internal.JGitText;0;0
org.eclipse.jgit.iplog.IpLogText;0;0
org.eclipse.jgit.util.HttpSupport;1;8541591
org.eclipse.jgit.pgm.CLIText;0;0
org.eclipse.jgit.storage.dht.DhtText;0;0
org.eclipse.jgit.storage.pack.PackConfig;3;61592878
org.eclipse.jgit.http.server.HttpServerText;0;0
org.eclipse.core.boot.BootLoader;1;101228
org.eclipse.core.internal.dependencies.IElementChange;0;0
org.eclipse.core.internal.expressions.ExpressionStatus;0;0
org.eclipse.recommenders.internal.completion.rcp.CompilerAstCompletionNodeFinder;0;0
org.eclipse.recommenders.internal.rcp.codecompletion.calls.bayes.NetworkUtils;0;0
org.eclipse.recommenders.rcp.SharedImages;0;0
org.eclipse.recommenders.internal.completion.rcp.calls.net.NetworkUtils;0;0
org.eclipse.recommenders.utils.Constants;7;37271945
org.eclipse.recommenders.sandbox.rcp.CompletionEvent;0;0
org.eclipse.recommernders.tests.server.udc.VersionConstants;0;0
org.eclipse.recommenders.internal.completion.rcp.sandbox.CompletionEvent;2;398999
org.eclipse.recommenders.codesearch.SnippetSummary;0;0
org.eclipse.recommenders.tests.server.udc.VersionConstants;0;0
org.eclipse.recommenders.completion.rcp.CompletionContextKey;0;0
org.eclipse.recommenders.mining.calls.generation.NetworkUtils;0;0
org.eclipse.recommenders.utils.names.VmTypeName;0;0
org.eclipse.recommenders.internal.rcp.Constants;0;0
org.eclipse.recommenders.internal.extdoc.rcp.scheduling.ProviderExecutionSchedulerFixture;0;0
org.eclipse.recommenders.models.rcp.MultiRepositorySupportTest;0;0
org.eclipse.recommenders.internal.udc.PreferenceKeys;0;0
org.eclipse.recommenders.completion.rcp.CompletionContextFunctions;0;0
org.eclipse.recommenders.internal.depersonalizer.CompilationUnitProvider;0;0
org.eclipse.recommenders.utils.NamesTest;0;0
org.eclipse.recommenders.tests.mining.calls.generation.GenericNetworkBuilderTest;0;0
org.eclipse.recommenders.tests.mining.calls.generation.ObjectUsageImporterFixture;0;0
org.eclipse.recommenders.commons.codesearch.SnippetSummary;0;0
org.eclipse.recommenders.tests.SmokeTestScenarios;0;0
org.eclipse.recommenders.internal.rcp.codecompletion.CompilerAstCompletionNodeFinder;1;1049318
org.eclipse.tcf.debug.test.IViewerUpdatesListenerConstants;0;0
org.eclipse.tcf.te.tcf.filesystem.core.interfaces.IWindowsFileAttributes;0;0
org.eclipse.tm.te.tcf.processes.ui.controls.ProcessesTreeNode;0;0
org.eclipse.tcf.te.tcf.processes.ui.model.ProcessTreeNode;0;0
org.eclipse.tm.te.tcf.filesystem.interfaces.IWindowsFileAttributes;0;0
org.eclipse.tm.te.tcf.locator.utils.IPAddressUtil;0;0
org.eclipse.tcf.te.tcf.processes.core.model.ProcessTreeNode;4;952292
org.eclipse.tcf.te.tcf.processes.ui.controls.ProcessesTreeNode;0;0
org.eclipse.tcf.te.runtime.utils.net.IPAddressUtil;0;0
org.eclipse.core.internal.resources.refresh.win32.Win32Natives;0;0
org.eclipse.core.resources.IResource;11;26704409
hudson.model.AbstractProject;30;5906506
org.eclipse.hudson.jna.NativeZfsFileSystem;0;0
hudson.matrix.MatrixProject;14;5901553
org.eclipse.jdt.internal.formatter.comment.ICommentAttributes;0;0
org.eclipse.jdt.internal.core.JavaModelManager;350;177468929
org.eclipse.jdt.internal.compiler.parser.ScannerHelper;0;0
org.eclipse.jdt.core.CompletionProposal;12;17037734
org.eclipse.jdt.internal.formatter.DefaultCodeFormatterOptions;32;9669176
org.eclipse.jdt.internal.core.util.MementoTokenizer;9;210602770
org.eclipse.jdt.internal.core.util.KeyKind;0;0
org.eclipse.jdt.internal.compiler.impl.IntConstant;23;149039091
org.eclipse.jdt.internal.core.DeltaProcessingState;1;5523511
org.eclipse.jdt.internal.codeassist.impl.Engine;44;124664763
org.eclipse.jdt.internal.compiler.codegen.StackMapFrame;0;0
org.eclipse.jdt.internal.compiler.parser.RecoveredType;61;209504488
org.eclipse.jdt.internal.compiler.CompilationResult;2;12992684
org.eclipse.jdt.internal.compiler.batch.Main;56;32203128
org.eclipse.jdt.internal.codeassist.complete.CompletionScanner;59;169509998
org.eclipse.jdt.core.internal.dom.rewrite.NodeInfoStore;0;0
org.eclipse.jdt.core.tests.dom.DefaultMarkedNodeLabelProviderOptions;0;0
org.eclipse.jdt.internal.compiler.parser.RecoveryScannerData;0;0
org.eclipse.jdt.internal.compiler.codegen.AnnotationContext;0;0
org.eclipse.jdt.apt.tests.annotations.readannotation.CodeExample;0;0
org.eclipse.jdt.internal.compiler.lookup.Scope;153;113203248
org.eclipse.jdt.internal.core.search.matching.MatchLocator;55;23738900
org.eclipse.jdt.core.Flags;12;25552457
org.eclipse.jdt.internal.compiler.util.Util;81;309142340
org.eclipse.jdt.core.dom.Modifier;0;0
org.eclipse.jdt.internal.compiler.impl.CompilerOptions;7;5511039
org.eclipse.jdt.internal.compiler.ast.LambdaExpression;120;68268174
org.eclipse.jdt.core.dom.ASTNode;7;6305826
org.eclipse.jdt.core.dom.rewrite.NewASTRewrite;0;0
org.eclipse.jdt.internal.core.search.matching.SuperTypeReferencePattern;50;134334772
org.eclipse.jdt.internal.compiler.codegen.VerificationTypeInfo;0;0
org.eclipse.jdt.apt.tests.annotations.valueconversion.ValueConversionProcessor;4;17198214
org.eclipse.jdt.core.compiler.CategorizedProblem;0;0
org.eclipse.pde.internal.runtime.registry.model.Folder;3;13837154
org.eclipse.pde.internal.editor.feature.FeatureSpecSection;3;3324075
org.eclipse.pde.internal.ui.neweditor.schema.AttributePropertySource;0;0
org.eclipse.pde.internal.ui.PDEPluginImages;0;0
org.eclipse.pde.internal.ui.preferences.RuntimeTracingPreferencePage;0;0
org.eclipse.pde.ui.tests.Catalog;0;0
org.eclipse.pde.internal.ui.editor.manifest.ManifestEditor;0;0
org.eclipse.pde.api.tools.internal.provisional.builder.IReference;2;8827133
org.eclipse.pde.internal.core.iproduct.ILauncherInfo;0;0
org.eclipse.pde.internal.ui.editor.plugin.MatchSection;0;0
org.eclipse.pde.api.tools.internal.provisional.comparator.IDelta;0;0
org.eclipse.pde.internal.wizards.extension.BaseExtensionPointMainPage;4;424877
org.eclipse.pde.api.tools.internal.provisional.IApiPreferenceConstants;0;0
org.eclipse.pde.internal.ui.neweditor.feature.URLSection;0;0
org.eclipse.ui.internal.views.log.Messages;0;0
org.eclipse.pde.internal.feature.BuildPluginWizardPage;0;0
org.eclipse.pde.internal.ui.build.FeatureExportInfo;0;0
org.eclipse.pde.internal.runtime.logview.LogView;46;83773822
org.eclipse.pde.internal.preferences.PDEBasePreferencePage;10;17202269
org.eclipse.pde.internal.component.BuildPluginWizardPage;1;977
org.eclipse.pde.internal.ui.editor.manifest.MatchSection;0;0
org.eclipse.pde.internal.ui.wizards.extension.BaseExtensionPointMainPage;0;0
org.eclipse.pde.internal.editor.manifest.MatchSection;0;0
org.eclipse.pde.internal.ui.editor.feature.FeatureEditor;0;0
org.eclipse.pde.internal.ui.editor.feature.URLSection;0;0
org.eclipse.pde.internal.ui.util.SharedLabelProvider;30;177026493
org.eclipse.pde.api.tools.internal.provisional.search.ReferenceModifiers;0;0
org.eclipse.pde.internal.ui.neweditor.build.RuntimeInfoSection;0;0
org.eclipse.pde.internal.ui.neweditor.plugin.MatchSection;0;0
org.eclipse.pde.internal.editor.feature.FeatureEditor;1;94198
org.eclipse.pde.internal.ui.PDEPlugin;0;0
org.eclipse.pde.internal.base.model.feature.IFeature;2;171172
org.eclipse.pde.internal.core.ifeature.IFeature;0;0
org.eclipse.pde.internal.runtime.registry.PrerequisitePropertySource;3;31859574
org.eclipse.pde.internal.ui.model.ifeature.IFeature;0;0
org.eclipse.pde.internal.editor.feature.URLSection;0;0
org.eclipse.core.resources.IResource;0;0
org.eclipse.pde.internal.ui.wizards.feature.NewFeaturePatchWizard;3;747748
org.eclipse.pde.internal.ds.ui.Messages;1;1451704
org.eclipse.pde.internal.core.PDECore;22;20354767
org.eclipse.pde.internal.ui.editor.manifest.JavaAttributeWizardPage;0;0
org.eclipse.pde.internal.ui.neweditor.feature.FeatureSpecSection;0;0
org.eclipse.pde.internal.ui.editor.feature.FeatureSpecSection;0;0
org.eclipse.pde.internal.ui.editor.manifest.PluginSpecSection;0;0
org.eclipse.pde.internal.ui.editor.schema.AttributePropertySource;0;0
org.eclipse.pde.api.tools.internal.provisional.builder.ReferenceModifiers;0;0
org.eclipse.pde.internal.core.exports.FeatureExportInfo;4;65771122
org.eclipse.pde.internal.ui.editor.build.RuntimeInfoSection;0;0
org.eclipse.pde.api.tools.internal.provisional.problems.IApiProblem;0;0
org.eclipse.releng.tests.BuildTests;0;0
org.eclipse.ocl.parser.backtracking.OCLBacktrackingLexerprs;11;30050293
org.eclipse.ocl.examples.pivot.bodies.Constants;0;0
org.eclipse.ocl.examples.xtext.oclstdlib.parser.antlr.internal.InternalOCLstdlibParser;8;23043526
org.eclipse.ocl.examples.pivot.tests.DelegatesTest;0;0
org.eclipse.ocl.examples.emf.validation.validity.ui.messages.ValidationDebugMessages;0;0
org.eclipse.ocl.examples.xtext.base.cs2as.AutoBaseContainmentVisitor;0;0
org.eclipse.ocl.examples.xtext.oclinecore.ui.contentassist.antlr.internal.InternalOCLinEcoreParser;0;0
org.eclipse.ocl.examples.pivot.values.impl.ValueFactoryImpl;8;14633814
org.eclipse.ocl.examples.xtext.markup.parser.antlr.internal.InternalMarkupParser;0;0
org.eclipse.ocl.examples.domain.values.util.ValuesUtil;3;728111
org.eclipse.ocl.examples.xtext.base.cs2as.AutoBaseCSContainmentVisitor;0;0
org.eclipse.ocl.examples.xtext.completeocl.parser.antlr.internal.InternalCompleteOCLParser;9;24762600
org.eclipse.ocl.internal.parser.OCLLPGParserprs;0;0
org.eclipse.ocl.common.messages.CommonMessages;0;0
org.eclipse.ocl.examples.test.ecore.DelegatesTest;0;0
org.eclipse.ocl.ecore.tests.NamesTest;1;30136
org.eclipse.ocl.examples.xtext.completeocl.ui.contentassist.antlr.internal.InternalCompleteOCLParser;9;24763108
org.eclipse.ocl.ecore.tests.DelegatesTest;0;0
org.eclipse.ocl.parser.OCLLexerprs;12;69785090
org.eclipse.ocl.examples.xtext.base.util.AutoBaseContainmentVisitor;0;0
org.eclipse.ocl.examples.codegen.analyzer.NameManager;4;413035
org.eclipse.ocl.examples.xtext.oclinecore.ui.messages.OCLinEcoreUIMessages;3;11939106
org.eclipse.ocl.examples.ui.internal.messages.ExamplesUIMessages;0;0
org.eclipse.ocl.examples.codegen.java.JavaConstants;0;0
org.eclipse.ocl.parser.OCLKWLexerprs;11;69785090
org.eclipse.ocl.ui.internal.messages.EcoreAndUMLUIMessages;1;4318756
org.eclipse.ocl.examples.xtext.oclstdlib.ui.contentassist.antlr.internal.InternalOCLstdlibParser;8;23041974
org.eclipse.ocl.examples.xtext.essentialocl.ui.contentassist.antlr.internal.InternalEssentialOCLParser;0;0
org.eclipse.ocl.examples.debug.ui.messages.DebugUIMessages;0;0
org.eclipse.ocl.examples.xtext.oclinecore.parser.antlr.internal.InternalOCLinEcoreParser;0;0
org.eclipse.ocl.examples.debug.vm.data.VMVariableData;0;0
org.eclipse.ocl.common.ui.internal.messages.CommonUIMessages;1;30250697
org.eclipse.ocl.examples.emf.validation.validity.ui.messages.ValidityUIMessages;0;0
org.eclipse.ocl.examples.xtext.console.messages.ConsoleMessages;0;0
org.eclipse.ocl.examples.pivot.messages.OCLMessages;6;8884397
org.eclipse.ocl.examples.ui.messages.Messages;0;0
org.eclipse.ocl.examples.build.modelspecs.CGValuedElementModelSpec;12;3879832
org.eclipse.ocl.parser.backtracking.OCLBacktrackingParserprs;0;0
org.eclipse.ocl.examples.xtext.essentialocl.parser.antlr.internal.InternalEssentialOCLParser;8;24764358
org.eclipse.ocl.parser.OCLParserprs;0;0
org.eclipse.ocl.common.internal.messages.CommonMessages;0;0
org.eclipse.ocl.examples.domain.messages.EvaluatorMessages;0;0
codegen.company.CodegencompanyTables;7;39641758
org.eclipse.emf.ocl.internal.parser.OCLLPGParserprs;0;0
org.eclipse.ocl.examples.pivot.validation.EcoreOCLEValidator;0;0
org.eclipse.ocl.examples.xtext.base.ui.messages.BaseUIMessages;1;15653644
org.eclipse.ocl.parser.backtracking.OCLBacktrackingKWLexerprs;10;30050293
org.eclipse.ocl.examples.domain.ids.TypeId;0;0
org.eclipse.ocl.examples.pivot.messages.EvaluatorMessages;0;0
org.eclipse.ocl.examples.xtext.markup.ui.contentassist.antlr.internal.InternalMarkupParser;0;0
org.eclipse.ocl.examples.xtext.base.util.cs2as.AutoBaseContainmentVisitor;0;0
org.eclipse.ocl.examples.pivot.PivotTables;56;36980234
org.eclipse.jdi.internal.spy.JdwpReplyPacket;0;0
org.eclipse.jdt.internal.debug.core.IJavaDebugConstants;0;0
org.eclipse.jdt.debug.ui.JavaDebugUI;0;0
org.eclipse.jdt.internal.debug.ui.JDIImageDescriptor;7;21680079
org.eclipse.jdt.internal.debug.eval.ast.instructions.RuntimeSignature;0;0
org.eclipse.jdt.debug.testplugin.JavaProjectHelper;16;297732067
org.eclipse.jdi.internal.spy.JdwpCommandPacket;0;0
org.eclipse.scout.rt.client.ui.desktop.DesktopEvent;1;19657376
org.eclipse.scout.rt.shared.services.lookup.LookupRow;1;39951540
org.eclipse.scout.rt.shared.servicetunnel.SoapHandlingUtility;0;0
org.eclipse.scout.rt.ui.rap.core.LogicalGridData;0;0
org.eclipse.scout.rt.testing.shared.ScoutJUnitPluginTestExecutor;3;18541304
org.eclipse.scout.rt.ui.rap.LogicalGridData;0;0
