artefactName;numberOfCommits;diffTime
org.eclipse.emf.cdo.tests.model4.model4Package;12;47070521
org.eclipse.emf.cdo.releng.setup.provider.SetupItemProviderAdapterFactory;30;15206772
org.eclipse.emf.cdo.server.internal.lissome.LissomeFileHandle;0;0
org.eclipse.emf.cdo.tests.model2.Model2Package;17;60785911
org.eclipse.emf.internal.cdo.session.DelegatingSessionProtocol;11;25556203
org.eclipse.emf.cdo.releng.setup.SetupPackage;7;7944189
org.eclipse.emf.cdo.tests.legacy.model4.util.model4AdapterFactory;0;0
org.eclipse.emf.cdo.releng.setup.util.SetupAdapterFactory;3;7788895
org.eclipse.emf.cdo.releng.setup.impl.SetupFactoryImpl;44;21180083
org.eclipse.emf.cdo.releng.doc.article.ArticlePackage;6;96544
org.eclipse.emf.cdo.tests.legacy.model2.Model2Package;5;46597064
org.eclipse.emf.cdo.releng.doc.article.util.ArticleAdapterFactory;2;96544
org.eclipse.net4j.db.jdbc.DelegatingPreparedStatement;0;0
org.eclipse.emf.cdo.tests.legacy.model4.model4Package;3;41237301
org.eclipse.emf.cdo.tests.SetFeatureTest;2;2868100
org.eclipse.net4j.db.jdbc.DelegatingResultSet;0;0
org.eclipse.net4j.ui.widgets.HistoryCombo;0;0
org.eclipse.emf.cdo.tests.model4.util.model4AdapterFactory;0;0
org.eclipse.net4j.ui.widgets.HistoryText;0;0
org.eclipse.php.internal.core.resources.ExternalFileDecorator;0;0
org.eclipse.php.internal.core.ast.visitor.ApplyAll;4;24096365
org.eclipse.php.internal.core.ast.visitor.AbstractVisitor;3;22392501
org.eclipse.php.internal.core.resources.ExternalFileWrapper;0;0
org.eclipse.php.internal.core.compiler.ast.visitor.PHPASTVisitor;0;0
org.eclipse.swt.internal.cocoa.NSLayoutManager;0;0
org.eclipse.swt.widgets.Text;468;124943801
org.eclipse.swt.internal.cairo.Cairo;16;67635974
org.eclipse.swt.internal.cocoa.NSNumberFormatter;0;0
org.eclipse.swt.tools.internal.JNIGeneratorAppUI;33;55099319
org.eclipse.swt.graphics.TextLayout;95;4883494
org.eclipse.swt.accessibility.AccessibleObject;49;206684615
org.eclipse.swt.internal.cocoa.NSTextView;0;0
org.eclipse.swt.internal.wpf.OS;3;417002
org.eclipse.swt.internal.mozilla.nsIDOMWindow;8;262985689
org.eclipse.swt.internal.cocoa.NSWindow;0;0
org.eclipse.swt.internal.cocoa.NSString;0;0
org.eclipse.swt.internal.cocoa.NSCell;0;0
org.eclipse.swt.internal.motif.OS;62;65937443
org.eclipse.swt.widgets.Tree;415;115896708
org.eclipse.swt.internal.gtk.OS;76;12318723
org.eclipse.swt.widgets.Combo;521;185699238
org.eclipse.swt.widgets.TreeItem;182;116148869
org.eclipse.swt.internal.carbon.OS;32;12697179
org.eclipse.swt.widgets.Widget;302;82112363
org.eclipse.swt.internal.photon.OS;38;65858097
org.eclipse.swt.widgets.Control;22;8735431
org.eclipse.swt.widgets.List;545;312513948
org.eclipse.swt.widgets.Composite;289;82112363
org.eclipse.swt.internal.cocoa.NSView;4;23111314
org.eclipse.swt.internal.win32.OS;9;13936411
org.eclipse.e4.ui.css.core.impl.dom.CSS2PropertiesImpl;0;0
org.eclipse.e4.ui.model.application.ui.basic.util.BasicAdapterFactory;0;0
org.eclipse.e4.ui.model.application.ui.menu.util.MenuAdapterFactory;0;0
org.eclipse.emf.codegen.ecore.genmodel.impl.GenFeatureImpl;2;5192057
org.eclipse.emf.codegen.ecore.genmodel.GenModel;34;55626489
org.eclipse.emf.ecore.xml.type.util.XMLTypeValidator;3;2923126
org.eclipse.emf.ecore.plugin.EcorePluginProperties;0;0
org.eclipse.emf.common.util.DelegatingEList;4;59524039
org.eclipse.emf.java.JavaPackage;0;0
org.eclipse.emf.ecore.util.BasicExtendedMetaData;17;36527583
org.eclipse.emf.ecore.xcore.XcorePackage;0;0
org.eclipse.emf.ecore.xml.type.XMLTypeFactory;3;55626996
org.eclipse.emf.test.common.reification.util.ReificationAdapterFactory;0;0
org.eclipse.emf.eef.extended.editor.util.EditorAdapterFactory;1;488899
org.eclipse.emf.eef.eefnr.util.EefnrAdapterFactory;6;33335637
org.eclipse.emf.eef.eefnr.EefnrPackage;1;73735
org.eclipse.jdt.jeview.properties.JavaElementProperties;3;21276027
org.eclipse.jdt.ui.tests.refactoring.RenameTypeTests;0;0
org.eclipse.jdt.internal.core.refactoring.util.ASTParentTrackingAdapter;0;0
org.eclipse.jdt.ui.tests.core.source.GenerateToStringTest;0;0
org.eclipse.jdt.ui.tests.refactoring.InlineMethodTests;6;1047705
org.eclipse.jdt.ui.tests.quickfix.CleanUpTest;48;20961436
org.eclipse.jdt.ui.tests.quickfix.ConvertForLoopQuickFixTest;21;73516539
org.eclipse.jdt.internal.core.refactoring.ASTParentTrackingAdapter;0;0
org.eclipse.jdt.internal.corext.refactoring.util.ASTParentTrackingAdapter;0;0
org.eclipse.jdt.internal.corext.refactoring.RefactoringAvailabilityTester;0;0
org.eclipse.jdt.refactoring.tests.RenameTypeTests;12;11580045
org.eclipse.gef4.graphics.AbstractGraphics;8;19878424
org.eclipse.jubula.util.JubulaAdapterFactory;0;0
org.eclipse.jubula.JubulaPackage;0;0
org.eclipse.core.resources.IResource;51;75070852
org.eclipse.jdt.internal.core.util.DefaultBytecodeVisitor;0;0
org.eclipse.jdt.core.tests.compiler.parser.AnnotationCompletionParserTest;6;10715022
org.eclipse.jdt.core.util.IBytecodeVisitor;0;0
org.eclipse.jdt.core.tests.model.CompletionTests_1_5;58;52720120
org.eclipse.jdt.core.tests.compiler.parser.CompletionParserTest2;0;0
org.eclipse.jdt.internal.compiler.IAbstractSyntaxTreeVisitor;21;74372042
org.eclipse.jdt.core.tests.compiler.parser.CompletionParserTestKeyword;0;0
org.eclipse.jdt.core.IType;34;77425424
org.eclipse.jdt.core.tests.compiler.regression.ClassFileReaderTest;17;40186241
org.eclipse.jdt.core.IJavaProject;79;142040062
org.eclipse.jdt.core.tests.compiler.parser.GenericsCompletionParserTest;0;0
org.eclipse.jdt.core.tests.model.CompletionContextTests;4;10013945
org.eclipse.jdt.core.util.ByteCodeVisitorAdapter;0;0
org.eclipse.pde.api.tools.model.tests.TagScannerTests;14;24298050
org.eclipse.pde.api.tools.comparator.tests.ClassDeltaTests;0;0
org.eclipse.pde.api.tools.comparator.tests.MethodDeltaTests;12;15907149
org.eclipse.core.resources.IResource;0;0
org.eclipse.ocl.cst.util.CSTAdapterFactory;0;0
org.eclipse.ocl.examples.xtext.essentialocl.essentialoclcs.util.EssentialOCLCSAdapterFactory;0;0
org.eclipse.ocl.examples.xtext.completeocl.completeOCLCST.util.CompleteOCLCSTAdapterFactory;1;1725589
org.eclipse.ocl.examples.pivot.util.AbstractExtendingVisitor;23;44385545
org.eclipse.ocl.uml.util.UMLSwitch;2;5257550
org.eclipse.ocl.ecore.util.EcoreAdapterFactory;0;0
org.eclipse.ocl.examples.codegen.cgmodel.impl.CGModelFactoryImpl;13;11129261
org.eclipse.ocl.examples.xtext.oclinecore.oclinEcoreCST.util.OCLinEcoreCSTAdapterFactory;0;0
org.eclipse.ocl.ecore.util.EcoreSwitch;2;5258180
org.eclipse.ocl.examples.pivot.util.AbstractNullVisitor;21;44385545
org.eclipse.ocl.examples.xtext.completeocl.completeoclcs.util.CompleteOCLCSAdapterFactory;0;0
org.eclipse.ocl.examples.pivot.internal.impl.IteratorExpImpl;64;83621226
org.eclipse.ocl.examples.xtext.base.basecs.util.BaseCSAdapterFactory;0;0
org.eclipse.ocl.ecore.provider.EcoreItemProviderAdapterFactory;3;35505339
org.eclipse.ocl.examples.pivot.util.PivotAdapterFactory;0;0
org.eclipse.ocl.examples.xtext.essentialocl.essentialOCLCST.util.EssentialOCLCSTAdapterFactory;0;0
dataaccess.expressions.impl.ExpressionImpl;0;0
org.eclipse.ocl.examples.build.utilities.GenerateOCLCommon;0;0
data.classes.impl.SapClassImpl;0;0
org.eclipse.ocl.expressions.util.ExpressionsAdapterFactory;0;0
dataaccess.expressions.util.ExpressionsAdapterFactory;0;0
org.eclipse.ocl.examples.domain.values.util.ValuesAdapterFactory;0;0
org.eclipse.ocl.examples.xtext.oclstdlib.oclstdlibcs.util.OCLstdlibCSAdapterFactory;0;0
org.eclipse.ocl.examples.xtext.base.baseCST.util.BaseCSTSwitch;3;23038484
org.eclipse.ocl.examples.codegen.cgmodel.CGModelPackage;0;0
org.eclipse.ocl.examples.xtext.essentialocl.essentialoclcs.EssentialOCLCSPackage;0;0
org.eclipse.ocl.examples.xtext.essentialocl.essentialOCLCST.EssentialOCLCSTPackage;6;24764358
org.eclipse.ocl.internal.cst.util.CSTAdapterFactory;0;0
behavioral.status_and_action.assembly.util.AssemblyAdapterFactory;0;0
org.eclipse.ocl.examples.xtext.base.baseCST.util.BaseCSTAdapterFactory;0;0
behavioral.actions.util.ActionsAdapterFactory;0;0
org.eclipse.ocl.uml.util.UMLAdapterFactory;0;0
org.eclipse.ocl.examples.codegen.cgmodel.util.CGModelAdapterFactory;0;0
org.eclipse.ocl.examples.xtext.oclinecore.oclinEcoreCST.OCLinEcoreCSTPackage;0;0
org.eclipse.ocl.examples.xtext.oclstdlib.oclstdlibCST.util.OCLstdlibCSTAdapterFactory;1;1173046
org.eclipse.ocl.examples.pivot.util.PivotSwitch;0;0
data.classes.util.ClassesAdapterFactory;0;0
org.eclipse.ocl.examples.codegen.cgmodel.util.CGModelSwitch;0;0
data.classes.ClassesPackage;0;0
org.eclipse.ocl.examples.build.xtend.GenerateOCLCommon;0;0
org.eclipse.scout.rt.client.ui.form.IForm;6;55673846
