artefactName;numberOfCommits;diffTime
org.eclipse.egit.ui.internal.history.GitCreatePatchWizard;0;0
org.eclipse.egit.ui.internal.repository.tree.command.StashCreateCommand;0;0
org.eclipse.egit.core.op.CreatePatchOperation;0;0
org.eclipse.egit.ui.internal.clone.ProjectCreator;0;0
org.eclipse.egit.ui.internal.actions.CreatePatchAction;0;0
org.eclipse.egit.ui.internal.actions.CreatePatchActionHandler;0;0
org.eclipse.egit.ui.internal.actions.CreateBranchOnCommitActionHandler;0;0
org.eclipse.egit.ui.internal.repository.CreateBranchPageTest;0;0
org.eclipse.egit.ui.internal.actions.CreateBranchOnCommitAction;0;0
org.eclipse.egit.ui.internal.clone.GitCreateGeneralProjectPage;2;8661964
org.eclipse.egit.ui.internal.actions.CreateTagOnCommitActionHandler;0;0
org.eclipse.egit.ui.internal.blame.BlameInformationControlCreator;0;0
org.eclipse.egit.ui.internal.repository.CreateBranchWizard;2;8241576
org.eclipse.egit.ui.internal.clone.GitCreateProjectViaWizardWizard;0;0
org.eclipse.egit.ui.internal.repository.CreateRepositoryPage;0;0
org.eclipse.egit.ui.internal.history.command.CreateTagOnCommitHandler;0;0
org.eclipse.egit.ui.internal.repository.tree.command.CreateBranchCommand;0;0
org.eclipse.egit.ui.internal.repository.CreateBranchPage;0;0
org.eclipse.egit.ui.internal.history.command.CreatePatchHandler;0;0
org.eclipse.egit.ui.internal.repository.tree.command.CreateRepositoryCommand;0;0
org.eclipse.egit.ui.internal.repository.tree.command.CreateTagCommand;0;0
org.eclipse.egit.ui.internal.history.command.CreateBranchOnCommitHandler;0;0
org.eclipse.egit.ui.internal.dialogs.CreateTagDialog;19;114109183
org.eclipse.egit.ui.test.team.actions.CreatePatchActionTest;1;797869
org.eclipse.egit.ui.internal.actions.CreateTagOnCommitAction;0;0
org.eclipse.egit.ui.internal.stash.StashCreateUI;0;0
org.eclipse.team.internal.ui.dialogs.ResourceMappingResourceDisplayArea;0;0
org.eclipse.compare.examples.xml.CreateNewIdMapAction;0;0
org.eclipse.compare.structuremergeviewer.DocumentStructureCreator;0;0
org.eclipse.compare.structuremergeviewer.StructureCreator;0;0
org.eclipse.compare.examples.xml.XMLStructureViewerCreator;0;0
org.eclipse.compare.internal.ZipStructureCreator;4;7064592
org.eclipse.compare.structuremergeviewer.IStructureCreator2;0;0
org.eclipse.compare.ZipFileStructureCreator;0;0
org.eclipse.compare.examples.structurecreator.KeyValuePairStructureCreator;0;0
org.eclipse.compare.examples.structurecreator.TextMergeViewerCreator;0;0
org.eclipse.compare.internal.StructureCreatorDescriptor;0;0
org.eclipse.compare.patch.ReaderCreator;0;0
org.eclipse.team.internal.ui.target.CreateNewFolderAction;0;0
org.eclipse.compare.internal.win32.WordViewerCreator;0;0
org.eclipse.net4j.util.defs.impl.ExecutorServiceDefImpl;0;0
org.eclipse.emf.cdo.dawn.examples.acore.diagram.edit.commands.AClassSubClassesCreateCommand;0;0
org.eclipse.emf.cdo.dawn.examples.acore.diagram.edit.commands.AClassAggregationsCreateCommand;0;0
org.eclipse.emf.cdo.dawn.codegen.creators.impl.GMFFragmentCreator;1;182711
org.eclipse.emf.cdo.dawn.examples.acore.graphiti.features.AcoreCreateAssociationFeature;0;0
org.eclipse.emf.cdo.ui.internal.admin.actions.CreateRepositoryAction;0;0
org.eclipse.emf.cdo.server.ocl.OCLExtentCreator;0;0
org.eclipse.emf.cdo.dawn.examples.acore.graphiti.features.AcoreCreateAggregationFeature;0;0
org.eclipse.net4j.util.defs.ExecutorServiceDef;0;0
org.eclipse.net4j.buddies.ui.IFacilityPaneCreator;0;0
org.eclipse.emf.cdo.dawn.examples.acore.graphiti.features.AcoreCreateImplementationFeature;0;0
org.eclipse.emf.cdo.internal.ui.actions.CreateCommitAction;0;0
org.eclipse.emf.cdo.dawn.codegen.creators.impl.EMFFragmentCreator;0;0
org.eclipse.emf.cdo.dawn.examples.acore.diagram.edit.commands.AClassImplementedInterfacesCreateCommand;0;0
org.eclipse.net4j.util.concurrent.OnePendingExecutor;3;30353830
org.eclipse.emf.cdo.dawn.examples.acore.graphiti.features.AcoreCreateSubclassFeature;0;0
org.eclipse.net4j.util.net4jutildefs.ExecutorServiceDef;0;0
org.eclipse.net4j.util.net4jutildefs.impl.ExecutorServiceDefImpl;0;0
org.eclipse.emf.cdo.dawn.examples.acore.diagram.edit.commands.AClassAssociationsCreateCommand;0;0
org.eclipse.emf.cdo.dawn.codegen.dawngenmodel.emf.ui.creators.EMFFragmentCreator;0;0
org.eclipse.emf.cdo.ui.internal.admin.wizards.CreateRepositoryWizard;0;0
org.eclipse.emf.cdo.ui.internal.ide.actions.CreateBranchActionDelegate;2;7318802
org.eclipse.emf.cdo.dawn.codegen.creators.Creator;0;0
org.eclipse.emf.cdo.dawn.examples.acore.graphiti.features.AcoreCreateAClassFeature;0;0
org.eclipse.emf.cdo.dawn.examples.acore.graphiti.features.AcoreCreateAInterfaceFeature;0;0
org.eclipse.emf.cdo.dawn.examples.acore.diagram.edit.commands.AClassCompositionsCreateCommand;0;0
org.eclipse.emf.cdo.internal.ui.actions.CreateRollbackAction;0;0
org.eclipse.emf.cdo.dawn.codegen.dawngenmodel.gmf.ui.creators.GMFFragmentCreator;0;0
org.eclipse.emf.cdo.internal.ui.actions.CreateResourceNodeAction;0;0
org.eclipse.emf.cdo.common.branch.CDOBranchCreatedEvent;0;0
org.eclipse.emf.cdo.internal.ui.actions.CreateResourceAction;15;56320211
org.eclipse.emf.cdo.dawn.examples.acore.graphiti.features.AcoreCreateCompositionsFeature;0;0
org.eclipse.emf.cdo.ui.internal.admin.wizards.CreateRepositoryStorePage;0;0
org.eclipse.php.internal.ui.actions.CreatePHPProjectWizardAction;0;0
org.eclipse.php.internal.ui.editor.contentassist.PHPCommentTemplateCompletionProposalComputer;0;0
org.eclipse.php.internal.debug.core.sourcelookup.PHPSourcePathComputerDelegate;0;0
org.eclipse.php.formatter.ui.preferences.CreateProfileDialog;0;0
org.eclipse.php.internal.ui.preferences.includepath.CreateMultipleSourceFoldersDialog;0;0
org.eclipse.php.internal.debug.ui.wizards.IPHPExeCompositeFragment;0;0
org.eclipse.php.internal.debug.ui.wizards.PHPExeCompositeFragment;16;173645201
org.eclipse.php.internal.ui.refactor.processors.DeleteChangeCreator;0;0
org.eclipse.php.internal.ui.compare.PhpMergeViewerCreator;0;0
org.eclipse.php.internal.ui.editor.contentassist.PHPTemplateCompletionProposalComputer;0;0
org.eclipse.php.internal.core.ast.rewrite.TargetSourceRangeComputer;0;0
org.eclipse.php.internal.debug.ui.wizards.PHPExeCompositeFragmentFactory;0;0
org.eclipse.php.debug.ui.launching.PHPExecutableLaunchTab;11;3906229
org.eclipse.php.internal.ui.wizards.IPHPProjectCreateWizardPage;0;0
org.eclipse.php.internal.ui.actions.CreatePHPFileWizardAction;0;0
org.eclipse.php.debug.core.debugger.PHPExecutableDebuggerInitializer;9;18949419
org.eclipse.php.internal.core.phpModel.parser.ParserExecuter;1;13460673
org.eclipse.php.internal.debug.core.debugger.PHPExecutableDebuggerInitializer;0;0
org.eclipse.php.internal.debug.ui.preferences.stepFilter.CreateStepFilterDialog;0;0
org.eclipse.linuxtools.internal.lttng2.ui.views.control.handlers.CreateSessionHandler;0;0
org.eclipse.linuxtools.internal.rpm.createrepo.wizard.CreaterepoNewWizardPageOne;0;0
org.eclipse.linuxtools.rpm.createrepo.tests.CreaterepoUtilsTest;0;0
org.eclipse.linuxtools.systemtap.graphingapi.ui.GraphDisplaySet;0;0
org.eclipse.linuxtools.lttng2.control.ui.tests.model.component.TraceControlCreateSessionTests;0;0
org.eclipse.linuxtools.internal.rpm.createrepo.preference.tests.CreaterepoDeltaPropertyPageTest;0;0
org.eclipse.linuxtools.internal.rpm.createrepo.listener.tests.CreaterepoResourceListenerTest;0;0
org.eclipse.linuxtools.tmf.request.TmfRequestExecutor;0;0
org.eclipse.linuxtools.internal.rpm.createrepo.handler.CreaterepoExecuteCommandHandler;0;0
org.eclipse.linuxtools.internal.tmf.core.request.TmfRequestExecutor;0;0
org.eclipse.linuxtools.internal.systemtap.ui.graphing.structures.GraphDisplaySet;0;0
org.eclipse.linuxtools.cdt.autotools.ui.tests.TestMakeTargets;0;0
org.eclipse.linuxtools.internal.rpm.createrepo.preference.CreaterepoPreferenceInitializer;0;0
org.eclipse.linuxtools.rpm.createrepo.CreaterepoProjectCreator;0;0
org.eclipse.linuxtools.internal.lttng2.control.ui.views.handlers.ExecuteCommandScriptHandler;0;0
org.eclipse.linuxtools.internal.rpm.createrepo.preference.tests.CreaterepoGeneralPropertyPageTest;0;0
org.eclipse.linuxtools.systemtapgui.graphing.structures.GraphDisplaySet;0;0
org.eclipse.linuxtools.internal.rpm.createrepo.preference.CreaterepoDeltaPropertyPage;0;0
org.eclipse.linuxtools.internal.lttng2.ui.views.control.dialogs.CreateSessionDialog;0;0
org.eclipse.linuxtools.lttng.core.state.model.LttngExecutionState;0;0
org.eclipse.linuxtools.internal.lttng.ui.tracecontrol.actions.CreateNewTrace;0;0
org.eclipse.linuxtools.internal.lttng2.control.ui.views.handlers.CreateSessionHandler;0;0
org.eclipse.linuxtools.lttng.state.model.LttngExecutionState;0;0
org.eclipse.linuxtools.internal.rpm.createrepo.tests.CreaterepoTest;1;64151
org.eclipse.linuxtools.tmf.core.request.TmfRequestExecutor;0;0
org.eclipse.linuxtools.rpm.createrepo.CreaterepoUtils;0;0
org.eclipse.linuxtools.systemtap.ui.graphing.structures.GraphDisplaySet;0;0
org.eclipse.linuxtools.internal.rpm.ui.editor.compare.SpecStructureMergeViewerCreator;0;0
org.eclipse.linuxtools.internal.rpm.createrepo.tree.tests.CreaterepoTreeCategoryTest;0;0
org.eclipse.linuxtools.internal.rpm.createrepo.form.tests.CreaterepoUtilsTest;0;0
org.eclipse.linuxtools.internal.rpm.createrepo.wizard.CreaterepoNewWizardPageTwo;0;0
org.eclipse.linuxtools.internal.rpm.createrepo.tree.tests.CreaterepoTreeTest;0;0
org.eclipse.linuxtools.internal.rpmstubby.parser.PerlMakefileParser;0;0
org.eclipse.linuxtools.internal.rpm.ui.editor.hyperlink.tests.SourcesFileCreateHyperlinkTest;0;0
org.eclipse.linuxtools.internal.lttng2.control.ui.views.dialogs.CreateSessionDialog;0;0
org.eclipse.linuxtools.rpm.createrepo.tests.CreaterepoProjectTest;0;0
org.eclipse.linuxtools.internal.rpm.createrepo.preference.tests.CreaterepoPreferencePageTest;0;0
org.eclipse.linuxtools.rpm.createrepo.CreaterepoProject;0;0
org.eclipse.linuxtools.internal.rpm.createrepo.tree.CreaterepoTreeLabelProvider;0;0
org.eclipse.linuxtools.internal.lttng2.control.ui.views.dialogs.ICreateSessionDialog;0;0
org.eclipse.linuxtools.internal.rpm.createrepo.form.tests.CreaterepoMetadataPageTest;0;0
org.eclipse.linuxtools.tmf.ui.views.uml2sd.core.ExecutionOccurrence;4;24793488
org.eclipse.linuxtools.internal.rpmstubby.popup.actions.StubifyMakefilePLHandler;0;0
org.eclipse.linuxtools.internal.gdbtrace.ui.views.project.dialogs.SelectTraceExecutableDialog;0;0
org.eclipse.linuxtools.systemtap.localgui.tests.SystemTapDisplayTest;0;0
org.eclipse.linuxtools.tmf.ui.views.uml2sd.core.BasicExecutionOccurrence;1;24793488
org.eclipse.linuxtools.internal.rpm.createrepo.wizard.tests.CreaterepoWizardTest;0;0
org.eclipse.linuxtools.internal.gdbtrace.ui.views.project.handlers.SelectTraceExecutableHandler;0;0
org.eclipse.linuxtools.tmf.tests.stubs.CreateTestFiles;0;0
org.eclipse.linuxtools.internal.rpm.ui.editor.wizards.NoExecutableWizardPage;0;0
org.eclipse.linuxtools.internal.rpm.createrepo.CreaterepoProject;0;0
org.eclipse.linuxtools.lttng2.ui.tests.control.model.component.TraceControlCreateSessionTests;0;0
org.eclipse.linuxtools.changelog.ui.tests.swtbot.CreateChangeLogFromHistorySWTBotTest;0;0
org.eclipse.linuxtools.internal.rpm.createrepo.Createrepo;0;0
org.eclipse.linuxtools.internal.rpm.createrepo.CreaterepoCommandCreator;0;0
org.eclipse.linuxtools.tmf.core.tests.request.TmfRequestExecutorTest;0;0
org.eclipse.linuxtools.internal.perf.ui.StatComparisonViewCreator;0;0
org.eclipse.linuxtools.internal.rpm.createrepo.handler.CreaterepoCommandHandler;0;0
org.eclipse.linuxtools.internal.lttng2.ui.views.control.handlers.BaseCreateChannelHandler;0;0
org.eclipse.linuxtools.rpm.createrepo.tests.CreaterepoProjectCreatorTest;0;0
org.eclipse.linuxtools.systemtap.graphing.ui.GraphDisplaySet;0;0
org.eclipse.linuxtools.internal.perf.ui.ReportComparisonViewCreator;0;0
org.eclipse.linuxtools.internal.lttng2.ui.views.control.dialogs.ICreateSessionDialog;0;0
org.eclipse.linuxtools.internal.rpm.createrepo.preference.CreaterepoGeneralPropertyPage;0;0
org.eclipse.linuxtools.internal.rpm.createrepo.form.tests.CreaterepoRepoFormEditorTest;0;0
org.eclipse.linuxtools.internal.systemtap.ui.dashboardextension.actions.CreateModuleAction;0;0
org.eclipse.linuxtools.internal.rpm.createrepo.preference.CreaterepoPathEditor;0;0
org.eclipse.linuxtools.rpm.ui.editor.wizards.NoExecutableWizardPage;0;0
org.eclipse.linuxtools.internal.rpm.createrepo.CreaterepoProjectCreator;0;0
org.eclipse.linuxtools.internal.lttng.core.state.model.LttngExecutionState;0;0
org.eclipse.linuxtools.lttng.ui.tracecontrol.actions.CreateNewTrace;0;0
org.eclipse.linuxtools.systemtap.ui.consolelog.ScpExec;0;0
org.eclipse.linuxtools.tmf.stubs.CreateTestFiles;0;0
org.eclipse.linuxtools.internal.rpm.ui.editor.compare.SpecMergeViewerCreator;0;0
org.eclipse.linuxtools.rpm.ui.editor.tests.hyperlink.SourcesFileCreateHyperlinkTest;0;0
org.eclipse.linuxtools.internal.rpm.createrepo.form.tests.CreaterepoImportRPMsPageTest;0;0
org.eclipse.linuxtools.internal.rpm.ui.editor.compare.SpecStructureCreator;0;0
org.eclipse.linuxtools.systemtap.ui.ide.test.swtbot.TestCreateSystemtapScript;26;31260781
org.eclipse.linuxtools.systemtap.ui.graphing.GraphDisplaySet;0;0
org.eclipse.linuxtools.internal.rpm.createrepo.preference.tests.CreaterepoPreferenceInitializationTest;0;0
org.eclipse.linuxtools.internal.rpm.createrepo.CreaterepoUtils;0;0
org.eclipse.jface.text.contentassist.ICompletionProposalComputer;0;0
org.eclipse.ui.texteditor.HippieProposalComputer;0;0
org.eclipse.ui.texteditor.RevisionHoverInformationControlCreator;0;0
org.eclipse.jface.text.IInformationControlCreatorExtension;0;0
org.eclipse.core.filebuffers.manipulation.ContainerCreator;0;0
org.eclipse.jface.text.IInformationControlCreator;0;0
org.eclipse.jface.internal.text.revisions.HunkComputer;0;0
org.eclipse.mylyn.internal.tasks.ui.editors.AttachmentColumnCreated;0;0
org.eclipse.mylyn.internal.tasks.ui.wizards.IImageCreator;0;0
org.eclipse.mylyn.internal.tasks.ui.search.CreateQueryFromSearchAction;0;0
org.eclipse.swt.widgets.Display;293;50052371
org.eclipse.swt.custom.DisplayRenderer;0;0
org.eclipse.swt.custom.DisplayRenderer2;0;0
org.eclipse.osgi.tests.composites.CompositeCreateTests;0;0
org.eclipse.core.runtime.adaptor.ComputeNodeOrder;0;0
org.eclipse.osgi.internal.container.ComputeNodeOrder;0;0
org.eclipse.osgi.internal.resolver.ComputeNodeOrder;0;0
org.eclipse.core.tests.databinding.observable.value.ComputedValueTest;0;0
org.eclipse.ui.internal.ide.dialogs.CreateLinkedResourceGroup;0;0
org.eclipse.ui.internal.handlers.DisplayHelpHandler;0;0
org.eclipse.jface.fields.TextControlCreator;0;0
org.eclipse.ui.views.tasklist.TaskListContextComputer;0;0
org.eclipse.ui.internal.ide.dialogs.CreateProjectWizard;0;0
org.eclipse.ui.tests.concurrency.SyncExecWhileUIThreadWaitsForLock;0;0
org.eclipse.ui.internal.ide.undo.CreateMarkerOperation;0;0
org.eclipse.ui.ide.undo.CreateFileOperation;0;0
org.eclipse.ui.ide.undo.CreateProjectOperation;0;0
org.eclipse.ui.internal.dialogs.CreateLinkedResourceGroup;0;0
org.eclipse.ui.tests.navigator.DisplayHelper;0;0
org.eclipse.jface.databinding.updatables.LazyCalculatedValue;0;0
org.eclipse.ui.internal.MakeHandlersGo;0;0
org.eclipse.jface.examples.databinding.snippets.Snippet008ComputedValue;0;0
org.eclipse.e4.ui.css.core.impl.dom.CSSComputedStyleImpl;0;0
org.eclipse.ui.internal.services.ServiceLocatorCreator;0;0
org.eclipse.jface.internal.provisional.databinding.updatables.LazyCalculatedValue;0;0
org.eclipse.ui.internal.dialogs.CreateProjectStep;0;0
org.eclipse.ui.internal.ide.dialogs.CreateProjectStep;0;0
org.eclipse.ui.tests.concurrency.SyncExecWhileUIThreadWaitsForRuleTest;0;0
org.eclipse.jface.databinding.updatables.CalculatedValue;0;0
org.eclipse.ui.tests.harness.util.DisplayHelper;0;0
org.eclipse.ui.tests.api.workbenchpart.ViewWithCreateControlsException;0;0
org.eclipse.ui.application.DisplayAccess;0;0
org.eclipse.jface.databinding.updatables.ComputedValue;0;0
org.eclipse.jface.fieldassist.ComboControlCreator;0;0
org.eclipse.ui.tests.navigator.CreateProjectTest;0;0
org.eclipse.ui.internal.services.IServiceLocatorCreator;0;0
org.eclipse.jface.internal.provisional.databinding.updatables.CalculatedValue;0;0
org.eclipse.jface.fieldassist.IControlCreator;0;0
org.eclipse.jface.fieldassist.TextControlCreator;0;0
org.eclipse.ui.tests.harness.util.DisplayWaiter;0;0
org.eclipse.ui.commands.ExecutionException;0;0
org.eclipse.ui.actions.CreateProjectAction;0;0
org.eclipse.core.commands.IExecutionListenerWithChecks;0;0
org.eclipse.ui.internal.components.ExecutableExtensionFactory;0;0
org.eclipse.core.commands.ExecutionEvent;0;0
org.eclipse.ui.tests.navigator.DisplayWaiter;0;0
org.eclipse.ui.internal.handlers.ExecutableExtensionHandler;0;0
org.eclipse.ui.services.IServiceLocatorCreator;0;0
org.eclipse.ui.internal.commands.ws.ExecutableExtensionHandler;0;0
org.eclipse.core.commands.ExecutionException;0;0
org.eclipse.ui.examples.views.properties.tabbed.hockeyleague.ui.actions.HockeyleagueCreateChildAction;0;0
org.eclipse.ui.ide.undo.CreateFolderOperation;0;0
org.eclipse.jface.fields.IControlCreator;0;0
org.eclipse.jface.text.IInformationControlCreator;0;0
org.eclipse.jface.tests.databinding.ComputedValueTest;0;0
org.eclipse.ui.internal.dialogs.CreateProjectWizard;0;0
org.eclipse.ui.tests.commands.CommandExecutionTest;0;0
org.eclipse.ui.ide.undo.CreateGroupOperation;0;0
org.eclipse.commands.ExecutionException;0;0
org.eclipse.ui.tests.components.CreatePartTest;0;0
org.eclipse.ui.tests.performance.layout.ComputeSizeTest;0;0
org.eclipse.update.internal.ui.manager.MyComputerPage;0;0
org.eclipse.ant.internal.ui.datatransfer.ProjectCreator;0;0
org.eclipse.ant.internal.core.ant.EclipseSingleCheckExecutor;0;0
org.eclipse.ant.internal.ui.demo.ProjectCreator;0;0
org.eclipse.ant.internal.launching.remote.EclipseDefaultExecutor;0;0
org.eclipse.ant.internal.core.ant.ExecutorSetter;0;0
org.eclipse.ant.internal.launching.remote.EclipseSingleCheckExecutor;0;0
org.eclipse.update.internal.jarprocessor.JarProcessorExecutor;0;0
org.eclipse.update.internal.core.FeatureExecutableContentProvider;0;0
org.eclipse.update.tests.nestedfeatures.TestExecutableInstall;0;0
org.eclipse.update.tests.regularInstall.TestExecutablePackagedInstall;0;0
org.eclipse.update.internal.core.FeatureExecutableFactory;0;0
org.eclipse.ant.internal.ui.antsupport.EclipseSingleCheckExecutor;0;0
org.eclipse.ant.internal.launching.remote.ExecutorSetter;0;0
org.eclipse.ant.internal.ui.antsupport.ExecutorSetter;0;0
org.eclipse.ant.core.CreateProject;0;0
org.eclipse.ant.internal.ui.debug.AntSourcePathComputerDelegate;0;0
org.eclipse.ant.internal.ui.datatransfer.BuildFileCreator;1;7837319
org.eclipse.update.tests.regularInstall.TestExecutableInstall;0;0
org.eclipse.ant.internal.ui.antsupport.EclipseDefaultExecutor;0;0
org.eclipse.ant.internal.core.ant.EclipseDefaultExecutor;0;0
org.eclipse.update.internal.ui.pages.MyComputerPage;0;0
org.eclipse.ant.internal.launching.debug.AntSourcePathComputerDelegate;0;0
org.eclipse.emf.example.databinding.project.ui.rcp.handlers.CreateCommittershipHandler;0;0
org.eclipse.emf.ecore.xcore.ui.XcoreExecutableExtensionFactory;0;0
org.eclipse.emf.ecore.xcore.exporter.ui.XcoreExporterExecutableExtensionFactory;0;0
org.eclipse.emf.codegen.ecore.xtext.ui.ExecutableExtensionFactory;0;0
org.eclipse.emf.ecore.xcore.importer.ui.XcoreImporterExecutableExtensionFactory;0;0
org.eclipse.emf.examples.extlibrary.actions.CreateLibraryAction;0;0
org.eclipse.debug.internal.ui.views.memory.renderings.CreateRendering;0;0
org.eclipse.debug.internal.ui.contexts.provisional.ISourceDisplayAdapter;0;0
org.eclipse.debug.internal.core.sourcelookup.SourcePathComputer;0;0
org.eclipse.debug.internal.ui.views.memory.CreateRenderingTab;0;0
org.eclipse.debug.internal.ui.contexts.ISourceDisplayAdapter;0;0
org.eclipse.debug.internal.ui.DisplayScheduler;0;0
org.eclipse.debug.examples.core.pda.sourcelookup.PDASourcePathComputerDelegate;0;0
org.eclipse.ui.externaltools.internal.ant.view.elements.ExecutionPathNode;2;4698159
org.eclipse.debug.ui.contexts.ISourceDisplayAdapter;0;0
org.eclipse.debug.internal.ui.actions.ExecutionAction;0;0
org.eclipse.debug.internal.core.sourcelookup.ISourcePathComputer;0;0
org.eclipse.debug.ui.sourcelookup.ISourceDisplay;0;0
org.eclipse.debug.core.sourcelookup.ISourcePathComputerDelegate;0;0
org.eclipse.debug.internal.core.sourcelookup.ISourcePathComputerDelegate;0;0
org.eclipse.debug.internal.ui.elements.adapters.StackFrameSourceDisplayAdapter;3;2586281
org.eclipse.ua.tests.cheatsheet.execution.AllExecutionTests;0;0
org.eclipse.ua.tests.help.util.DocumentCreator;0;0
org.eclipse.ua.tests.cheatsheet.execution.TestCommandExecution;0;0
org.eclipse.ua.tests.cheatsheet.execution.TestActionExecution;0;0
org.eclipse.help.internal.context.XMLContextContributorCreator;0;0
org.eclipse.ua.tests.util.DisplayUtil;0;0
org.eclipse.help.internal.contributors1_0.ContributorCreator;0;0
org.eclipse.help.internal.contributors.xml1_0.XMLTopicContributorCreator;0;0
org.eclipse.help.internal.base.HelpDisplay;0;0
org.eclipse.help.internal.contributors.xml1_0.XMLActionContributorCreator;0;0
org.eclipse.help.ui.internal.ExecuteCommandAction;0;0
org.eclipse.help.base.AbstractHelpDisplay;0;0
org.eclipse.help.internal.contributors.xml1_0.XMLViewContributorCreator;0;0
org.eclipse.ui.tests.cheatsheets.parameters.DisplayDataDialog;0;0
org.eclipse.help.internal.base.DisplayUtils;0;0
org.eclipse.ui.internal.cheatsheets.data.IExecutableItem;0;0
org.eclipse.ui.tests.cheatsheets.parameters.GatherDisplayDataAction;0;0
org.eclipse.mylyn.docs.intent.bridge.modelingbot.ui.CreateJavaTestFromModelingBotQuickFix;1;613505
org.eclipse.emf.eef.modelingBot.EclipseActions.CreateProject;0;0
org.eclipse.emf.eef.ui.ModelingBotExecutableExtensionFactory;0;0
org.eclipse.emf.eef.runtime.ui.gwt.dialog.CreateObjectDialog;0;0
org.eclipse.jdt.internal.core.refactoring.nls.changes.CreateTextFileChange;0;0
org.eclipse.jdt.internal.ui.javadocexport.CreateJavadocActionDelegate;0;0
org.eclipse.jdt.internal.corext.refactoring.generics.ParametricStructureComputer;0;0
org.eclipse.jdt.internal.corext.refactoring.scripting.PromoteTempToFieldRefactoringInstanceCreator;0;0
org.eclipse.jdt.internal.corext.refactoring.scripting.ExtractMethodRefactoringInstanceCreator;0;0
org.eclipse.jdt.internal.corext.refactoring.reorg.ICreateTargetQuery;0;0
org.eclipse.jdt.internal.debug.ui.display.IDataDisplay;0;0
org.eclipse.jdt.internal.corext.refactoring.scripting.RenameJavaProjectRefactoringInstanceCreator;0;0
org.eclipse.jdt.ui.tests.refactoring.infra.TextBufferChangeCreator;0;0
org.eclipse.jdt.internal.ui.compare.JarStructureCreator;2;7136410
org.eclipse.jdt.internal.corext.refactoring.scripting.InlineTempRefactoringInstanceCreator;0;0
org.eclipse.ltk.core.refactoring.history.IRefactoringExecutionListener;1;229727
org.eclipse.jdt.internal.corext.buildpath.CreateOutputFolderOperation;0;0
org.eclipse.ltk.internal.ui.refactoring.model.RefactoringDescriptorCompareViewerCreator;0;0
org.eclipse.jdt.internal.corext.refactoring.scripting.MoveMethodRefactoringInstanceCreator;0;0
org.eclipse.jdt.refactoring.tests.infra.TextBufferChangeCreator;0;0
org.eclipse.jdt.internal.ui.text.java.JavaNoTypeCompletionProposalComputer;0;0
org.eclipse.jdt.internal.debug.ui.display.ClearDisplayAction;0;0
org.eclipse.jdt.internal.ui.launcher.ExecutionArgsPropertyPage;5;6712319
org.eclipse.ltk.internal.ui.refactoring.scripting.CreateRefactoringScriptWizard;0;0
org.eclipse.jdt.internal.ui.text.javadoc.LegacyJavadocCompletionProposalComputer;0;0
org.eclipse.ltk.internal.core.refactoring.history.RefactoringInstanceCreator;0;0
org.eclipse.jdt.internal.corext.refactoring.scripting.ExtractInterfaceRefactoringInstanceCreator;0;0
org.eclipse.jdt.internal.junit.runner.RerunExecutionListener;0;0
org.eclipse.jdt.internal.core.refactoring.text.ITextBufferChangeCreator;0;0
org.eclipse.jdt.internal.corext.refactoring.delegates.DelegateFieldCreator;1;1561880
org.eclipse.jdt.internal.ui.text.java.AbstractTemplateCompletionProposalComputer;0;0
org.eclipse.jdt.internal.ui.wizards.buildpaths.newsourcepage.CreateLinkedSourceFolderAction2;3;25087
org.eclipse.jdt.internal.ui.compare.JavaStructureCreator;3;7136410
org.eclipse.jdt.internal.corext.refactoring.scripting.RenameLocalVariableRefactoringInstanceCreator;0;0
org.eclipse.jdt.internal.corext.refactoring.util.NoCommentSourceRangeComputer;0;0
org.eclipse.jdt.internal.corext.refactoring.scripting.UseSupertypeRefactoringInstanceCreator;0;0
org.eclipse.ltk.internal.ui.refactoring.scripting.CreateRefactoringScriptWizardPage;0;0
org.eclipse.jdt.internal.ui.preferences.formatter.CreateProfileDialog;4;1494446
org.eclipse.jdt.internal.corext.refactoring.changes.CreatePackageChange;3;1899869
org.eclipse.jdt.internal.corext.refactoring.participants.ICreateParticipant;0;0
org.eclipse.ltk.internal.core.refactoring.history.IRefactoringInstanceCreator;0;0
org.eclipse.jdt.internal.ui.text.java.JavadocCompletionProposalComputer;0;0
org.eclipse.jdt.internal.debug.ui.display.DisplayAction;7;4768966
org.eclipse.jdt.internal.ui.refactoring.CompilationUnitChangeChildrenCreator;0;0
org.eclipse.jdt.internal.ui.javaeditor.SpecificContentAssistExecutor;0;0
org.eclipse.jdt.text.tests.performance.DisplayHelper;1;321722
org.eclipse.jdt.testplugin.util.DisplayHelper;0;0
org.eclipse.jdt.internal.ui.refactoring.RefactoringExecutionHelper;0;0
org.eclipse.ltk.core.refactoring.participants.CreateArguments;0;0
org.eclipse.jdt.internal.ui.text.java.JavaTemplateCompletionProposalComputer;0;0
org.eclipse.jdt.internal.corext.refactoring.genericize.AugmentRawTypesConstraintCreator2;0;0
org.eclipse.jdt.internal.ui.refactoring.actions.CreateRefactoringScriptAction;0;0
org.eclipse.jdt.internal.corext.refactoring.generics.InferTypeArgumentsConstraintCreator;0;0
org.eclipse.jdt.internal.corext.buildpath.CreateFolderOperation;0;0
org.eclipse.jdt.internal.corext.refactoring.scripting.PullUpRefactoringInstanceCreator;0;0
org.eclipse.jdt.internal.ui.compare.PropertiesStructureCreator;3;7136410
org.eclipse.jdt.internal.corext.refactoring.scripting.IntroduceParameterRefactoringInstanceCreator;0;0
org.eclipse.jdt.internal.debug.ui.display.DisplayMessages;0;0
org.eclipse.jdt.internal.ui.javaeditor.EditorDisplayAction;0;0
org.eclipse.jdt.internal.ui.refactoring.IChangeElementChildrenCreator;0;0
org.eclipse.jsp.launching.TomcatSourcePathComputer;0;0
org.eclipse.jdt.internal.corext.refactoring.util.TightSourceRangeComputer;0;0
org.eclipse.jdt.internal.corext.refactoring.typeconstraints.ExtractInterfaceConstraintCreator;0;0
org.eclipse.jdt.internal.corext.refactoring.delegates.DelegateMethodCreator;0;0
org.eclipse.jdt.internal.corext.refactoring.scripting.InlineConstantRefactoringInstanceCreator;0;0
org.eclipse.jdt.ui.actions.CreateNewConstructorAction;0;0
org.eclipse.jdt.internal.ui.compare.JavaStructureDiffViewerCreator;0;0
org.eclipse.jdt.internal.corext.refactoring.scripting.PushDownRefactoringInstanceCreator;0;0
org.eclipse.jdt.internal.corext.refactoring.participants.CreateExtensionManager;0;0
org.eclipse.jdt.internal.corext.codemanipulation.ImportRewriteComputer;0;0
org.eclipse.jdt.internal.corext.refactoring.scripting.SelfEncapsulateRefactoringInstanceCreator;0;0
org.eclipse.jdt.internal.ui.text.java.JavaAllCompletionProposalComputer;0;0
org.eclipse.jdt.internal.corext.refactoring.reorg.DeleteChangeCreator;15;23339093
org.eclipse.jdt.internal.ui.text.java.JavaTypeCompletionProposalComputer;0;0
org.eclipse.jdt.internal.corext.refactoring.scripting.InferTypeArgumentsRefactoringInstanceCreator;0;0
org.eclipse.jdt.internal.ui.text.java.CompletionProposalComputerDescriptor;0;0
org.eclipse.jdt.internal.corext.refactoring.scripting.RenameTypeRefactoringInstanceCreator;0;0
org.eclipse.jdt.internal.corext.refactoring.reorg.MoveCuUpdateCreator;6;5439193
org.eclipse.ltk.core.refactoring.participants.CreateParticipant;0;0
org.eclipse.jdt.internal.corext.refactoring.nls.changes.CreateTextFileChange;0;0
org.eclipse.jdt.internal.corext.refactoring.scripting.MoveMemberTypeRefactoringInstanceCreator;0;0
org.eclipse.jdt.internal.corext.refactoring.scripting.RenameTypeParameterRefactoringInstanceCreator;0;0
org.eclipse.jdt.internal.ui.compare.PropertiesFileMergeViewerCreator;0;0
org.eclipse.jdt.internal.ui.text.spelling.WordCompletionProposalComputer;0;0
org.eclipse.ltk.internal.ui.refactoring.actions.CreateRefactoringScriptAction;0;0
org.eclipse.jdt.internal.core.nls.changes.CreateTextFileChange;0;0
org.eclipse.jdt.internal.corext.refactoring.structure.constraints.SuperTypeConstraintsCreator;0;0
org.eclipse.jdt.internal.corext.refactoring.deprecation.CreateDeprecationScriptChange;0;0
org.eclipse.jdt.internal.ui.compare.PropertiesFileViewerCreator;0;0
org.eclipse.jdt.internal.corext.refactoring.changes.CreateCompilationUnitChange;0;0
org.eclipse.jdt.internal.nls.changes.CreateFileChange;0;0
org.eclipse.jdt.internal.corext.refactoring.text.ITextBufferChangeCreator;0;0
org.eclipse.jdt.internal.corext.refactoring.scripting.IntroduceFactoryRefactoringInstanceCreator;0;0
org.eclipse.jdt.internal.ui.text.java.TemplateCompletionProposalComputer;0;0
org.eclipse.jdt.internal.corext.refactoring.typeconstraints2.ConstraintCreator2;1;601237
org.eclipse.jdt.internal.junit.ui.FailureTableDisplay;0;0
org.eclipse.jdt.internal.corext.refactoring.scripting.ExtractTempRefactoringInstanceCreator;0;0
invalid.TestInterruptedExecutionFlow;0;0
org.eclipse.jdt.internal.corext.refactoring.scripting.InlineMethodRefactoringInstanceCreator;0;0
org.eclipse.ltk.core.refactoring.RefactoringInstanceCreator;0;0
org.eclipse.jdt.text.tests.performance.DisplayWaiter;0;0
org.eclipse.jdt.internal.corext.refactoring.reorg.LoggedCreateTargetQueries;0;0
org.eclipse.jdt.internal.ui.text.javadoc.JavadocCompletionProposalComputer;0;0
org.eclipse.jdt.internal.core.refactoring.CreateCompilationUnitChange;4;6447827
org.eclipse.jdt.internal.corext.refactoring.nls.changes.CreateFileChange;0;0
org.eclipse.jdt.internal.ui.wizards.buildpaths.newsourcepage.CreateSourceFolderAction2;3;25087
org.eclipse.jdt.internal.corext.refactoring.reorg.CreateCopyOfCompilationUnitChange;1;1118974
org.eclipse.jdt.internal.ui.text.java.ContentAssistComputerParameter;0;0
org.eclipse.jdt.internal.ui.jarpackager.CreateJarActionDelegate;0;0
org.eclipse.jdt.internal.corext.refactoring.scripting.RenamePackageRefactoringInstanceCreator;0;0
org.eclipse.jdt.internal.ui.text.java.SWTTemplateCompletionProposalComputer;2;93514
org.eclipse.jdt.internal.corext.refactoring.scripting.RenameCompilationUnitRefactoringInstanceCreator;0;0
org.eclipse.jdt.internal.ui.refactoring.reorg.CreateTargetQueries;0;0
org.eclipse.jdt.internal.corext.refactoring.scripting.ChangeMethodSignatureRefactoringInstanceCreator;0;0
org.eclipse.jdt.internal.junit.ui.ITraceDisplay;0;0
org.eclipse.jdt.internal.corext.refactoring.RefactoringExecutionStarter;0;0
org.eclipse.jdt.internal.ui.text.correction.SerialVersionComputer;0;0
org.eclipse.jdt.internal.corext.refactoring.scripting.RenameMethodRefactoringInstanceCreator;0;0
org.eclipse.jdt.internal.nls.changes.CreateTextFileChange;0;0
org.eclipse.jdt.internal.corext.refactoring.nls.AccessorClassCreator;0;0
org.eclipse.jdt.internal.core.refactoring.nls.changes.CreateFileChange;0;0
org.eclipse.jdt.internal.corext.refactoring.delegates.CreateDeprecationScriptChange;0;0
org.eclipse.jdt.internal.core.nls.changes.CreateFileChange;0;0
org.eclipse.jdt.internal.ui.snippeteditor.DisplayAction;3;7067384
org.eclipse.jdt.internal.corext.refactoring.util.SelectionAwareSourceRangeComputer;0;0
org.eclipse.ltk.core.refactoring.IRefactoringInstanceCreator;0;0
org.eclipse.jdt.internal.corext.refactoring.scripting.RenameResourceRefactoringInstanceCreator;0;0
org.eclipse.jdt.internal.corext.refactoring.scripting.RenameEnumConstRefactoringInstanceCreator;0;0
org.eclipse.jdt.internal.ui.text.java.JavaCompletionProposalComputer;22;97397719
org.eclipse.jdt.internal.ui.wizards.buildpaths.CreateMultipleSourceFoldersDialog;0;0
org.eclipse.jdt.internal.corext.refactoring.scripting.IntroduceIndirectionRefactoringInstanceCreator;0;0
org.eclipse.jdt.internal.corext.refactoring.generics.AugmentRawContClConstraintCreator;0;0
org.eclipse.jdt.internal.corext.refactoring.scripting.RenameSourceFolderRefactoringInstanceCreator;0;0
org.eclipse.ltk.internal.ui.refactoring.IChangeElementChildrenCreator;0;0
org.eclipse.jdt.internal.corext.refactoring.scripting.RenameFieldRefactoringInstanceCreator;0;0
org.eclipse.jdt.internal.corext.refactoring.scripting.ExtractConstantRefactoringInstanceCreator;0;0
org.eclipse.jdt.internal.corext.refactoring.deprecation.CreateDeprecationFixChange;0;0
org.eclipse.jdt.internal.ui.text.java.CompletionProposalComputerRegistry;0;0
org.eclipse.jdt.internal.corext.refactoring.scripting.ConvertAnonymousRefactoringInstanceCreator;0;0
org.eclipse.jdt.internal.corext.refactoring.scripting.MoveStaticMembersRefactoringInstanceCreator;0;0
org.eclipse.jdt.internal.corext.refactoring.reorg.ICreateTargetQueries;0;0
org.eclipse.gef4.internal.dot.GraphCreatorInterpreter;0;0
org.eclipse.gef4.graph.internal.dot.GraphCreatorInterpreter;0;0
org.eclipse.gef4.zest.internal.dot.GraphCreatorInterpreter;0;0
org.eclipse.gef4.dot.internal.dot.GraphCreatorInterpreter;0;0
org.eclipse.gef4.graphics.awt.DisplayGraphics;0;0
org.eclipse.jubula.client.ui.utils.DisplayableLanguages;0;0
org.apache.poi.hssf.record.formula.functions.Exec;0;0
org.eclipse.jubula.client.ui.controllers.propertysources.EventExecTestCaseGUIPropertySource;0;0
org.eclipse.jubula.client.ui.handlers.CreateNewProjectVersionHandler;0;0
org.eclipse.jubula.communication.message.EndTestExecutionResponseMessage;0;0
org.eclipse.jubula.client.core.rc.commands.AbstractPostExecutionCommand;0;0
org.eclipse.jubula.client.ui.rcp.handlers.CreateNewProjectVersionHandler;0;0
org.eclipse.jubula.app.testexec.batch.ExecutionController;0;0
org.eclipse.jubula.client.core.businessprocess.ITestExecutionEventListener;0;0
org.eclipse.jubula.client.core.model.NodeMaker;0;0
org.eclipse.jubula.client.alm.rc.CreateNewALMTask;0;0
org.eclipse.jubula.client.core.model.ExecTestCasePO;0;0
org.eclipse.jubula.client.ui.actions.CreateNewVersionAction;0;0
org.eclipse.jubula.client.core.model.PoMaker;0;0
org.eclipse.jubula.client.ui.handlers.CreateAutDefinitionHandler;0;0
org.eclipse.jubula.client.core.commands.EndTestExecutionResponseCommand;0;0
org.eclipse.jubula.client.core.rc.commands.IPostExecutionCommand;0;0
org.eclipse.jubula.client.ui.rcp.handlers.CreateAutDefinitionHandler;0;0
org.eclipse.jubula.app.cmd.batch.ExecutionController;0;0
org.eclipse.jubula.tools.utils.TestexecUtils;0;0
org.eclipse.jubula.app.testexec.TestexecClient;0;0
org.eclipse.jubula.client.core.persistence.IExecPersistable;0;0
org.eclipse.jubula.rc.javafx.util.concurrent.JBExecutors;0;0
org.eclipse.jubula.client.core.businessprocess.TestExecution;0;0
org.eclipse.jubula.client.core.model.ExecObjContPO;0;0
org.eclipse.jubula.client.core.utils.DBSchemaPropertyCreator;0;0
org.eclipse.jgit.api.StashCreateCommandTest;0;0
org.eclipse.jgit.storage.dht.spi.util.ExecutorTools;0;0
org.eclipse.core.tests.internal.registry.simple.DirectExtensionCreateTwoRegistries;0;0
org.eclipse.core.runtime.registry.IExecutableExtension;0;0
org.eclipse.core.tests.runtime.jobs.AsynchExecThread;0;0
org.eclipse.core.internal.plugins.ComputeNodeOrder;0;0
org.eclipse.e4.core.internal.tests.manual.ComputedValueLimitationTest;0;0
org.eclipse.core.tests.internal.registry.simple.XMLExtensionCreateEclipse;0;0
org.eclipse.core.runtime.IExecutableExtensionFactory;0;0
org.eclipse.recommenders.tests.internal.completion.rcp.subwords.SubwordsCompletionProposalComputerTest;0;0
org.eclipse.recommenders.tests.completion.rcp.subwords.SubwordsCompletionProposalComputerTest;0;0
org.eclipse.recommenders.utils.Executors;0;0
org.eclipse.recommenders.tests.rcp.codecompletion.templates.unit.TemplatesCompletionProposalComputerTest;0;0
org.eclipse.recommenders.tests.rcp.codecompletion.subwords.SubwordsCompletionProposalComputerTest;0;0
org.eclipse.recommenders.snipmatch.local.CreateIndexOperation;0;0
org.eclipse.recommenders.tests.completion.rcp.templates.TestingTemplateCompletionProposalComputer;0;0
scenarios.CreateAst;0;0
org.eclipse.recommenders.completion.rcp.processable.IntelligentCompletionProposalComputer;5;27201636
org.eclipse.recommenders.internal.completion.rcp.subwords.SubwordsCompletionProposalComputer;6;6855072
scenarios.CreateMarker;0;0
org.eclipse.recommenders.subwords.rcp.it.SubwordsCompletionProposalComputerIntegrationTest;0;0
org.eclipse.recommenders.internal.rcp.codecompletion.templates.unit.TemplatesCompletionProposalComputerTest;0;0
org.eclipse.recommenders.tests.completion.rcp.chain.TestingChainCompletionProposalComputer;0;0
org.eclipse.recommenders.internal.completion.rcp.templates.TemplatesCompletionProposalComputer;0;0
org.eclipse.recommenders.internal.completion.rcp.calls.engine.CallsCompletionProposalComputer;1;337515
org.eclipse.recommenders.internal.extdoc.rcp.scheduling.ProviderExecutionScheduler;1;80781
org.eclipse.recommenders.internal.commons.analysis.analyzers.JarFileModuleEntryFingerprintComputer;3;6239275
org.eclipse.recommenders.tests.completion.rcp.calls.CallCompletionProposalComputerSmokeTest;0;0
org.eclipse.tcf.te.tcf.filesystem.core.internal.operations.IOpExecutor;0;0
org.eclipse.tcf.te.runtime.concurrent.interfaces.IExecutor;0;0
org.eclipse.tcf.te.tcf.filesystem.ui.internal.operations.IOpExecutor;0;0
org.eclipse.tcf.te.runtime.stepper.extensions.ContextStepExecutor;0;0
org.eclipse.tm.te.ui.utils.DisplayUtil;0;0
org.eclipse.tcf.te.runtime.extensions.ExecutableExtension;0;0
org.eclipse.tm.internal.tcf.debug.ui.model.TCFNodeExecContext;19;63226424
org.eclipse.tcf.te.tcf.filesystem.internal.operations.FSCreateFile;0;0
org.eclipse.tcf.te.runtime.concurrent.Executors;0;0
org.eclipse.tcf.internal.cdt.ui.hover.ExpressionInformationControlCreator;0;0
org.eclipse.tcf.te.ui.internal.executors.SWTDisplayExecutorUtilDelegate;0;0
org.eclipse.tcf.te.launch.core.computers.SourcePathComputerDelegate;0;0
org.eclipse.tcf.te.runtime.concurrent.event.ExecutorThreadNotificationListener;0;0
org.eclipse.tcf.te.tcf.filesystem.internal.operations.FSCreateFolder;0;0
org.eclipse.tcf.debug.ui.ITCFSourceDisplay;0;0
org.eclipse.tcf.te.tcf.filesystem.core.internal.operations.JobExecutor;0;0
org.eclipse.tm.te.core.extensions.ExecutableExtension;0;0
org.eclipse.tcf.te.tcf.filesystem.core.internal.operations.OpCreate;0;0
org.eclipse.tcf.te.runtime.concurrent.interfaces.INestableExecutor;0;0
org.eclipse.tcf.internal.debug.ui.model.TCFNodeExecContext;0;0
org.eclipse.tcf.te.ui.swt.DisplayUtil;0;0
structure.FSCreate;0;0
org.eclipse.tm.te.core.extensions.ExecutableExtensionProxy;0;0
org.eclipse.tcf.te.tcf.filesystem.core.internal.operations.OpCreateRoot;0;0
org.eclipse.tcf.te.runtime.stepper.extensions.StepExecutor;0;0
org.eclipse.tcf.te.tcf.filesystem.ui.internal.operations.UiExecutor;0;0
org.eclipse.tcf.te.ui.internal.executors.SWTDisplayExecutor;0;0
org.eclipse.tcf.te.runtime.concurrent.executors.SingleThreadedExecutorService;0;0
org.eclipse.tcf.te.runtime.concurrent.util.ExecutorsUtil;0;0
org.eclipse.tcf.internal.debug.launch.TCFSourcePathComputerDelegate;0;0
org.eclipse.tm.internal.tcf.dsf.launch.TCFDSFExecuter;0;0
org.eclipse.tcf.te.tcf.filesystem.internal.operations.FSCreateRoot;0;0
com.windriver.debug.tcf.ui.model.TCFChildrenExecContext;1;3116807
org.eclipse.tcf.te.runtime.concurrent.executors.AbstractDelegatingExecutorService;0;0
org.eclipse.tcf.te.tcf.filesystem.core.internal.operations.OpCreateFile;0;0
org.eclipse.tcf.te.runtime.extensions.ExecutableExtensionProxy;0;0
org.eclipse.tcf.te.runtime.concurrent.interfaces.IExecutorUtilDelegate;0;0
org.eclipse.tcf.te.tcf.filesystem.internal.operations.FSCreate;0;0
org.eclipse.tm.internal.tcf.cdt.ui.hover.ExpressionInformationControlCreator;0;0
org.eclipse.tcf.te.tcf.ui.handler.ExecuteLastHistoryActionHandler;0;0
org.eclipse.tcf.te.tcf.filesystem.core.internal.operations.NullOpExecutor;0;0
org.eclipse.tcf.te.tcf.filesystem.core.internal.operations.OpCreateFolder;0;0
org.eclipse.tm.internal.tcf.debug.ui.model.TCFChildrenExecContext;0;0
org.eclipse.tcf.te.runtime.stepper.interfaces.IStepExecutor;0;0
org.eclipse.tcf.te.tcf.filesystem.ui.internal.operations.JobExecutor;0;0
org.eclipse.tm.internal.tcf.debug.launch.TCFSourcePathComputerDelegate;0;0
org.eclipse.tcf.te.runtime.concurrent.interfaces.ISingleThreadedExecutor;0;0
org.eclipse.tm.te.ui.swt.DisplayUtil;0;0
org.eclipse.core.internal.resources.ComputeProjectOrder;0;0
org.eclipse.hudson.war.Executable;1;55097
org.eclipse.jdt.internal.compiler.apt.model.ExecutableElementImpl;0;0
org.eclipse.jdt.internal.core.CreateFieldOperation;21;92421155
org.eclipse.jdt.internal.core.CreateElementInCUOperation;30;92421155
org.eclipse.jdt.core.NameComputer;0;0
org.eclipse.jdt.core.dom.rewrite.TargetSourceRangeComputer;0;0
org.eclipse.jdt.apt.core.internal.declaration.ExecutableUtil;0;0
org.eclipse.jdt.core.tests.model.CreateMembersTests;9;68770675
org.eclipse.jdt.internal.core.CreateTypeOperation;18;60567934
org.eclipse.pde.internal.core.ExecutionEnvironmentAnalyzer;9;11032444
org.eclipse.pde.internal.ui.launcher.SWTSourcePathComputer;0;0
org.eclipse.pde.internal.ui.correction.AddDefaultExecutionEnvironmentResolution;0;0
org.eclipse.pde.internal.ui.compare.PluginContentMergeViewerCreator;0;0
org.eclipse.pde.api.tools.ui.internal.completion.APIToolsJavadocCompletionProposalComputer;9;7882498
org.eclipse.pde.internal.ui.wizards.plugin.ClasspathComputer;0;0
org.eclipse.pde.internal.ui.wizards.feature.CreateFeatureProjectOperation;0;0
org.eclipse.pde.internal.ui.editor.contentassist.XMLElementProposalComputer;0;0
org.eclipse.pde.internal.ui.editor.contentassist.XMLInsertionComputer;0;0
org.eclipse.pde.internal.ui.wizards.feature.CreateFeaturePatchOperation;0;0
org.eclipse.pde.internal.ui.search.PluginGroupByKeyComputer;0;0
org.eclipse.pde.api.tools.ui.internal.refactoring.CreateFileChange;0;0
org.eclipse.pde.internal.core.ClasspathComputer;0;0
org.eclipse.pde.internal.core.text.bundle.ExecutionEnvironment;0;0
org.eclipse.pde.internal.ui.compare.XMLStructureViewerCreator;0;0
org.eclipse.pde.internal.ui.compare.PluginStructureViewerCreator;0;0
org.eclipse.pde.internal.ui.refactoring.CreateHeaderChangeOperation;0;0
org.eclipse.pde.internal.ui.editor.build.BuildExecutionEnvironmentSection;0;0
org.eclipse.pde.internal.ui.compare.ManifestContentMergeViewerCreator;0;0
org.eclipse.pde.internal.ui.compare.ManifestStructureMergeViewerCreator;0;0
org.eclipse.pde.internal.core.exports.ExecutionEnvironmentProfileManager;0;0
org.eclipse.pde.internal.ui.build.CreateAntBuildFileAction;0;0
org.eclipse.pde.internal.ui.editor.plugin.ExecutionEnvironmentSection;1;145963
org.eclipse.pde.internal.ui.compare.XMLContentMergeViewerCreator;0;0
org.eclipse.pde.internal.ui.compare.ManifestStructureCreator;0;0
org.eclipse.pde.ui.tests.util.TestBundleCreator;0;0
org.eclipse.pde.api.tools.internal.util.SDKTesterCreator;0;0
org.eclipse.pde.internal.ui.correction.CreateClassXMLResolution;0;0
org.eclipse.releng.tools.ShellMakeFile;5;102893552
org.eclipse.ocl.examples.codegen.cgmodel.CGExecutorOperationCallExp;0;0
org.eclipse.ocl.examples.library.executor.DomainExecutorFragment;0;0
org.eclipse.ocl.examples.library.executor.ExecutorStandardLibrary;12;24284193
org.eclipse.ocl.examples.build.utilities.QVToTransformationExecutor;0;0
org.eclipse.ocl.examples.codegen.cgmodel.CGExecutorCompositionProperty;0;0
org.eclipse.ocl.examples.codegen.cgmodel.CGExecutorOperation;0;0
org.eclipse.ocl.examples.library.executor.ExecutorProperty;16;40620723
org.eclipse.ocl.examples.debug.vm.launching.ExecutionContextImpl;0;0
org.eclipse.ocl.examples.codegen.cgmodel.CGExecutorProperty;0;0
org.eclipse.ocl.examples.debug.vm.srclookup.VMSourcePathComputer;0;0
org.eclipse.ocl.examples.xtext.markup.ui.MarkupExecutableExtensionFactory;0;0
org.eclipse.ocl.examples.library.executor.ExecutorTypeArgument;0;0
org.eclipse.ocl.examples.xtext.oclstdlib.ui.OCLstdlibExecutableExtensionFactory;0;0
org.eclipse.ocl.examples.xtext.essentialocl.ui.EssentialOCLExecutableExtensionFactory;0;0
org.eclipse.ocl.examples.xtext.oclinecore.ui.commands.CreateDynamicInstanceHandler;0;0
org.eclipse.ocl.examples.codegen.cgmodel.CGExecutorOppositeProperty;0;0
org.eclipse.ocl.examples.library.executor.ExecutorType;0;0
org.eclipse.ocl.examples.library.executor.ExecutorValueFactory;0;0
org.eclipse.ocl.examples.codegen.cgmodel.CGExecutorOppositePropertyCallExp;0;0
org.eclipse.ocl.examples.library.executor.ExecutorLambdaType;1;365423
org.eclipse.ocl.examples.pivot.executor.PivotExecutorFragment;0;0
org.eclipse.ocl.examples.codegen.cgmodel.CGExecutorType;0;0
org.eclipse.ocl.examples.library.executor.ExecutorFragment;0;0
org.eclipse.ocl.examples.library.executor.ExecutorSpecializedType;1;365423
org.eclipse.ocl.examples.codegen.cgmodel.CGComputedExp;0;0
org.eclipse.ocl.examples.library.ecore.EcoreExecutorInvalidType;0;0
org.eclipse.ocl.examples.codegen.cgmodel.CGExecutorConstructorPart;0;0
org.eclipse.ocl.examples.debug.vm.utils.VMInterruptedExecutionException;0;0
org.eclipse.ocl.examples.library.ecore.EcoreExecutorProperty;11;30429524
org.eclipse.ocl.examples.codegen.cgmodel.CGExecutorNavigationProperty;0;0
org.eclipse.ocl.examples.xtext.completeocl.ui.CompleteOCLExecutableExtensionFactory;0;0
org.eclipse.ocl.examples.codegen.cgmodel.CGExecutorPropertyCallExp;0;0
org.eclipse.ocl.examples.library.executor.ExecutorTypeParameter;1;365423
org.eclipse.ocl.examples.xtext.oclinecore.ui.OCLinEcoreExecutableExtensionFactory;0;0
org.eclipse.ocl.examples.library.ecore.EcoreExecutorVoidType;0;0
org.eclipse.ocl.examples.pivot.executor.PivotExecutorStandardLibrary;5;9307761
org.eclipse.ocl.examples.library.executor.ExecutorManager;15;62070659
org.eclipse.ocl.examples.library.executor.ExecutableStandardLibrary;14;31636770
org.eclipse.jdt.internal.launching.environments.ExecutionEnvironment;0;0
org.eclipse.jdt.internal.debug.ui.jres.ExecutionEnvironmentsPreferencePage;0;0
org.eclipse.jdt.internal.debug.ui.display.DisplayViewerConfiguration;1;262073
org.eclipse.jdt.internal.debug.ui.display.DisplayResultCollector;0;0
org.eclipse.jdt.launching.environments.IExecutionEnvironment;1;1040668
org.eclipse.jdt.internal.debug.ui.ExpressionInformationControlCreator;0;0
org.eclipse.jdt.internal.debug.ui.display.ClearDisplayAction;0;0
org.eclipse.jdt.launching.environments.IExecutionEnvironmentsManager;2;781705
org.eclipse.jdt.launching.environments.IExecutionEnvironmentAnalyzerDelegate;0;0
org.eclipse.jdt.internal.debug.ui.launcher.ExecutionEnvironmentSelector;0;0
org.eclipse.jdt.internal.debug.ui.display.DisplayAction;0;0
org.eclipse.jdt.debug.testplugin.TestSourcePathComputer;0;0
org.eclipse.jdt.internal.debug.ui.jres.ExecutionEnvironmentsLabelProvider;0;0
org.eclipse.jdt.internal.debug.ui.display.DataDisplay;0;0
org.eclipse.jdt.internal.debug.ui.display.DisplayViewContentAssistant;0;0
org.eclipse.jdt.launching.ExecutionArguments;0;0
org.eclipse.jdt.internal.debug.ui.display.DisplayView;13;9310436
org.eclipse.jdt.internal.debug.ui.display.DisplayMessages;0;0
org.eclipse.jdt.internal.debug.ui.CreateStepFilterDialog;0;0
org.eclipse.jdt.internal.launching.environments.ExecutionEnvironmentAnalyzer;0;0
org.eclipse.jdt.internal.debug.ui.actions.PopupDisplayAction;0;0
org.eclipse.jdt.internal.debug.ui.actions.DisplayAction;0;0
org.eclipse.jdt.launching.environments.IExecutionEnvironmentAnalyzer;0;0
org.eclipse.jdt.internal.launching.environments.ExecutionEnvironmentVariableResolver;0;0
org.eclipse.jdt.internal.debug.ui.display.IDisplayAction;0;0
org.eclipse.jdt.internal.debug.ui.display.DisplayCompletionProcessor;15;13288916
org.eclipse.jdt.internal.debug.ui.launcher.ExecutionArgsPropertyPage;0;0
org.eclipse.jdt.internal.debug.ui.snippeteditor.DisplayAction;0;0
org.eclipse.scout.rt.shared.security.CreateCustomColumnPermission;0;0
