artefactName;numberOfCommits;diffTime
org.eclipse.emf.cdo.tests.model2.Model2Package;17;60785911
org.eclipse.emf.cdo.tests.legacy.model2.Model2Package;5;46597064
org.eclipse.emf.cdo.tests.legacy.model4.model4Package;3;41237301
org.eclipse.emf.cdo.tests.model4.model4Package;12;47070521
org.eclipse.emf.cdo.releng.setup.SetupPackage;7;7944189
org.eclipse.emf.cdo.releng.doc.article.ArticlePackage;0;0
org.eclipse.linuxtools.internal.systemtap.ui.ide.editors.stp.STPDefaultCodeFormatterOptions;3;23919228
org.eclipse.swt.internal.motif.OS;86;78992538
org.eclipse.swt.internal.carbon.OS;58;18236987
org.eclipse.swt.internal.win32.OS;9;13936411
org.eclipse.swt.accessibility.AccessibleObject;66;209026840
org.eclipse.swt.internal.gtk.OS;207;49918015
org.eclipse.swt.graphics.TextLayout;43;2080642
org.eclipse.swt.tools.internal.JNIGeneratorAppUI;12;17649665
org.eclipse.swt.graphics.Image;169;88275562
org.eclipse.swt.examples.dnd.DNDExample;3;5982951
org.eclipse.osgi.framework.internal.core.FrameworkCommandProvider;3;7167390
org.eclipse.osgi.framework.internal.core.FilterImpl;0;0
org.eclipse.emf.java.JavaPackage;4;50944744
org.eclipse.emf.ecore.xcore.XcorePackage;0;0
org.eclipse.emf.codegen.ecore.templates.model.FactoryClass;23;55626996
org.eclipse.emf.ecore.util.BasicExtendedMetaData;17;36527583
org.eclipse.emf.codegen.ecore.genmodel.GenModelPackage;25;54172763
org.eclipse.emf.codegen.ecore.templates.model.ValidatorClass;2;2911455
org.eclipse.emf.test.core.ecore.BadEcoreDiagnosticTest;20;235617864
org.apache.lucene.demo.html.HTMLParserTokenManager;0;0
org.eclipse.emf.eef.eefnr.EefnrPackage;2;75787
org.eclipse.worldcupforecast.WorldcupforecastPackage;0;0
org.eclipse.jdt.internal.corext.dom.ASTNodeConstants;0;0
org.eclipse.jubula.JubulaPackage;0;0
org.eclipse.recommenders.tests.completion.rcp.chain.ChainCompletionScenariosTest;4;7874254
org.eclipse.jdt.internal.core.util.DefaultBytecodeVisitor;0;0
org.eclipse.ocl.uml.util.UMLSwitch;2;5257550
org.eclipse.ocl.examples.codegen.cgmodel.CGModelPackage;0;0
org.eclipse.ocl.ecore.util.EcoreSwitch;2;5258180
org.eclipse.ocl.examples.pivot.util.PivotSwitch;0;0
dataaccess.expressions.ExpressionsPackage;0;0
data.classes.ClassesPackage;0;0
org.eclipse.ocl.examples.xtext.oclinecore.oclinEcoreCST.OCLinEcoreCSTPackage;0;0
org.eclipse.ocl.internal.cst.util.CSTSwitch;3;8187266
org.eclipse.ocl.examples.xtext.completeocl.completeOCLCST.CompleteOCLCSTPackage;6;24762600
org.eclipse.ocl.examples.xtext.base.baseCST.util.BaseCSTSwitch;3;23038484
org.eclipse.ocl.examples.xtext.essentialocl.essentialoclcs.EssentialOCLCSPackage;0;0
org.eclipse.ocl.examples.xtext.essentialocl.essentialOCLCST.EssentialOCLCSTPackage;2;1724711
org.eclipse.scout.rt.shared.data.model.DataModelAttributeOp;0;0
